iso_code,continent,location,date,total_cases,new_cases,new_cases_smoothed,total_deaths,new_deaths,new_deaths_smoothed,total_cases_per_million,new_cases_per_million,new_cases_smoothed_per_million,total_deaths_per_million,new_deaths_per_million,new_deaths_smoothed_per_million,new_tests,total_tests,total_tests_per_thousand,new_tests_per_thousand,new_tests_smoothed,new_tests_smoothed_per_thousand,tests_per_case,positive_rate,tests_units,stringency_index,population,population_density,median_age,aged_65_older,aged_70_older,gdp_per_capita,extreme_poverty,cardiovasc_death_rate,diabetes_prevalence,female_smokers,male_smokers,handwashing_facilities,hospital_beds_per_thousand,life_expectancy,,,,,,,,,,
DEU,Europe,Germany,2020-03-15,3795,733,421.14,8,3,1.143,45.295,8.749,5.027,0.095,0.036,0.014,,252173,3.01,,18208,0.217,43.235,0.023,tests performed,32.87,83783945,237.016,46.6,21.453,15.957,45229.245,,156.139,8.31,28.2,33.1,,8,81.33,,,,,,,,,,
DEU,Europe,Germany,2020-03-16,4838,1043,562.29,12,4,1.714,57.744,12.449,6.711,0.143,0.048,0.02,,,,,22722,0.271,40.41,0.025,tests performed,42.13,83783945,237.016,46.6,21.453,15.957,45229.245,,156.139,8.31,28.2,33.1,,8,81.33,,,,,,,,,,
DEU,Europe,Germany,2020-03-17,6012,1174,696.14,13,1,1.571,71.756,14.012,8.309,0.155,0.012,0.019,,,,,27235,0.325,39.123,0.026,tests performed,42.13,83783945,237.016,46.6,21.453,15.957,45229.245,,156.139,8.31,28.2,33.1,,8,81.33,,,,,,,,,,
DEU,Europe,Germany,2020-03-18,7156,1144,837.14,13,0,1.571,85.41,13.654,9.992,0.155,0,0.019,,,,,31749,0.379,37.925,0.026,tests performed,52.31,83783945,237.016,46.6,21.453,15.957,45229.245,,156.139,8.31,28.2,33.1,,8,81.33,,,,,,,,,,
DEU,Europe,Germany,2020-03-19,8198,1042,947.29,13,0,1.429,97.847,12.437,11.306,0.155,0,0.017,,,,,36262,0.433,38.28,0.026,tests performed,55.09,83783945,237.016,46.6,21.453,15.957,45229.245,,156.139,8.31,28.2,33.1,,8,81.33,,,,,,,,,,
DEU,Europe,Germany,2020-03-20,14138,5940,1681.29,43,30,5.429,168.744,70.897,20.067,0.513,0.358,0.065,,,,,40776,0.487,24.253,0.041,tests performed,57.87,83783945,237.016,46.6,21.453,15.957,45229.245,,156.139,8.31,28.2,33.1,,8,81.33,,,,,,,,,,
DEU,Europe,Germany,2020-03-21,18187,4049,2160.71,45,2,5.714,217.07,48.327,25.789,0.537,0.024,0.068,,,,,45289,0.541,20.96,0.048,tests performed,68.06,83783945,237.016,46.6,21.453,15.957,45229.245,,156.139,8.31,28.2,33.1,,8,81.33,,,,,,,,,,
DEU,Europe,Germany,2020-03-22,21463,3276,2524.00,67,22,8.429,256.171,39.101,30.125,0.8,0.263,0.101,,600792,7.171,,49803,0.594,19.732,0.051,tests performed,76.85,83783945,237.016,46.6,21.453,15.957,45229.245,,156.139,8.31,28.2,33.1,,8,81.33,,,,,,,,,,
DEU,Europe,Germany,2020-03-23,24774,3311,2848.00,94,27,11.714,295.689,39.518,33.992,1.122,0.322,0.14,,,,,50066,0.598,17.579,0.057,tests performed,76.85,83783945,237.016,46.6,21.453,15.957,45229.245,,156.139,8.31,28.2,33.1,,8,81.33,,,,,,,,,,
DEU,Europe,Germany,2020-03-24,29212,4438,3314.29,126,32,16.143,348.659,52.97,39.558,1.504,0.382,0.193,,,,,50329,0.601,15.185,0.066,tests performed,76.85,83783945,237.016,46.6,21.453,15.957,45229.245,,156.139,8.31,28.2,33.1,,8,81.33,,,,,,,,,,
DEU,Europe,Germany,2020-03-25,31554,2342,3485.43,149,23,19.429,376.612,27.953,41.6,1.778,0.275,0.232,,,,,50592,0.604,14.515,0.069,tests performed,76.85,83783945,237.016,46.6,21.453,15.957,45229.245,,156.139,8.31,28.2,33.1,,8,81.33,,,,,,,,,,
DEU,Europe,Germany,2020-03-26,36508,4954,4044.29,198,49,26.429,435.74,59.128,48.27,2.363,0.585,0.315,,,,,50855,0.607,12.575,0.08,tests performed,76.85,83783945,237.016,46.6,21.453,15.957,45229.245,,156.139,8.31,28.2,33.1,,8,81.33,,,,,,,,,,
DEU,Europe,Germany,2020-03-27,42288,5780,4021.43,253,55,30.000,504.727,68.987,47.998,3.02,0.656,0.358,,,,,51119,0.61,12.712,0.079,tests performed,76.85,83783945,237.016,46.6,21.453,15.957,45229.245,,156.139,8.31,28.2,33.1,,8,81.33,,,,,,,,,,
DEU,Europe,Germany,2020-03-28,48582,6294,4342.14,325,72,40.000,579.849,75.122,51.825,3.879,0.859,0.477,,,,,51382,0.613,11.833,0.085,tests performed,76.85,83783945,237.016,46.6,21.453,15.957,45229.245,,156.139,8.31,28.2,33.1,,8,81.33,,,,,,,,,,
DEU,Europe,Germany,2020-03-29,52547,3965,4440.57,389,64,46.000,627.173,47.324,53,4.643,0.764,0.549,,962307,11.486,,51645,0.616,11.63,0.086,tests performed,76.85,83783945,237.016,46.6,21.453,15.957,45229.245,,156.139,8.31,28.2,33.1,,8,81.33,,,,,,,,,,
DEU,Europe,Germany,2020-03-30,57298,4751,4646.29,455,66,51.571,683.878,56.705,55.456,5.431,0.788,0.616,,,,,52601,0.628,11.321,0.088,tests performed,76.85,83783945,237.016,46.6,21.453,15.957,45229.245,,156.139,8.31,28.2,33.1,,8,81.33,,,,,,,,,,
DEU,Europe,Germany,2020-03-31,61913,4615,4671.57,583,128,65.286,738.96,55.082,55.757,6.958,1.528,0.779,,,,,53557,0.639,11.464,0.087,tests performed,76.85,83783945,237.016,46.6,21.453,15.957,45229.245,,156.139,8.31,28.2,33.1,,8,81.33,,,,,,,,,,
DEU,Europe,Germany,2020-04-01,67366,5453,5116.00,732,149,83.286,804.044,65.084,61.062,8.737,1.778,0.994,,,,,54512,0.651,10.655,0.094,tests performed,76.85,83783945,237.016,46.6,21.453,15.957,45229.245,,156.139,8.31,28.2,33.1,,8,81.33,,,,,,,,,,
DEU,Europe,Germany,2020-04-02,73522,6156,5287.71,872,140,96.286,877.519,73.475,63.111,10.408,1.671,1.149,,,,,55468,0.662,10.49,0.095,tests performed,76.85,83783945,237.016,46.6,21.453,15.957,45229.245,,156.139,8.31,28.2,33.1,,8,81.33,,,,,,,,,,
DEU,Europe,Germany,2020-04-03,79696,6174,5344.00,1017,145,109.143,951.208,73.69,63.783,12.138,1.731,1.303,,,,,56424,0.673,10.558,0.095,tests performed,76.85,83783945,237.016,46.6,21.453,15.957,45229.245,,156.139,8.31,28.2,33.1,,8,81.33,,,,,,,,,,
DEU,Europe,Germany,2020-04-04,85778,6082,5313.71,1158,141,119.000,1023.8,72.591,63.422,13.821,1.683,1.42,,,,,57380,0.685,10.798,0.093,tests performed,76.85,83783945,237.016,46.6,21.453,15.957,45229.245,,156.139,8.31,28.2,33.1,,8,81.33,,,,,,,,,,
DEU,Europe,Germany,2020-04-05,91714,5936,5595.29,1342,184,136.143,1094.649,70.849,66.782,16.017,2.196,1.625,,1370655,16.359,,58335,0.696,10.426,0.096,tests performed,76.85,83783945,237.016,46.6,21.453,15.957,45229.245,,156.139,8.31,28.2,33.1,,8,81.33,,,,,,,,,,
DEU,Europe,Germany,2020-04-06,95391,3677,5441.86,1434,92,139.857,1138.536,43.887,64.951,17.115,1.098,1.669,,,,,57761,0.689,10.614,0.094,tests performed,76.85,83783945,237.016,46.6,21.453,15.957,45229.245,,156.139,8.31,28.2,33.1,,8,81.33,,,,,,,,,,
DEU,Europe,Germany,2020-04-07,99225,3834,5330.29,1607,173,146.286,1184.296,45.761,63.619,19.18,2.065,1.746,,,,,57186,0.683,10.729,0.093,tests performed,76.85,83783945,237.016,46.6,21.453,15.957,45229.245,,156.139,8.31,28.2,33.1,,8,81.33,,,,,,,,,,
DEU,Europe,Germany,2020-04-08,103228,4003,5123.14,1861,254,161.286,1232.074,47.778,61.147,22.212,3.032,1.925,,,,,56612,0.676,11.05,0.09,tests performed,76.85,83783945,237.016,46.6,21.453,15.957,45229.245,,156.139,8.31,28.2,33.1,,8,81.33,,,,,,,,,,
DEU,Europe,Germany,2020-04-09,108202,4974,4954.29,2107,246,176.429,1291.441,59.367,59.132,25.148,2.936,2.106,,,,,56037,0.669,11.311,0.088,tests performed,76.85,83783945,237.016,46.6,21.453,15.957,45229.245,,156.139,8.31,28.2,33.1,,8,81.33,,,,,,,,,,
DEU,Europe,Germany,2020-04-10,113525,5323,4832.71,2373,266,193.714,1354.973,63.532,57.681,28.323,3.175,2.312,,,,,55463,0.662,11.477,0.087,tests performed,76.85,83783945,237.016,46.6,21.453,15.957,45229.245,,156.139,8.31,28.2,33.1,,8,81.33,,,,,,,,,,
DEU,Europe,Germany,2020-04-11,117658,4133,4554.29,2544,171,198.000,1404.302,49.329,54.357,30.364,2.041,2.363,,,,,54888,0.655,12.052,0.083,tests performed,76.85,83783945,237.016,46.6,21.453,15.957,45229.245,,156.139,8.31,28.2,33.1,,8,81.33,,,,,,,,,,
DEU,Europe,Germany,2020-04-12,120479,2821,4109.29,2673,129,190.143,1437.972,33.67,49.046,31.903,1.54,2.269,,1750852,20.897,,54314,0.648,13.217,0.076,tests performed,76.85,83783945,237.016,46.6,21.453,15.957,45229.245,,156.139,8.31,28.2,33.1,,8,81.33,,,,,,,,,,
DEU,Europe,Germany,2020-04-13,123016,2537,3946.43,2799,126,195.000,1468.253,30.28,47.102,33.407,1.504,2.327,,,,,53328,0.636,13.513,0.074,tests performed,76.85,83783945,237.016,46.6,21.453,15.957,45229.245,,156.139,8.31,28.2,33.1,,8,81.33,,,,,,,,,,
DEU,Europe,Germany,2020-04-14,125098,2082,3696.14,2969,170,194.571,1493.102,24.85,44.115,35.436,2.029,2.322,,,,,52343,0.625,14.162,0.071,tests performed,76.85,83783945,237.016,46.6,21.453,15.957,45229.245,,156.139,8.31,28.2,33.1,,8,81.33,,,,,,,,,,
DEU,Europe,Germany,2020-04-15,127584,2486,3479.43,3254,285,199.000,1522.774,29.672,41.529,38.838,3.402,2.375,,,,,51357,0.613,14.76,0.068,tests performed,76.85,83783945,237.016,46.6,21.453,15.957,45229.245,,156.139,8.31,28.2,33.1,,8,81.33,,,,,,,,,,
DEU,Europe,Germany,2020-04-16,130450,2866,3178.29,3569,315,208.857,1556.981,34.207,37.934,42.598,3.76,2.493,,,,,50371,0.601,15.848,0.063,tests performed,76.85,83783945,237.016,46.6,21.453,15.957,45229.245,,156.139,8.31,28.2,33.1,,8,81.33,,,,,,,,,,
DEU,Europe,Germany,2020-04-17,133830,3380,2900.71,3868,299,213.571,1597.323,40.342,34.621,46.166,3.569,2.549,,,,,49386,0.589,17.025,0.059,tests performed,76.85,83783945,237.016,46.6,21.453,15.957,45229.245,,156.139,8.31,28.2,33.1,,8,81.33,,,,,,,,,,
DEU,Europe,Germany,2020-04-18,137439,3609,2825.86,4110,242,223.714,1640.398,43.075,33.728,49.055,2.888,2.67,,,,,48400,0.578,17.128,0.058,tests performed,76.85,83783945,237.016,46.6,21.453,15.957,45229.245,,156.139,8.31,28.2,33.1,,8,81.33,,,,,,,,,,
DEU,Europe,Germany,2020-04-19,139897,2458,2774.00,4294,184,231.571,1669.735,29.337,33.109,51.251,2.196,2.764,,2082754,24.859,,47415,0.566,17.093,0.059,tests performed,76.85,83783945,237.016,46.6,21.453,15.957,45229.245,,156.139,8.31,28.2,33.1,,8,81.33,,,,,,,,,,
DEU,Europe,Germany,2020-04-20,141672,1775,2665.14,4404,110,229.286,1690.921,21.185,31.81,52.564,1.313,2.737,,,,,48067,0.574,18.035,0.055,tests performed,76.85,83783945,237.016,46.6,21.453,15.957,45229.245,,156.139,8.31,28.2,33.1,,8,81.33,,,,,,,,,,
DEU,Europe,Germany,2020-04-21,143457,1785,2622.71,4598,194,232.714,1712.225,21.305,31.303,54.879,2.315,2.778,,,,,48720,0.581,18.576,0.054,tests performed,76.85,83783945,237.016,46.6,21.453,15.957,45229.245,,156.139,8.31,28.2,33.1,,8,81.33,,,,,,,,,,
DEU,Europe,Germany,2020-04-22,145694,2237,2587.14,4879,281,232.143,1738.925,26.7,30.879,58.233,3.354,2.771,,,,,49373,0.589,19.084,0.052,tests performed,76.85,83783945,237.016,46.6,21.453,15.957,45229.245,,156.139,8.31,28.2,33.1,,8,81.33,,,,,,,,,,
DEU,Europe,Germany,2020-04-23,148046,2352,2513.71,5094,215,217.857,1766.997,28.072,30.002,60.799,2.566,2.6,,,,,50026,0.597,19.901,0.05,tests performed,76.85,83783945,237.016,46.6,21.453,15.957,45229.245,,156.139,8.31,28.2,33.1,,8,81.33,,,,,,,,,,
DEU,Europe,Germany,2020-04-24,150383,2337,2364.71,5321,227,207.571,1794.89,27.893,28.224,63.509,2.709,2.477,,,,,50679,0.605,21.431,0.047,tests performed,76.85,83783945,237.016,46.6,21.453,15.957,45229.245,,156.139,8.31,28.2,33.1,,8,81.33,,,,,,,,,,
DEU,Europe,Germany,2020-04-25,152438,2055,2142.71,5500,179,198.571,1819.418,24.527,25.574,65.645,2.136,2.37,,,,,51331,0.613,23.956,0.042,tests performed,76.85,83783945,237.016,46.6,21.453,15.957,45229.245,,156.139,8.31,28.2,33.1,,8,81.33,,,,,,,,,,
DEU,Europe,Germany,2020-04-26,154175,1737,2039.71,5640,140,192.286,1840.15,20.732,24.345,67.316,1.671,2.295,,2446644,29.202,,51984,0.62,25.486,0.039,tests performed,76.85,83783945,237.016,46.6,21.453,15.957,45229.245,,156.139,8.31,28.2,33.1,,8,81.33,,,,,,,,,,
DEU,Europe,Germany,2020-04-27,155193,1018,1931.57,5750,110,192.286,1852.3,12.15,23.054,68.629,1.313,2.295,,,,,51227,0.611,26.521,0.038,tests performed,76.85,83783945,237.016,46.6,21.453,15.957,45229.245,,156.139,8.31,28.2,33.1,,8,81.33,,,,,,,,,,
DEU,Europe,Germany,2020-04-28,156337,1144,1840.00,5913,163,187.857,1865.954,13.654,21.961,70.574,1.945,2.242,,,,,50470,0.602,27.429,0.036,tests performed,76.85,83783945,237.016,46.6,21.453,15.957,45229.245,,156.139,8.31,28.2,33.1,,8,81.33,,,,,,,,,,
DEU,Europe,Germany,2020-04-29,157641,1304,1706.71,6115,202,176.571,1881.518,15.564,20.37,72.985,2.411,2.107,,,,,49713,0.593,29.128,0.034,tests performed,76.85,83783945,237.016,46.6,21.453,15.957,45229.245,,156.139,8.31,28.2,33.1,,8,81.33,,,,,,,,,,
DEU,Europe,Germany,2020-04-30,159119,1478,1581.86,6288,173,170.571,1899.159,17.641,18.88,75.05,2.065,2.036,,,,,48956,0.584,30.948,0.032,tests performed,76.85,83783945,237.016,46.6,21.453,15.957,45229.245,,156.139,8.31,28.2,33.1,,8,81.33,,,,,,,,,,
DEU,Europe,Germany,2020-05-01,160758,1639,1482.14,6481,193,165.714,1918.721,19.562,17.69,77.354,2.304,1.978,,,,,48198,0.575,32.519,0.031,tests performed,76.85,83783945,237.016,46.6,21.453,15.957,45229.245,,156.139,8.31,28.2,33.1,,8,81.33,,,,,,,,,,
DEU,Europe,Germany,2020-05-02,161703,945,1323.57,6575,94,153.571,1930,11.279,15.797,78.476,1.122,1.833,,,,,47441,0.566,35.843,0.028,tests performed,76.85,83783945,237.016,46.6,21.453,15.957,45229.245,,156.139,8.31,28.2,33.1,,8,81.33,,,,,,,,,,
DEU,Europe,Germany,2020-05-03,162496,793,1188.71,6649,74,144.143,1939.465,9.465,14.188,79.359,0.883,1.72,,2773432,33.102,,46684,0.557,39.273,0.025,tests performed,75.46,83783945,237.016,46.6,21.453,15.957,45229.245,,156.139,8.31,28.2,33.1,,8,81.33,,,,,,,,,,
DEU,Europe,Germany,2020-05-04,163175,679,1140.29,6692,43,134.571,1947.569,8.104,13.61,79.872,0.513,1.606,,,,,48257,0.576,42.32,0.024,tests performed,71.76,83783945,237.016,46.6,21.453,15.957,45229.245,,156.139,8.31,28.2,33.1,,8,81.33,,,,,,,,,,
DEU,Europe,Germany,2020-05-05,163860,685,1074.71,6831,139,131.143,1955.745,8.176,12.827,81.531,1.659,1.565,,,,,49830,0.595,46.366,0.022,tests performed,71.76,83783945,237.016,46.6,21.453,15.957,45229.245,,156.139,8.31,28.2,33.1,,8,81.33,,,,,,,,,,
DEU,Europe,Germany,2020-05-06,164897,1037,1036.57,6996,165,125.857,1968.122,12.377,12.372,83.5,1.969,1.502,,,,,51404,0.614,49.59,0.02,tests performed,66.2,83783945,237.016,46.6,21.453,15.957,45229.245,,156.139,8.31,28.2,33.1,,8,81.33,,,,,,,,,,
DEU,Europe,Germany,2020-05-07,166091,1194,996.00,7119,123,118.714,1982.373,14.251,11.888,84.969,1.468,1.417,,,,,52977,0.632,53.19,0.019,tests performed,64.35,83783945,237.016,46.6,21.453,15.957,45229.245,,156.139,8.31,28.2,33.1,,8,81.33,,,,,,,,,,
DEU,Europe,Germany,2020-05-08,167300,1209,934.57,7266,147,112.143,1996.803,14.43,11.155,86.723,1.755,1.338,,,,,54550,0.651,58.369,0.017,tests performed,64.35,83783945,237.016,46.6,21.453,15.957,45229.245,,156.139,8.31,28.2,33.1,,8,81.33,,,,,,,,,,
DEU,Europe,Germany,2020-05-09,168551,1251,978.29,7369,103,113.429,2011.734,14.931,11.676,87.952,1.229,1.354,,,,,56123,0.67,57.369,0.017,tests performed,64.35,83783945,237.016,46.6,21.453,15.957,45229.245,,156.139,8.31,28.2,33.1,,8,81.33,,,,,,,,,,
DEU,Europe,Germany,2020-05-10,169218,667,960.29,7395,26,106.571,2019.695,7.961,11.461,88.263,0.31,1.272,,3177307,37.923,,57696,0.689,60.082,0.017,tests performed,64.35,83783945,237.016,46.6,21.453,15.957,45229.245,,156.139,8.31,28.2,33.1,,8,81.33,,,,,,,,,,
DEU,Europe,Germany,2020-05-11,169575,357,914.29,7417,22,103.571,2023.956,4.261,10.912,88.525,0.263,1.236,,,,,58284,0.696,63.748,0.016,tests performed,64.35,83783945,237.016,46.6,21.453,15.957,45229.245,,156.139,8.31,28.2,33.1,,8,81.33,,,,,,,,,,
DEU,Europe,Germany,2020-05-12,170508,933,949.71,7533,116,100.286,2035.092,11.136,11.335,89.91,1.385,1.197,,,,,58872,0.703,61.989,0.016,tests performed,64.35,83783945,237.016,46.6,21.453,15.957,45229.245,,156.139,8.31,28.2,33.1,,8,81.33,,,,,,,,,,
DEU,Europe,Germany,2020-05-13,171306,798,915.57,7634,101,91.143,2044.616,9.524,10.928,91.115,1.205,1.088,,,,,59459,0.71,64.942,0.015,tests performed,64.35,83783945,237.016,46.6,21.453,15.957,45229.245,,156.139,8.31,28.2,33.1,,8,81.33,,,,,,,,,,
DEU,Europe,Germany,2020-05-14,172239,933,878.29,7723,89,86.286,2055.752,11.136,10.483,92.178,1.062,1.03,,,,,60047,0.717,68.368,0.015,tests performed,64.35,83783945,237.016,46.6,21.453,15.957,45229.245,,156.139,8.31,28.2,33.1,,8,81.33,,,,,,,,,,
DEU,Europe,Germany,2020-05-15,173152,913,836.00,7824,101,79.714,2066.649,10.897,9.978,93.383,1.205,0.951,,,,,60634,0.724,72.529,0.014,tests performed,64.35,83783945,237.016,46.6,21.453,15.957,45229.245,,156.139,8.31,28.2,33.1,,8,81.33,,,,,,,,,,
DEU,Europe,Germany,2020-05-16,173772,620,745.86,7881,57,73.143,2074.049,7.4,8.902,94.063,0.68,0.873,,,,,61222,0.731,82.083,0.012,tests performed,61.57,83783945,237.016,46.6,21.453,15.957,45229.245,,156.139,8.31,28.2,33.1,,8,81.33,,,,,,,,,,
DEU,Europe,Germany,2020-05-17,174355,583,733.86,7914,33,74.143,2081.007,6.958,8.759,94.457,0.394,0.885,,3609973,43.087,,61809,0.738,84.225,0.012,tests performed,61.57,83783945,237.016,46.6,21.453,15.957,45229.245,,156.139,8.31,28.2,33.1,,8,81.33,,,,,,,,,,
DEU,Europe,Germany,2020-05-18,174697,342,731.71,7935,21,74.000,2085.089,4.082,8.733,94.708,0.251,0.883,,,,,60193,0.718,82.263,0.012,tests performed,61.57,83783945,237.016,46.6,21.453,15.957,45229.245,,156.139,8.31,28.2,33.1,,8,81.33,,,,,,,,,,
DEU,Europe,Germany,2020-05-19,175210,513,671.71,8007,72,67.714,2091.212,6.123,8.017,95.567,0.859,0.808,,,,,58577,0.699,87.205,0.011,tests performed,59.72,83783945,237.016,46.6,21.453,15.957,45229.245,,156.139,8.31,28.2,33.1,,8,81.33,,,,,,,,,,
DEU,Europe,Germany,2020-05-20,176007,797,671.57,8090,83,65.143,2100.725,9.513,8.016,96.558,0.991,0.778,,,,,56961,0.68,84.817,0.012,tests performed,59.72,83783945,237.016,46.6,21.453,15.957,45229.245,,156.139,8.31,28.2,33.1,,8,81.33,,,,,,,,,,
DEU,Europe,Germany,2020-05-21,176752,745,644.71,8147,57,60.571,2109.617,8.892,7.695,97.238,0.68,0.723,,,,,55344,0.661,85.843,0.012,tests performed,59.72,83783945,237.016,46.6,21.453,15.957,45229.245,,156.139,8.31,28.2,33.1,,8,81.33,,,,,,,,,,
DEU,Europe,Germany,2020-05-22,177212,460,580.00,8174,27,50.000,2115.107,5.49,6.923,97.56,0.322,0.597,,,,,53728,0.641,92.634,0.011,tests performed,59.72,83783945,237.016,46.6,21.453,15.957,45229.245,,156.139,8.31,28.2,33.1,,8,81.33,,,,,,,,,,
DEU,Europe,Germany,2020-05-23,177850,638,582.57,8216,42,47.857,2122.722,7.615,6.953,98.062,0.501,0.571,,,,,52112,0.622,89.452,0.011,tests performed,59.72,83783945,237.016,46.6,21.453,15.957,45229.245,,156.139,8.31,28.2,33.1,,8,81.33,,,,,,,,,,
DEU,Europe,Germany,2020-05-24,178281,431,560.86,8247,31,47.571,2127.866,5.144,6.694,98.432,0.37,0.568,,3963440,47.305,,50495,0.603,90.032,0.011,tests performed,59.72,83783945,237.016,46.6,21.453,15.957,45229.245,,156.139,8.31,28.2,33.1,,8,81.33,,,,,,,,,,
DEU,Europe,Germany,2020-05-25,178570,289,553.29,8257,10,46.000,2131.315,3.449,6.604,98.551,0.119,0.549,,,,,51552,0.615,93.174,0.011,tests performed,59.72,83783945,237.016,46.6,21.453,15.957,45229.245,,156.139,8.31,28.2,33.1,,8,81.33,,,,,,,,,,
DEU,Europe,Germany,2020-05-26,179002,432,541.71,8302,45,42.143,2136.471,5.156,6.466,99.088,0.537,0.503,,,,,52610,0.628,97.118,0.01,tests performed,59.72,83783945,237.016,46.6,21.453,15.957,45229.245,,156.139,8.31,28.2,33.1,,8,81.33,,,,,,,,,,
DEU,Europe,Germany,2020-05-27,179364,362,479.57,8349,47,37.000,2140.792,4.321,5.724,99.649,0.561,0.442,,,,,53667,0.641,111.906,0.009,tests performed,59.72,83783945,237.016,46.6,21.453,15.957,45229.245,,156.139,8.31,28.2,33.1,,8,81.33,,,,,,,,,,
DEU,Europe,Germany,2020-05-28,179717,353,423.57,8411,62,37.714,2145.005,4.213,5.056,100.389,0.74,0.45,,,,,54724,0.653,129.197,0.008,tests performed,59.72,83783945,237.016,46.6,21.453,15.957,45229.245,,156.139,8.31,28.2,33.1,,8,81.33,,,,,,,,,,
DEU,Europe,Germany,2020-05-29,180458,741,463.71,8450,39,39.429,2153.849,8.844,5.535,100.855,0.465,0.471,,,,,55781,0.666,120.292,0.008,tests performed,59.72,83783945,237.016,46.6,21.453,15.957,45229.245,,156.139,8.31,28.2,33.1,,8,81.33,,,,,,,,,,
DEU,Europe,Germany,2020-05-30,181196,738,478.00,8489,39,39.000,2162.658,8.808,5.705,101.32,0.465,0.465,,,,,56838,0.678,118.908,0.008,tests performed,59.72,83783945,237.016,46.6,21.453,15.957,45229.245,,156.139,8.31,28.2,33.1,,8,81.33,,,,,,,,,,
DEU,Europe,Germany,2020-05-31,181482,286,457.29,8500,11,36.143,2166.071,3.414,5.458,101.451,0.131,0.431,,4368709,52.143,,57896,0.691,126.608,0.008,tests performed,59.72,83783945,237.016,46.6,21.453,15.957,45229.245,,156.139,8.31,28.2,33.1,,8,81.33,,,,,,,,,,
DEU,Europe,Germany,2020-06-01,181815,333,463.57,8511,11,36.286,2170.046,3.975,5.533,101.583,0.131,0.433,,,,,56584,0.675,122.061,0.008,tests performed,59.72,83783945,237.016,46.6,21.453,15.957,45229.245,,156.139,8.31,28.2,33.1,,8,81.33,,,,,,,,,,
DEU,Europe,Germany,2020-06-02,182028,213,432.29,8522,11,31.429,2172.588,2.542,5.16,101.714,0.131,0.375,,,,,55272,0.66,127.86,0.008,tests performed,59.72,83783945,237.016,46.6,21.453,15.957,45229.245,,156.139,8.31,28.2,33.1,,8,81.33,,,,,,,,,,
DEU,Europe,Germany,2020-06-03,182370,342,429.43,8551,29,28.857,2176.67,4.082,5.125,102.06,0.346,0.344,,,,,53960,0.644,125.655,0.008,tests performed,59.72,83783945,237.016,46.6,21.453,15.957,45229.245,,156.139,8.31,28.2,33.1,,8,81.33,,,,,,,,,,
DEU,Europe,Germany,2020-06-04,182764,394,435.29,8581,30,24.286,2181.373,4.703,5.195,102.418,0.358,0.29,,,,,52648,0.628,120.95,0.008,tests performed,59.72,83783945,237.016,46.6,21.453,15.957,45229.245,,156.139,8.31,28.2,33.1,,8,81.33,,,,,,,,,,
DEU,Europe,Germany,2020-06-05,183271,507,401.86,8613,32,23.286,2187.424,6.051,4.796,102.8,0.382,0.278,,,,,51336,0.613,127.747,0.008,tests performed,59.72,83783945,237.016,46.6,21.453,15.957,45229.245,,156.139,8.31,28.2,33.1,,8,81.33,,,,,,,,,,
DEU,Europe,Germany,2020-06-06,183678,407,354.57,8646,33,22.429,2192.282,4.858,4.232,103.194,0.394,0.268,,,,,50024,0.597,141.083,0.007,tests performed,59.72,83783945,237.016,46.6,21.453,15.957,45229.245,,156.139,8.31,28.2,33.1,,8,81.33,,,,,,,,,,
DEU,Europe,Germany,2020-06-07,183979,301,356.71,8668,22,24.000,2195.874,3.593,4.258,103.457,0.263,0.286,,4709695,56.212,,48712,0.581,136.557,0.007,tests performed,59.72,83783945,237.016,46.6,21.453,15.957,45229.245,,156.139,8.31,28.2,33.1,,8,81.33,,,,,,,,,,
DEU,Europe,Germany,2020-06-08,184193,214,339.71,8674,6,23.286,2198.428,2.554,4.055,103.528,0.072,0.278,,,,,48420,0.578,142.532,0.007,tests performed,59.72,83783945,237.016,46.6,21.453,15.957,45229.245,,156.139,8.31,28.2,33.1,,8,81.33,,,,,,,,,,
DEU,Europe,Germany,2020-06-09,184543,350,359.29,8711,37,27.000,2202.606,4.177,4.288,103.97,0.442,0.322,,,,,48127,0.574,133.952,0.007,tests performed,59.72,83783945,237.016,46.6,21.453,15.957,45229.245,,156.139,8.31,28.2,33.1,,8,81.33,,,,,,,,,,
DEU,Europe,Germany,2020-06-10,184861,318,355.86,8729,18,25.429,2206.401,3.795,4.247,104.185,0.215,0.304,,,,,47834,0.571,134.419,0.007,tests performed,59.72,83783945,237.016,46.6,21.453,15.957,45229.245,,156.139,8.31,28.2,33.1,,8,81.33,,,,,,,,,,
DEU,Europe,Germany,2020-06-11,185416,555,378.86,8755,26,24.857,2213.025,6.624,4.522,104.495,0.31,0.297,,,,,47542,0.567,125.488,0.008,tests performed,59.72,83783945,237.016,46.6,21.453,15.957,45229.245,,156.139,8.31,28.2,33.1,,8,81.33,,,,,,,,,,
DEU,Europe,Germany,2020-06-12,185674,258,343.29,8763,8,21.429,2216.105,3.079,4.097,104.59,0.095,0.256,,,,,47249,0.564,137.638,0.007,tests performed,59.72,83783945,237.016,46.6,21.453,15.957,45229.245,,156.139,8.31,28.2,33.1,,8,81.33,,,,,,,,,,
DEU,Europe,Germany,2020-06-13,186022,348,334.86,8781,18,19.286,2220.258,4.154,3.997,104.805,0.215,0.23,,,,,46956,0.56,140.227,0.007,tests performed,59.72,83783945,237.016,46.6,21.453,15.957,45229.245,,156.139,8.31,28.2,33.1,,8,81.33,,,,,,,,,,
DEU,Europe,Germany,2020-06-14,186269,247,327.14,8787,6,17.000,2223.206,2.948,3.905,104.877,0.072,0.203,,5036340,60.111,,46664,0.557,142.641,0.007,tests performed,59.72,83783945,237.016,46.6,21.453,15.957,45229.245,,156.139,8.31,28.2,33.1,,8,81.33,,,,,,,,,,
DEU,Europe,Germany,2020-06-15,186461,192,324.00,8791,4,16.714,2225.498,2.292,3.867,104.925,0.048,0.199,,,,,47905,0.572,147.855,0.007,tests performed,59.72,83783945,237.016,46.6,21.453,15.957,45229.245,,156.139,8.31,28.2,33.1,,8,81.33,,,,,,,,,,
DEU,Europe,Germany,2020-06-16,186839,378,328.00,8800,9,12.714,2230.01,4.512,3.915,105.032,0.107,0.152,,,,,49147,0.587,149.838,0.007,tests performed,59.72,83783945,237.016,46.6,21.453,15.957,45229.245,,156.139,8.31,28.2,33.1,,8,81.33,,,,,,,,,,
DEU,Europe,Germany,2020-06-17,187184,345,331.86,8830,30,14.429,2234.127,4.118,3.961,105.39,0.358,0.172,,,,,50388,0.601,151.836,0.007,tests performed,59.72,83783945,237.016,46.6,21.453,15.957,45229.245,,156.139,8.31,28.2,33.1,,8,81.33,,,,,,,,,,
DEU,Europe,Germany,2020-06-18,187764,580,335.43,8856,26,14.429,2241.05,6.923,4.003,105.7,0.31,0.172,,,,,51630,0.616,153.922,0.006,tests performed,63.43,83783945,237.016,46.6,21.453,15.957,45229.245,,156.139,8.31,28.2,33.1,,8,81.33,,,,,,,,,,
DEU,Europe,Germany,2020-06-19,188534,770,408.57,8872,16,15.571,2250.24,9.19,4.876,105.891,0.191,0.186,,,,,52872,0.631,129.407,0.008,tests performed,63.43,83783945,237.016,46.6,21.453,15.957,45229.245,,156.139,8.31,28.2,33.1,,8,81.33,,,,,,,,,,
DEU,Europe,Germany,2020-06-20,189135,601,444.71,8882,10,14.429,2257.413,7.173,5.308,106.011,0.119,0.172,,,,,54113,0.646,121.68,0.008,tests performed,63.43,83783945,237.016,46.6,21.453,15.957,45229.245,,156.139,8.31,28.2,33.1,,8,81.33,,,,,,,,,,
DEU,Europe,Germany,2020-06-21,189822,687,507.57,8882,0,13.571,2265.613,8.2,6.058,106.011,0,0.162,,5423824,64.736,,55355,0.661,109.059,0.009,tests performed,63.43,83783945,237.016,46.6,21.453,15.957,45229.245,,156.139,8.31,28.2,33.1,,8,81.33,,,,,,,,,,
DEU,Europe,Germany,2020-06-22,190359,537,556.86,8885,3,13.429,2272.022,6.409,6.646,106.047,0.036,0.16,,,,,56967,0.68,102.301,0.01,tests performed,63.43,83783945,237.016,46.6,21.453,15.957,45229.245,,156.139,8.31,28.2,33.1,,8,81.33,,,,,,,,,,
DEU,Europe,Germany,2020-06-23,190862,503,574.71,8895,10,13.571,2278.026,6.004,6.859,106.166,0.119,0.162,,,,,58578,0.699,101.925,0.01,tests performed,63.43,83783945,237.016,46.6,21.453,15.957,45229.245,,156.139,8.31,28.2,33.1,,8,81.33,,,,,,,,,,
DEU,Europe,Germany,2020-06-24,191449,587,609.29,8914,19,12.000,2285.032,7.006,7.272,106.393,0.227,0.143,,,,,60190,0.718,98.788,0.01,tests performed,63.43,83783945,237.016,46.6,21.453,15.957,45229.245,,156.139,8.31,28.2,33.1,,8,81.33,,,,,,,,,,
DEU,Europe,Germany,2020-06-25,192079,630,616.43,8927,13,10.143,2292.551,7.519,7.357,106.548,0.155,0.121,,,,,61802,0.738,100.258,0.01,tests performed,63.43,83783945,237.016,46.6,21.453,15.957,45229.245,,156.139,8.31,28.2,33.1,,8,81.33,,,,,,,,,,
DEU,Europe,Germany,2020-06-26,192556,477,574.57,8948,21,10.857,2298.245,5.693,6.858,106.799,0.251,0.13,,,,,63414,0.757,110.367,0.009,tests performed,63.43,83783945,237.016,46.6,21.453,15.957,45229.245,,156.139,8.31,28.2,33.1,,8,81.33,,,,,,,,,,
DEU,Europe,Germany,2020-06-27,193243,687,586.86,8954,6,10.286,2306.444,8.2,7.004,106.87,0.072,0.123,,,,,65025,0.776,110.802,0.009,tests performed,63.43,83783945,237.016,46.6,21.453,15.957,45229.245,,156.139,8.31,28.2,33.1,,8,81.33,,,,,,,,,,
DEU,Europe,Germany,2020-06-28,193499,256,525.29,8957,3,10.714,2309.5,3.055,6.27,106.906,0.036,0.128,,5890283,70.303,,66637,0.795,126.859,0.008,tests performed,63.43,83783945,237.016,46.6,21.453,15.957,45229.245,,156.139,8.31,28.2,33.1,,8,81.33,,,,,,,,,,
DEU,Europe,Germany,2020-06-29,193761,262,486.00,8961,4,10.857,2312.627,3.127,5.801,106.954,0.048,0.13,,,,,67405,0.805,138.693,0.007,tests performed,63.43,83783945,237.016,46.6,21.453,15.957,45229.245,,156.139,8.31,28.2,33.1,,8,81.33,,,,,,,,,,
DEU,Europe,Germany,2020-06-30,194259,498,485.29,8973,12,11.143,2318.571,5.944,5.792,107.097,0.143,0.133,,,,,68173,0.814,140.48,0.007,tests performed,63.43,83783945,237.016,46.6,21.453,15.957,45229.245,,156.139,8.31,28.2,33.1,,8,81.33,,,,,,,,,,
DEU,Europe,Germany,2020-07-01,194725,466,468.00,8985,12,10.143,2324.133,5.562,5.586,107.24,0.143,0.121,,,,,68940,0.823,147.308,0.007,tests performed,63.43,83783945,237.016,46.6,21.453,15.957,45229.245,,156.139,8.31,28.2,33.1,,8,81.33,,,,,,,,,,
DEU,Europe,Germany,2020-07-02,195228,503,449.86,8994,9,9.571,2330.136,6.004,5.369,107.348,0.107,0.114,,,,,69708,0.832,154.956,0.006,tests performed,63.43,83783945,237.016,46.6,21.453,15.957,45229.245,,156.139,8.31,28.2,33.1,,8,81.33,,,,,,,,,,
DEU,Europe,Germany,2020-07-03,195674,446,445.43,9003,9,7.857,2335.459,5.323,5.316,107.455,0.107,0.094,,,,,70476,0.841,158.221,0.006,tests performed,63.43,83783945,237.016,46.6,21.453,15.957,45229.245,,156.139,8.31,28.2,33.1,,8,81.33,,,,,,,,,,
DEU,Europe,Germany,2020-07-04,196096,422,407.57,9010,7,8.000,2340.496,5.037,4.865,107.539,0.084,0.095,,,,,71244,0.85,174.801,0.006,tests performed,63.43,83783945,237.016,46.6,21.453,15.957,45229.245,,156.139,8.31,28.2,33.1,,8,81.33,,,,,,,,,,
DEU,Europe,Germany,2020-07-05,196335,239,405.14,9012,2,7.857,2343.349,2.853,4.836,107.562,0.024,0.094,,6394365,76.32,,72012,0.859,177.745,0.006,tests performed,63.43,83783945,237.016,46.6,21.453,15.957,45229.245,,156.139,8.31,28.2,33.1,,8,81.33,,,,,,,,,,
DEU,Europe,Germany,2020-07-06,196554,219,399.00,9016,4,7.857,2345.963,2.614,4.762,107.61,0.048,0.094,,,,,72135,0.861,180.789,0.006,tests performed,63.43,83783945,237.016,46.6,21.453,15.957,45229.245,,156.139,8.31,28.2,33.1,,8,81.33,,,,,,,,,,
DEU,Europe,Germany,2020-07-07,196944,390,383.57,9024,8,7.286,2350.617,4.655,4.578,107.706,0.095,0.087,,,,,72257,0.862,188.38,0.005,tests performed,55.09,83783945,237.016,46.6,21.453,15.957,45229.245,,156.139,8.31,28.2,33.1,,8,81.33,,,,,,,,,,
DEU,Europe,Germany,2020-07-08,197341,397,373.71,9036,12,7.286,2355.356,4.738,4.46,107.849,0.143,0.087,,,,,72380,0.864,193.677,0.005,tests performed,55.09,83783945,237.016,46.6,21.453,15.957,45229.245,,156.139,8.31,28.2,33.1,,8,81.33,,,,,,,,,,
DEU,Europe,Germany,2020-07-09,197783,442,365.00,9048,12,7.714,2360.631,5.275,4.356,107.992,0.143,0.092,,,,,72503,0.865,198.638,0.005,tests performed,55.09,83783945,237.016,46.6,21.453,15.957,45229.245,,156.139,8.31,28.2,33.1,,8,81.33,,,,,,,,,,
DEU,Europe,Germany,2020-07-10,198178,395,357.71,9054,6,7.286,2365.346,4.715,4.269,108.064,0.072,0.087,,,,,72626,0.867,203.028,0.005,tests performed,55.09,83783945,237.016,46.6,21.453,15.957,45229.245,,156.139,8.31,28.2,33.1,,8,81.33,,,,,,,,,,
DEU,Europe,Germany,2020-07-11,198556,378,351.43,9060,6,7.143,2369.857,4.512,4.194,108.135,0.072,0.085,,,,,72749,0.868,207.009,0.005,tests performed,55.09,83783945,237.016,46.6,21.453,15.957,45229.245,,156.139,8.31,28.2,33.1,,8,81.33,,,,,,,,,,
DEU,Europe,Germany,2020-07-12,198804,248,352.71,9063,3,7.286,2372.817,2.96,4.21,108.171,0.036,0.087,,6904468,82.408,,72872,0.87,206.603,0.005,tests performed,55.09,83783945,237.016,46.6,21.453,15.957,45229.245,,156.139,8.31,28.2,33.1,,8,81.33,,,,,,,,,,
DEU,Europe,Germany,2020-07-13,198963,159,344.14,9064,1,6.857,2374.715,1.898,4.108,108.183,0.012,0.082,,,,,73446,0.877,213.417,0.005,tests performed,55.09,83783945,237.016,46.6,21.453,15.957,45229.245,,156.139,8.31,28.2,33.1,,8,81.33,,,,,,,,,,
DEU,Europe,Germany,2020-07-14,199375,412,347.29,9068,4,6.286,2379.633,4.917,4.145,108.231,0.048,0.075,,,,,74020,0.883,213.139,0.005,tests performed,55.09,83783945,237.016,46.6,21.453,15.957,45229.245,,156.139,8.31,28.2,33.1,,8,81.33,,,,,,,,,,
DEU,Europe,Germany,2020-07-15,199726,351,340.71,9071,3,5.000,2383.822,4.189,4.067,108.267,0.036,0.06,,,,,74594,0.89,218.934,0.005,tests performed,55.09,83783945,237.016,46.6,21.453,15.957,45229.245,,156.139,8.31,28.2,33.1,,8,81.33,,,,,,,,,,
DEU,Europe,Germany,2020-07-16,200260,534,353.86,9078,7,4.286,2390.195,6.374,4.223,108.35,0.084,0.051,,,,,75168,0.897,212.425,0.005,tests performed,55.09,83783945,237.016,46.6,21.453,15.957,45229.245,,156.139,8.31,28.2,33.1,,8,81.33,,,,,,,,,,
DEU,Europe,Germany,2020-07-17,200843,583,380.71,9082,4,4.000,2397.154,6.958,4.544,108.398,0.048,0.048,,,,,75742,0.904,198.947,0.005,tests performed,55.09,83783945,237.016,46.6,21.453,15.957,45229.245,,156.139,8.31,28.2,33.1,,8,81.33,,,,,,,,,,
DEU,Europe,Germany,2020-07-18,201372,529,402.29,9083,1,3.286,2403.468,6.314,4.801,108.41,0.012,0.039,,,,,76316,0.911,189.706,0.005,tests performed,55.09,83783945,237.016,46.6,21.453,15.957,45229.245,,156.139,8.31,28.2,33.1,,8,81.33,,,,,,,,,,
DEU,Europe,Germany,2020-07-19,201574,202,395.71,9084,1,3.000,2405.879,2.411,4.723,108.422,0.012,0.036,,7442697,88.832,,76890,0.918,194.307,0.005,tests performed,55.09,83783945,237.016,46.6,21.453,15.957,45229.245,,156.139,8.31,28.2,33.1,,8,81.33,,,,,,,,,,
DEU,Europe,Germany,2020-07-20,201823,249,408.57,9086,2,3.143,2408.851,2.972,4.876,108.446,0.024,0.038,,,,,77553,0.926,189.815,0.005,tests performed,55.09,83783945,237.016,46.6,21.453,15.957,45229.245,,156.139,8.31,28.2,33.1,,8,81.33,,,,,,,,,,
DEU,Europe,Germany,2020-07-21,202345,522,424.29,9090,4,3.143,2415.081,6.23,5.064,108.493,0.048,0.038,,,,,78217,0.934,184.35,0.005,tests performed,55.09,83783945,237.016,46.6,21.453,15.957,45229.245,,156.139,8.31,28.2,33.1,,8,81.33,,,,,,,,,,
DEU,Europe,Germany,2020-07-22,202799,454,439.00,9095,5,3.429,2420.5,5.419,5.24,108.553,0.06,0.041,,,,,78881,0.941,179.683,0.006,tests performed,55.09,83783945,237.016,46.6,21.453,15.957,45229.245,,156.139,8.31,28.2,33.1,,8,81.33,,,,,,,,,,
DEU,Europe,Germany,2020-07-23,203368,569,444.00,9101,6,3.286,2427.291,6.791,5.299,108.625,0.072,0.039,,,,,79544,0.949,179.153,0.006,tests performed,55.09,83783945,237.016,46.6,21.453,15.957,45229.245,,156.139,8.31,28.2,33.1,,8,81.33,,,,,,,,,,
DEU,Europe,Germany,2020-07-24,204183,815,477.14,9111,10,4.143,2437.018,9.727,5.695,108.744,0.119,0.049,,,,,80208,0.957,168.101,0.006,tests performed,55.09,83783945,237.016,46.6,21.453,15.957,45229.245,,156.139,8.31,28.2,33.1,,8,81.33,,,,,,,,,,
DEU,Europe,Germany,2020-07-25,204964,781,513.14,9118,7,5.000,2446.34,9.322,6.125,108.828,0.084,0.06,,,,,80872,0.965,157.601,0.006,tests performed,55.09,83783945,237.016,46.6,21.453,15.957,45229.245,,156.139,8.31,28.2,33.1,,8,81.33,,,,,,,,,,
DEU,Europe,Germany,2020-07-26,205269,305,527.86,9118,0,4.857,2449.98,3.64,6.3,108.828,0,0.058,,8013443,95.644,,81535,0.973,154.464,0.006,tests performed,55.09,83783945,237.016,46.6,21.453,15.957,45229.245,,156.139,8.31,28.2,33.1,,8,81.33,,,,,,,,,,
DEU,Europe,Germany,2020-07-27,205609,340,540.86,9118,0,4.571,2454.038,4.058,6.455,108.828,0,0.055,,,,,81685,0.975,151.029,0.007,tests performed,55.09,83783945,237.016,46.6,21.453,15.957,45229.245,,156.139,8.31,28.2,33.1,,8,81.33,,,,,,,,,,
DEU,Europe,Germany,2020-07-28,206242,633,556.71,9122,4,4.571,2461.593,7.555,6.645,108.875,0.048,0.055,,,,,81835,0.977,146.996,0.007,tests performed,55.09,83783945,237.016,46.6,21.453,15.957,45229.245,,156.139,8.31,28.2,33.1,,8,81.33,,,,,,,,,,
DEU,Europe,Germany,2020-07-29,206926,684,589.57,9128,6,4.714,2469.757,8.164,7.037,108.947,0.072,0.056,,,,,81985,0.979,139.059,0.007,tests performed,55.09,83783945,237.016,46.6,21.453,15.957,45229.245,,156.139,8.31,28.2,33.1,,8,81.33,,,,,,,,,,
DEU,Europe,Germany,2020-07-30,207828,902,637.14,9134,6,4.714,2480.523,10.766,7.605,109.018,0.072,0.056,,,,,82135,0.98,128.911,0.008,tests performed,55.09,83783945,237.016,46.6,21.453,15.957,45229.245,,156.139,8.31,28.2,33.1,,8,81.33,,,,,,,,,,
DEU,Europe,Germany,2020-07-31,208698,870,645.00,9141,7,4.286,2490.907,10.384,7.698,109.102,0.084,0.051,,,,,82285,0.982,127.574,0.008,tests performed,57.87,83783945,237.016,46.6,21.453,15.957,45229.245,,156.139,8.31,28.2,33.1,,8,81.33,,,,,,,,,,
DEU,Europe,Germany,2020-08-01,209653,955,669.86,9141,0,3.286,2502.305,11.398,7.995,109.102,0,0.039,,,,,82436,0.984,123.065,0.008,tests performed,57.87,83783945,237.016,46.6,21.453,15.957,45229.245,,156.139,8.31,28.2,33.1,,8,81.33,,,,,,,,,,
DEU,Europe,Germany,2020-08-02,209893,240,660.57,9141,0,3.286,2505.17,2.865,7.884,109.102,0,0.039,,8591542,102.544,,82586,0.986,125.022,0.008,tests performed,57.87,83783945,237.016,46.6,21.453,15.957,45229.245,,156.139,8.31,28.2,33.1,,8,81.33,,,,,,,,,,
DEU,Europe,Germany,2020-08-03,210402,509,684.71,9148,7,4.286,2511.245,6.075,8.172,109.186,0.084,0.051,,,,,85692,1.023,125.15,0.008,tests performed,57.87,83783945,237.016,46.6,21.453,15.957,45229.245,,156.139,8.31,28.2,33.1,,8,81.33,,,,,,,,,,
DEU,Europe,Germany,2020-08-04,211281,879,719.86,9156,8,4.857,2521.736,10.491,8.592,109.281,0.095,0.058,,,,,88798,1.06,123.355,0.008,tests performed,57.87,83783945,237.016,46.6,21.453,15.957,45229.245,,156.139,8.31,28.2,33.1,,8,81.33,,,,,,,,,,
DEU,Europe,Germany,2020-08-05,212022,741,728.00,9168,12,5.714,2530.58,8.844,8.689,109.424,0.143,0.068,,,,,91904,1.097,126.242,0.008,tests performed,57.87,83783945,237.016,46.6,21.453,15.957,45229.245,,156.139,8.31,28.2,33.1,,8,81.33,,,,,,,,,,
DEU,Europe,Germany,2020-08-06,213762,1740,847.71,9175,7,5.857,2551.348,20.768,10.118,109.508,0.084,0.07,,,,,95010,1.134,112.078,0.009,tests performed,57.87,83783945,237.016,46.6,21.453,15.957,45229.245,,156.139,8.31,28.2,33.1,,8,81.33,,,,,,,,,,
DEU,Europe,Germany,2020-08-07,214926,1164,889.71,9183,8,6.000,2565.241,13.893,10.619,109.603,0.095,0.072,,,,,98116,1.171,110.278,0.009,tests performed,59.72,83783945,237.016,46.6,21.453,15.957,45229.245,,156.139,8.31,28.2,33.1,,8,81.33,,,,,,,,,,
DEU,Europe,Germany,2020-08-08,215921,995,895.43,9195,12,7.714,2577.117,11.876,10.687,109.747,0.143,0.092,,,,,101222,1.208,113.043,0.009,tests performed,56.94,83783945,237.016,46.6,21.453,15.957,45229.245,,156.139,8.31,28.2,33.1,,8,81.33,,,,,,,,,,
DEU,Europe,Germany,2020-08-09,216625,704,961.71,9196,1,7.857,2585.519,8.403,11.479,109.758,0.012,0.094,,9321842,111.26,,104329,1.245,108.482,0.009,tests performed,56.94,83783945,237.016,46.6,21.453,15.957,45229.245,,156.139,8.31,28.2,33.1,,8,81.33,,,,,,,,,,
DEU,Europe,Germany,2020-08-10,216942,317,934.29,9197,1,7.000,2589.303,3.784,11.151,109.77,0.012,0.084,,,,,107292,1.281,114.839,0.009,tests performed,56.94,83783945,237.016,46.6,21.453,15.957,45229.245,,156.139,8.31,28.2,33.1,,8,81.33,,,,,,,,,,
DEU,Europe,Germany,2020-08-11,218021,1079,962.86,9201,4,6.429,2602.181,12.878,11.492,109.818,0.048,0.077,,,,,110256,1.316,114.509,0.009,tests performed,56.94,83783945,237.016,46.6,21.453,15.957,45229.245,,156.139,8.31,28.2,33.1,,8,81.33,,,,,,,,,,
DEU,Europe,Germany,2020-08-12,219203,1182,1025.86,9207,6,5.571,2616.289,14.108,12.244,109.89,0.072,0.066,,,,,113220,1.351,110.366,0.009,tests performed,56.94,83783945,237.016,46.6,21.453,15.957,45229.245,,156.139,8.31,28.2,33.1,,8,81.33,,,,,,,,,,
DEU,Europe,Germany,2020-08-13,220724,1521,994.57,9211,4,5.143,2634.443,18.154,11.871,109.938,0.048,0.061,,,,,116184,1.387,116.818,0.009,tests performed,56.94,83783945,237.016,46.6,21.453,15.957,45229.245,,156.139,8.31,28.2,33.1,,8,81.33,,,,,,,,,,
DEU,Europe,Germany,2020-08-14,222176,1452,1035.71,9225,14,6.000,2651.773,17.33,12.362,110.105,0.167,0.072,,,,,119147,1.422,115.038,0.009,tests performed,56.94,83783945,237.016,46.6,21.453,15.957,45229.245,,156.139,8.31,28.2,33.1,,8,81.33,,,,,,,,,,
DEU,Europe,Germany,2020-08-15,223515,1339,1084.86,9231,6,5.143,2667.755,15.982,12.948,110.176,0.072,0.061,,,,,122111,1.457,112.56,0.009,tests performed,56.94,83783945,237.016,46.6,21.453,15.957,45229.245,,156.139,8.31,28.2,33.1,,8,81.33,,,,,,,,,,
DEU,Europe,Germany,2020-08-16,224233,718,1086.86,9231,0,5.000,2676.324,8.57,12.972,110.176,0,0.06,,10197366,121.71,,125075,1.493,115.08,0.009,tests performed,56.94,83783945,237.016,46.6,21.453,15.957,45229.245,,156.139,8.31,28.2,33.1,,8,81.33,,,,,,,,,,
DEU,Europe,Germany,2020-08-17,224714,481,1110.29,9232,1,5.000,2682.065,5.741,13.252,110.188,0.012,0.06,,,,,,,,,,56.94,83783945,237.016,46.6,21.453,15.957,45229.245,,156.139,8.31,28.2,33.1,,8,81.33,,,,,,,,,,
DEU,Europe,Germany,2020-08-18,226145,1431,1160.57,9232,0,4.429,2699.145,17.08,13.852,110.188,0,0.053,,,,,,,,,,56.94,83783945,237.016,46.6,21.453,15.957,45229.245,,156.139,8.31,28.2,33.1,,8,81.33,,,,,,,,,,
DEU,Europe,Germany,2020-08-19,226914,769,1101.57,9243,11,5.143,2708.323,9.178,13.148,110.319,0.131,0.061,,,,,,,,,,56.94,83783945,237.016,46.6,21.453,15.957,45229.245,,156.139,8.31,28.2,33.1,,8,81.33,,,,,,,,,,
DEU,Europe,Germany,2020-08-20,228621,1707,1128.14,9253,10,6.000,2728.697,20.374,13.465,110.439,0.119,0.072,,,,,,,,,,56.94,83783945,237.016,46.6,21.453,15.957,45229.245,,156.139,8.31,28.2,33.1,,8,81.33,,,,,,,,,,
DEU,Europe,Germany,2020-08-21,230948,2327,1253.14,9260,7,5.000,2756.471,27.774,14.957,110.522,0.084,0.06,,,,,,,,,,56.94,83783945,237.016,46.6,21.453,15.957,45229.245,,156.139,8.31,28.2,33.1,,8,81.33,,,,,,,,,,
DEU,Europe,Germany,2020-08-22,232082,1134,1223.86,9267,7,5.143,2770.006,13.535,14.607,110.606,0.084,0.061,,,,,,,,,,56.94,83783945,237.016,46.6,21.453,15.957,45229.245,,156.139,8.31,28.2,33.1,,8,81.33,,,,,,,,,,
DEU,Europe,Germany,2020-08-23,232864,782,1233.00,9269,2,5.429,2779.339,9.334,14.716,110.63,0.024,0.065,,,,,,,,,,56.94,83783945,237.016,46.6,21.453,15.957,45229.245,,156.139,8.31,28.2,33.1,,8,81.33,,,,,,,,,,
DEU,Europe,Germany,2020-08-24,233575,711,1265.86,9272,3,5.714,2787.825,8.486,15.109,110.666,0.036,0.068,,,,,,,,,,59.72,83783945,237.016,46.6,21.453,15.957,45229.245,,156.139,8.31,28.2,33.1,,8,81.33,,,,,,,,,,
DEU,Europe,Germany,2020-08-25,234853,1278,1244.00,9277,5,6.429,2803.079,15.254,14.848,110.725,0.06,0.077,,,,,,,,,,,83783945,237.016,46.6,21.453,15.957,45229.245,,156.139,8.31,28.2,33.1,,8,81.33,,,,,,,,,,
DEU,Europe,Germany,2020-08-26,236429,1576,1359.29,9280,3,5.286,2821.889,18.81,16.224,110.761,0.036,0.063,,,,,,,,,,59.72,83783945,237.016,46.6,21.453,15.957,45229.245,,156.139,8.31,28.2,33.1,,8,81.33,,,,,,,,,,
DEU,Europe,Germany,2020-08-27,237936,1507,1330.71,9285,5,4.571,2839.876,17.987,15.883,110.821,0.06,0.055,,,,,,,,,,,83783945,237.016,46.6,21.453,15.957,45229.245,,156.139,8.31,28.2,33.1,,8,81.33,,,,,,,,,,
DEU,Europe,Germany,2020-08-28,239507,1571,1222.71,9288,3,4.000,2858.626,18.751,14.594,110.857,0.036,0.048,,,,,,,,,,,83783945,237.016,46.6,21.453,15.957,45229.245,,156.139,8.31,28.2,33.1,,8,81.33,,,,,,,,,,
DEU,Europe,Germany,2020-08-29,240986,1479,1272.00,9289,1,3.143,2876.279,17.653,15.182,110.868,0.012,0.038,,,,,,,,,,,83783945,237.016,46.6,21.453,15.957,45229.245,,156.139,8.31,28.2,33.1,,8,81.33,,,,,,,,,,
DEU,Europe,Germany,2020-08-30,241771,785,1272.43,9295,6,3.714,2885.648,9.369,15.187,110.94,0.072,0.044,,,,,,,,,,,83783945,237.016,46.6,21.453,15.957,45229.245,,156.139,8.31,28.2,33.1,,8,81.33,,,,,,,,,,
DEU,Europe,Germany,2020-08-31,242381,610,1258.00,9298,3,3.714,2892.929,7.281,15.015,110.976,0.036,0.044,,,,,,,,,,,83783945,237.016,46.6,21.453,15.957,45229.245,,156.139,8.31,28.2,33.1,,8,81.33,,,,,,,,,,
DEU,Europe,Germany,2020-09-01,243599,1218,1249.43,9302,4,3.571,2907.466,14.537,14.913,111.024,0.048,0.043,,,,,,,,,,59.72,83783945,237.016,46.6,21.453,15.957,45229.245,,156.139,8.31,28.2,33.1,,8,81.33,,,,,,,,,,
DEU,Europe,Germany,2020-09-02,244855,1256,1203.71,9313,11,4.714,2922.457,14.991,14.367,111.155,0.131,0.056,,,,,,,,,,59.72,83783945,237.016,46.6,21.453,15.957,45229.245,,156.139,8.31,28.2,33.1,,8,81.33,,,,,,,,,,
DEU,Europe,Germany,2020-09-03,246116,1261,1168.57,9319,6,4.857,2937.508,15.051,13.947,111.227,0.072,0.058,,,,,,,,,,,83783945,237.016,46.6,21.453,15.957,45229.245,,156.139,8.31,28.2,33.1,,8,81.33,,,,,,,,,,
DEU,Europe,Germany,2020-09-04,246948,832,1063.00,9319,0,4.429,2947.438,9.93,12.687,111.227,0,0.053,,,,,,,,,,,83783945,237.016,46.6,21.453,15.957,45229.245,,156.139,8.31,28.2,33.1,,8,81.33,,,,,,,,,,
DEU,Europe,Germany,2020-09-05,248997,2049,1144.43,9324,5,5.000,2971.894,24.456,13.659,111.286,0.06,0.06,,,,,,,,,,,83783945,237.016,46.6,21.453,15.957,45229.245,,156.139,8.31,28.2,33.1,,8,81.33,,,,,,,,,,
DEU,Europe,Germany,2020-09-06,249985,988,1173.43,9325,1,4.286,2983.686,11.792,14.005,111.298,0.012,0.051,,,,,,,,,,,83783945,237.016,46.6,21.453,15.957,45229.245,,156.139,8.31,28.2,33.1,,8,81.33,,,,,,,,,,
DEU,Europe,Germany,2020-09-07,250799,814,1202.57,9325,0,3.857,2993.402,9.715,14.353,111.298,0,0.046,,,,,,,,,,,83783945,237.016,46.6,21.453,15.957,45229.245,,156.139,8.31,28.2,33.1,,8,81.33,,,,,,,,,,
DEU,Europe,Germany,2020-09-08,252298,1499,1242.71,9329,4,3.857,3011.293,17.891,14.832,111.346,0.048,0.046,,,,,,,,,,,83783945,237.016,46.6,21.453,15.957,45229.245,,156.139,8.31,28.2,33.1,,8,81.33,0.936,,,,,,,,,
DEU,Europe,Germany,2020-09-09,253474,1176,1231.29,9338,9,3.571,3025.329,14.036,14.696,111.453,0.107,0.043,,,,,,,,,,,83783945,237.016,46.6,21.453,15.957,45229.245,,156.139,8.31,28.2,33.1,,8,81.33,0.936,,,,,,,,,
DEU,Europe,Germany,2020-09-10,255366,1892,1314.29,9341,3,2.857,3047.911,22.582,15.687,111.489,0.036,0.034,,,,,,,,,,,83783945,237.016,46.6,21.453,15.957,45229.245,,156.139,8.31,28.2,33.1,,8,81.33,0.936,,,,,,,,,
DEU,Europe,Germany,2020-09-11,256850,1484,1318.71,9342,1,2.857,3065.623,17.712,15.739,111.501,0.012,0.034,,,,,,,,,,,83783945,237.016,46.6,21.453,15.957,45229.245,,156.139,8.31,28.2,33.1,,8,81.33,0.936,,,,,,,,,
DEU,Europe,Germany,2020-09-12,258480,1630,1354.71,9347,5,3.286,3085.078,19.455,16.169,111.561,0.06,0.039,,,,,,,,,,,83783945,237.016,46.6,21.453,15.957,45229.245,,156.139,8.31,28.2,33.1,,8,81.33,0.936,,,,,,,,,
DEU,Europe,Germany,2020-09-13,259428,948,1349.00,9349,2,3.429,3096.393,11.315,16.101,111.585,0.024,0.041,,,,,,,,,,,83783945,237.016,46.6,21.453,15.957,45229.245,,156.139,8.31,28.2,33.1,,8,81.33,0.936,,,,,,,,,
DEU,Europe,Germany,2020-09-14,260355,927,1365.14,9350,1,3.571,3107.457,11.064,16.294,111.597,0.012,0.043,,,,,,,,,,49.54,83783945,237.016,46.6,21.453,15.957,45229.245,,156.139,8.31,28.2,33.1,,8,81.33,0.936,,,,,,,,,
DEU,Europe,Germany,2020-09-15,261762,1407,1352.00,9362,12,4.714,3124.25,16.793,16.137,111.74,0.143,0.056,,,,,,,,,,,83783945,237.016,46.6,21.453,15.957,45229.245,,156.139,8.31,28.2,33.1,,8,81.33,0.936,,,,,,,,,
DEU,Europe,Germany,2020-09-16,263663,1901,1455.57,9368,6,4.286,3146.939,22.689,17.373,111.811,0.072,0.051,,,,,,,,,,,83783945,237.016,46.6,21.453,15.957,45229.245,,156.139,8.31,28.2,33.1,,8,81.33,0.936,,,,,,,,,
DEU,Europe,Germany,2020-09-17,265857,2194,1498.71,9371,3,4.286,3173.126,26.186,17.888,111.847,0.036,0.051,,,,,,,,,,,83783945,237.016,46.6,21.453,15.957,45229.245,,156.139,8.31,28.2,33.1,,8,81.33,0.936,,,,,,,,,
DEU,Europe,Germany,2020-09-18,267773,1916,1560.43,9378,7,5.143,3195.994,22.868,18.624,111.931,0.084,0.061,,,,,,,,,,,83783945,237.016,46.6,21.453,15.957,45229.245,,156.139,8.31,28.2,33.1,,8,81.33,0.936,,,,,,,,,
DEU,Europe,Germany,2020-09-19,270070,2297,1655.71,9384,6,5.286,3223.41,27.416,19.762,112.002,0.072,0.063,,,,,,,,,,,83783945,237.016,46.6,21.453,15.957,45229.245,,156.139,8.31,28.2,33.1,,8,81.33,0.936,,,,,,,,,
DEU,Europe,Germany,2020-09-20,271415,1345,1712.43,9386,2,5.286,3239.463,16.053,20.439,112.026,0.024,0.063,,,,,,,,,,,83783945,237.016,46.6,21.453,15.957,45229.245,,156.139,8.31,28.2,33.1,,8,81.33,0.936,,,,,,,,,
DEU,Europe,Germany,2020-09-21,272337,922,1711.71,9386,0,5.143,3250.468,11.004,20.43,112.026,0,0.061,,,,,,,,,,,83783945,237.016,46.6,21.453,15.957,45229.245,,156.139,8.31,28.2,33.1,,8,81.33,0.936,,,,,,,,,
DEU,Europe,Germany,2020-09-22,274158,1821,1770.86,9396,10,4.857,3272.202,21.734,21.136,112.146,0.119,0.058,,,,,,,,,,49.54,83783945,237.016,46.6,21.453,15.957,45229.245,,156.139,8.31,28.2,33.1,,8,81.33,0.936,,,,,,,,,
DEU,Europe,Germany,2020-09-23,275927,1769,1752.00,9409,13,5.857,3293.316,21.114,20.911,112.301,0.155,0.07,,,,,,,,,,49.54,83783945,237.016,46.6,21.453,15.957,45229.245,,156.139,8.31,28.2,33.1,,8,81.33,0.936,,,,,,,,,
DEU,Europe,Germany,2020-09-24,278070,2143,1744.71,9428,19,8.143,3318.894,25.578,20.824,112.528,0.227,0.097,,,,,,,,,,49.54,83783945,237.016,46.6,21.453,15.957,45229.245,,156.139,8.31,28.2,33.1,,8,81.33,0.936,,,,,,,,,
DEU,Europe,Germany,2020-09-25,280223,2153,1778.57,9443,15,9.286,3344.591,25.697,21.228,112.707,0.179,0.111,,,,,,,,,,,83783945,237.016,46.6,21.453,15.957,45229.245,,156.139,8.31,28.2,33.1,,8,81.33,0.936,,,,,,,,,
DEU,Europe,Germany,2020-09-26,282730,2507,1808.57,9452,9,9.714,3374.513,29.922,21.586,112.814,0.107,0.116,,,,,,,,,,,83783945,237.016,46.6,21.453,15.957,45229.245,,156.139,8.31,28.2,33.1,,8,81.33,0.936,,,,,,,,,
DEU,Europe,Germany,2020-09-27,284140,1410,1817.86,9457,5,10.143,3391.342,16.829,21.697,112.874,0.06,0.121,,,,,,,,,,,83783945,237.016,46.6,21.453,15.957,45229.245,,156.139,8.31,28.2,33.1,,8,81.33,0.936,,,,,,,,,
DEU,Europe,Germany,2020-09-28,285332,1192,1856.43,9460,3,10.571,3405.569,14.227,22.157,112.909,0.036,0.126,,,,,,,,,,,83783945,237.016,46.6,21.453,15.957,45229.245,,156.139,8.31,28.2,33.1,,8,81.33,0.936,,,,,,,,,
DEU,Europe,Germany,2020-09-29,287421,2089,1894.71,9471,11,10.714,3430.502,24.933,22.614,113.041,0.131,0.128,,,,,,,,,,,83783945,237.016,46.6,21.453,15.957,45229.245,,156.139,8.31,28.2,33.1,,8,81.33,0.936,,,,,,,,,
DEU,Europe,Germany,2020-09-30,289219,1798,1898.86,9488,17,11.286,3451.962,21.46,22.664,113.244,0.203,0.135,,,,,,,,,,,83783945,237.016,46.6,21.453,15.957,45229.245,,156.139,8.31,28.2,33.1,,8,81.33,0.936,,,,,,,,,
DEU,Europe,Germany,2020-10-01,291722,2503,1950.29,9500,12,10.286,3481.837,29.874,23.278,113.387,0.143,0.123,,,,,,,,,,,83783945,237.016,46.6,21.453,15.957,45229.245,,156.139,8.31,28.2,33.1,,8,81.33,0.936,,,,,,,,,
DEU,Europe,Germany,2020-10-02,294395,2673,2024.57,9508,8,9.286,3513.74,31.903,24.164,113.482,0.095,0.111,,,,,,,,,,,83783945,237.016,46.6,21.453,15.957,45229.245,,156.139,8.31,28.2,33.1,,8,81.33,0.936,,,,,,,,,
DEU,Europe,Germany,2020-10-03,296958,2563,2032.57,9527,19,10.714,3544.331,30.591,24.26,113.709,0.227,0.128,,,,,,,,,,,83783945,237.016,46.6,21.453,15.957,45229.245,,156.139,8.31,28.2,33.1,,8,81.33,0.936,,,,,,,,,
DEU,Europe,Germany,2020-10-04,299237,2279,2156.71,9529,2,10.286,3571.532,27.201,25.741,113.733,0.024,0.123,,,,,,,,,,,83783945,237.016,46.6,21.453,15.957,45229.245,,156.139,8.31,28.2,33.1,,8,81.33,0.936,,,,,,,,,
DEU,Europe,Germany,2020-10-05,300619,1382,2183.86,9534,5,10.571,3588.026,16.495,26.065,113.793,0.06,0.126,,,,,,,,,,,83783945,237.016,46.6,21.453,15.957,45229.245,,156.139,8.31,28.2,33.1,,8,81.33,0.936,,,,,,,,,
DEU,Europe,Germany,2020-10-06,303258,2639,2262.43,9546,12,10.714,3619.524,31.498,27.003,113.936,0.143,0.128,,,,,,,,,,,83783945,237.016,46.6,21.453,15.957,45229.245,,156.139,8.31,28.2,33.1,,8,81.33,0.936,,,,,,,,,
DEU,Europe,Germany,2020-10-07,306086,2828,2409.57,9562,16,10.571,3653.277,33.753,28.759,114.127,0.191,0.126,,,,,,,,,,,83783945,237.016,46.6,21.453,15.957,45229.245,,156.139,8.31,28.2,33.1,,8,81.33,0.936,,,,,,,,,
DEU,Europe,Germany,2020-10-08,310144,4058,2631.71,9578,16,11.143,3701.712,48.434,31.411,114.318,0.191,0.133,,,,,,,,,,,83783945,237.016,46.6,21.453,15.957,45229.245,,156.139,8.31,28.2,33.1,,8,81.33,0.936,,,,,,,,,
DEU,Europe,Germany,2020-10-09,314660,4516,2895.00,9589,11,11.571,3755.612,53.901,34.553,114.449,0.131,0.138,,,,,,,,,,,83783945,237.016,46.6,21.453,15.957,45229.245,,156.139,8.31,28.2,33.1,,8,81.33,0.936,,,,,,,,,
DEU,Europe,Germany,2020-10-10,319381,4721,3203.29,9604,15,11.000,3811.959,56.347,38.233,114.628,0.179,0.131,,,,,,,,,,,83783945,237.016,46.6,21.453,15.957,45229.245,,156.139,8.31,28.2,33.1,,8,81.33,0.936,,,,,,,,,
DEU,Europe,Germany,2020-10-11,322864,3483,3375.29,9615,11,12.286,3853.531,41.571,40.286,114.759,0.131,0.147,,,,,,,,,,,83783945,237.016,46.6,21.453,15.957,45229.245,,156.139,8.31,28.2,33.1,,8,81.33,0.936,,,,,,,,,
DEU,Europe,Germany,2020-10-12,325331,2467,3530.29,9621,6,12.429,3882.975,29.445,42.136,114.831,0.072,0.148,,,,,,,,,,,83783945,237.016,46.6,21.453,15.957,45229.245,,156.139,8.31,28.2,33.1,,8,81.33,0.936,,,,,,,,,
DEU,Europe,Germany,2020-10-13,329453,4122,3742.14,9634,13,12.571,3932.173,49.198,44.664,114.986,0.155,0.15,,,,,,,,,,,83783945,237.016,46.6,21.453,15.957,45229.245,,156.139,8.31,28.2,33.1,,8,81.33,0.936,,,,,,,,,
DEU,Europe,Germany,2020-10-14,334585,5132,4071.29,9677,43,16.429,3993.426,61.253,48.593,115.499,0.513,0.196,,,,,,,,,,,83783945,237.016,46.6,21.453,15.957,45229.245,,156.139,8.31,28.2,33.1,,8,81.33,0.936,,,,,,,,,
DEU,Europe,Germany,2020-10-15,341223,6638,4439.86,9710,33,18.857,4072.654,79.228,52.992,115.893,0.394,0.225,,,,,,,,,,,83783945,237.016,46.6,21.453,15.957,45229.245,,156.139,8.31,28.2,33.1,,8,81.33,0.936,,,,,,,,,
DEU,Europe,Germany,2020-10-16,348557,7334,4842.43,9734,24,20.714,4160.188,87.535,57.797,116.18,0.286,0.247,,,,,,,,,,,83783945,237.016,46.6,21.453,15.957,45229.245,,156.139,8.31,28.2,33.1,,8,81.33,0.936,,,,,,,,,
DEU,Europe,Germany,2020-10-17,356387,7830,5286.57,9767,33,23.286,4253.643,93.455,63.098,116.574,0.394,0.278,,,,,,,,,,,83783945,237.016,46.6,21.453,15.957,45229.245,,156.139,8.31,28.2,33.1,,8,81.33,0.936,,,,,,,,,
DEU,Europe,Germany,2020-10-18,361974,5587,5587.14,9777,10,23.143,4320.327,66.683,66.685,116.693,0.119,0.276,,,,,,,,,,,83783945,237.016,46.6,21.453,15.957,45229.245,,156.139,8.31,28.2,33.1,,8,81.33,0.936,,,,,,,,,
DEU,Europe,Germany,2020-10-19,366299,4325,5852.57,9789,12,24.000,4371.947,51.621,69.853,116.836,0.143,0.286,,,,,,,,,,,83783945,237.016,46.6,21.453,15.957,45229.245,,156.139,8.31,28.2,33.1,,8,81.33,0.936,,,,,,,,,
DEU,Europe,Germany,2020-10-20,373167,6868,6244.86,9836,47,28.857,4453.92,81.973,74.535,117.397,0.561,0.344,,,,,,,,,,46.76,83783945,237.016,46.6,21.453,15.957,45229.245,,156.139,8.31,28.2,33.1,,8,81.33,0.936,,,,,,,,,
DEU,Europe,Germany,2020-10-21,380762,7595,6596.71,9875,39,28.286,4544.57,90.65,78.735,117.863,0.465,0.338,,,,,,,,,,46.76,83783945,237.016,46.6,21.453,15.957,45229.245,,156.139,8.31,28.2,33.1,,8,81.33,0.936,,,,,,,,,
DEU,Europe,Germany,2020-10-22,392049,11287,7260.86,9905,30,27.857,4679.286,134.716,86.662,118.221,0.358,0.332,,,,,,,,,,,83783945,237.016,46.6,21.453,15.957,45229.245,,156.139,8.31,28.2,33.1,,8,81.33,0.936,,,,,,,,,
DEU,Europe,Germany,2020-10-23,403291,11242,7819.14,9954,49,31.429,4813.464,134.178,93.325,118.806,0.585,0.375,,,,,,,,,,,83783945,237.016,46.6,21.453,15.957,45229.245,,156.139,8.31,28.2,33.1,,8,81.33,0.936,,,,,,,,,
DEU,Europe,Germany,2020-10-24,418005,14714,8802.57,10003,49,33.714,4989.082,175.618,105.063,119.39,0.585,0.402,,,,,,,,,,,83783945,237.016,46.6,21.453,15.957,45229.245,,156.139,8.31,28.2,33.1,,8,81.33,0.936,,,,,,,,,
DEU,Europe,Germany,2020-10-25,429181,11176,9601.00,10032,29,36.429,5122.473,133.391,114.592,119.737,0.346,0.435,,,,,,,,,,,83783945,237.016,46.6,21.453,15.957,45229.245,,156.139,8.31,28.2,33.1,,8,81.33,0.936,,,,,,,,,
DEU,Europe,Germany,2020-10-26,437866,8685,10223.86,10056,24,38.143,5226.133,103.659,122.026,120.023,0.286,0.455,,,,,,,,,,,83783945,237.016,46.6,21.453,15.957,45229.245,,156.139,8.31,28.2,33.1,,8,81.33,0.936,,,,,,,,,
DEU,Europe,Germany,2020-10-27,449275,11409,10872.57,10098,42,37.429,5362.304,136.172,129.769,120.524,0.501,0.447,,,,,,,,,,,,,,,,,,46.76,83783945,237.016,46.6,21.453,15.957,45229.245,,156.139,8.31,28.2,33.1,,8,81.33,0.936,
DEU,Europe,Germany,2020-10-28,464239,14964,11925.29,10183,85,44.000,5540.906,178.602,142.334,121.539,1.015,0.525,,,,,,,,,,,,,,,,,,46.76,83783945,237.016,46.6,21.453,15.957,45229.245,,156.139,8.31,28.2,33.1,,8,81.33,0.936,
DEU,Europe,Germany,2020-10-29,481013,16774,12709.14,10272,89,52.429,5741.112,200.205,151.689,122.601,1.062,0.626,,,,,,,,,,,,,,,,,,46.76,83783945,237.016,46.6,21.453,15.957,45229.245,,156.139,8.31,28.2,33.1,,8,81.33,0.936,
DEU,Europe,Germany,2020-10-30,499694,18681,13771.86,10349,77,56.429,5964.078,222.966,164.373,123.52,0.919,0.674,,,,,,,,,,,,,,,,,,,83783945,237.016,46.6,21.453,15.957,45229.245,,156.139,8.31,28.2,33.1,,8,81.33,0.936,
DEU,Europe,Germany,2020-10-31,518753,19059,14392.57,10452,103,64.143,6191.556,227.478,171.782,124.749,1.229,0.766,,,,,,,,,,,,,,,,,,,83783945,237.016,46.6,21.453,15.957,45229.245,,156.139,8.31,28.2,33.1,,8,81.33,0.936,
DEU,Europe,Germany,2020-11-01,532930,14177,14821.29,10481,29,64.143,6360.765,169.209,176.899,125.096,0.346,0.766,,,,,,,,,,,,,,,,,,,83783945,237.016,46.6,21.453,15.957,45229.245,,156.139,8.31,28.2,33.1,,8,81.33,0.936,
DEU,Europe,Germany,2020-11-02,545027,12097,15308.71,10530,49,67.714,6505.148,144.383,182.717,125.68,0.585,0.808,,,,,,,,,,,,,,,,,,,83783945,237.016,46.6,21.453,15.957,45229.245,,156.139,8.31,28.2,33.1,,8,81.33,0.936,
DEU,Europe,Germany,2020-11-03,560379,15352,15872.00,10661,131,80.429,6688.382,183.233,189.44,127.244,1.564,0.96,,,,,,,,,,,,,,,,,,59.26,83783945,237.016,46.6,21.453,15.957,45229.245,,156.139,8.31,28.2,33.1,,8,81.33,0.936,
DEU,Europe,Germany,2020-11-04,577593,17214,16193.43,10812,151,89.857,6893.839,205.457,193.276,129.046,1.802,1.072,,,,,,,,,,,,,,,,,,59.26,83783945,237.016,46.6,21.453,15.957,45229.245,,156.139,8.31,28.2,33.1,,8,81.33,0.936,
DEU,Europe,Germany,2020-11-05,597583,19990,16652.86,10930,118,94.000,7132.429,238.59,198.76,130.455,1.408,1.122,,,,,,,,,,,,,,,,,,59.26,83783945,237.016,46.6,21.453,15.957,45229.245,,156.139,8.31,28.2,33.1,,8,81.33,0.936,
DEU,Europe,Germany,2020-11-06,619089,21506,17056.43,11096,166,106.714,7389.113,256.684,203.576,132.436,1.981,1.274,,,,,,,,,,,,,,,,,,,83783945,237.016,46.6,21.453,15.957,45229.245,,156.139,8.31,28.2,33.1,,8,81.33,0.936,
DEU,Europe,Germany,2020-11-07,642488,23399,17676.43,11226,130,110.571,7668.39,279.278,210.976,133.987,1.552,1.32,,,,,,,,,,,,,,,,,,,83783945,237.016,46.6,21.453,15.957,45229.245,,156.139,8.31,28.2,33.1,,8,81.33,0.936,
DEU,Europe,Germany,2020-11-08,658505,16017,17939.29,11289,63,115.429,7859.561,191.17,214.114,134.739,0.752,1.378,,,,,,,,,,,,,,,,,,59.26,83783945,237.016,46.6,21.453,15.957,45229.245,,156.139,8.31,28.2,33.1,,8,81.33,0.936,
DEU,Europe,Germany,2020-11-09,671868,13363,18120.14,11352,63,117.429,8019.054,159.494,216.272,135.491,0.752,1.402,,,,,,,,,,,,,,,,,,59.26,83783945,237.016,46.6,21.453,15.957,45229.245,,156.139,8.31,28.2,33.1,,8,81.33,0.936,
DEU,Europe,Germany,2020-11-10,687200,15332,18117.29,11506,154,120.714,8202.049,182.994,216.238,137.329,1.838,1.441,,,,,,,,,,,,,,,,,,,83783945,237.016,46.6,21.453,15.957,45229.245,,156.139,8.31,28.2,33.1,,8,81.33,0.936,
DEU,Europe,Germany,2020-11-11,705687,18487,18299.14,11767,261,136.429,8422.7,220.651,218.409,140.445,3.115,1.628,,,,,,,,,,,,,,,,,,,83783945,237.016,46.6,21.453,15.957,45229.245,,156.139,8.31,28.2,33.1,,8,81.33,0.936,
DEU,Europe,Germany,2020-11-12,727553,21866,18567.14,11982,215,150.286,8683.68,260.981,221.607,143.011,2.566,1.794,,,,,,,,,,,,,,,,,,,,83783945,237.016,46.6,21.453,15.957,45229.245,,156.139,8.31,28.2,33.1,,8,81.33,0.936
DEU,Europe,Germany,2020-11-13,751095,23542,18858.00,12200,218,157.714,8964.665,280.985,225.079,145.613,2.602,1.882,,,,,,,,,,,,,,,,,,,,83783945,237.016,46.6,21.453,15.957,45229.245,,156.139,8.31,28.2,33.1,,8,81.33,0.936
DEU,Europe,Germany,2020-11-14,773556,22461,18724.00,12378,178,164.571,9232.747,268.082,223.48,147.737,2.125,1.964,,,,,,,,,,,,,,,,,,,,83783945,237.016,46.6,21.453,15.957,45229.245,,156.139,8.31,28.2,33.1,,8,81.33,0.936
DEU,Europe,Germany,2020-11-15,790503,16947,18856.86,12485,107,170.857,9435.018,202.27,225.065,149.014,1.277,2.039,,,,,,,,,,,,,,,,,,,,83783945,237.016,46.6,21.453,15.957,45229.245,,156.139,8.31,28.2,33.1,,8,81.33,0.936
DEU,Europe,Germany,2020-11-16,801327,10824,18494.14,12547,62,170.714,9564.207,129.189,220.736,149.754,0.74,2.038,,,,,,,,,,,,,,,,,,,,83783945,237.016,46.6,21.453,15.957,45229.245,,156.139,8.31,28.2,33.1,,8,81.33,0.936
DEU,Europe,Germany,2020-11-17,815746,14419,18363.71,12814,267,186.857,9736.304,172.097,219.179,152.941,3.187,2.23,,,,,,,,,,,,,,,,,,,,83783945,237.016,46.6,21.453,15.957,45229.245,,156.139,8.31,28.2,33.1,,8,81.33,0.936
DEU,Europe,Germany,2020-11-18,833307,17561,18231.43,13119,305,193.143,9945.903,209.599,217.601,156.581,3.64,2.305,,,,,,,,,,,,,,,,,,,,83783945,237.016,46.6,21.453,15.957,45229.245,,156.139,8.31,28.2,33.1,,8,81.33,0.936
DEU,Europe,Germany,2020-11-19,855916,22609,18337.57,13370,251,198.286,10215.752,269.849,218.867,159.577,2.996,2.367,,,,,,,,,,,,,,,,,,,,83783945,237.016,46.6,21.453,15.957,45229.245,,156.139,8.31,28.2,33.1,,8,81.33,0.936
DEU,Europe,Germany,2020-11-20,879564,23648,18352.71,13630,260,204.286,10498.002,282.25,219.048,162.68,3.103,2.438,,,,,,,,,,,,,,,,,,,,83783945,237.016,46.6,21.453,15.957,45229.245,,156.139,8.31,28.2,33.1,,8,81.33,0.936
DEU,Europe,Germany,2020-11-21,902528,22964,18424.57,13884,254,215.143,10772.088,274.086,219.906,165.712,3.032,2.568,,,,,,,,,,,,,,,,,,,,83783945,237.016,46.6,21.453,15.957,45229.245,,156.139,8.31,28.2,33.1,,8,81.33,0.936
DEU,Europe,Germany,2020-11-22,918269,15741,18252.29,14022,138,219.571,10959.964,187.876,217.849,167.359,1.647,2.621,,,,,,,,,,,,,,,,,,,,83783945,237.016,46.6,21.453,15.957,45229.245,,156.139,8.31,28.2,33.1,,8,81.33,0.936
DEU,Europe,Germany,2020-11-23,929133,10864,18258.00,14112,90,223.571,11089.631,129.667,217.918,168.433,1.074,2.668,,,,,,,,,,,,,,,,,,,,83783945,237.016,46.6,21.453,15.957,45229.245,,156.139,8.31,28.2,33.1,,8,81.33,0.936
DEU,Europe,Germany,2020-11-24,942687,13554,18134.43,14361,249,221.000,11251.404,161.773,216.443,171.405,2.972,2.638,,,,,,,,,,,,,,,,,,,,83783945,237.016,46.6,21.453,15.957,45229.245,,156.139,8.31,28.2,33.1,,8,81.33,0.936
DEU,Europe,Germany,2020-11-25,961320,18633,18287.57,14771,410,236.000,11473.797,222.393,218.271,176.299,4.894,2.817,,,,,,,,,,,,,,,,,,,,83783945,237.016,46.6,21.453,15.957,45229.245,,156.139,8.31,28.2,33.1,,8,81.33,0.936
DEU,Europe,Germany,2020-11-26,983588,22268,18238.86,15160,389,255.714,11739.576,265.779,217.689,180.942,4.643,3.052,,,,,,,,,,,,,,,,,,,,83783945,237.016,46.6,21.453,15.957,45229.245,,156.139,8.31,28.2,33.1,,8,81.33,0.936
DEU,Europe,Germany,2020-11-27,1006394,22806,18118.57,15586,426,279.429,12011.776,272.2,216.254,186.026,5.085,3.335,,,,,,,,,,,,,,,,,,,,83783945,237.016,46.6,21.453,15.957,45229.245,,156.139,8.31,28.2,33.1,,8,81.33,0.936
DEU,Europe,Germany,2020-11-28,1028089,21695,17937.29,15965,379,297.286,0,0,0,0,0,0,,,,,,,,,,,,,,,,,,,,83783945,237.016,46.6,21.453,15.957,45229.245,,156.139,8.31,28.2,33.1,,8,81.33,0.936
DEU,Europe,Germany,2020-11-29,1042700,14611,17775.86,16123,158,300.143,0,0,0,0,0,0,,,,,,,,,,,,,,,,,,,,83783945,237.016,46.6,21.453,15.957,45229.245,,156.139,8.31,28.2,33.1,,8,81.33,0.936
DEU,Europe,Germany,2020-11-30,1053869,11169,17819.43,16248,125,305.143,0,0,0,0,0,0,,,,,,,,,,,,,,,,,,,,83783945,237.016,46.6,21.453,15.957,45229.245,,156.139,8.31,28.2,33.1,,8,81.33,0.936
DEU,Europe,Germany,2020-12-01,1067473,13604,17826.57,16636,388,325.000,0,0,0,0,0,0,,,,,,,,,,,,,,,,,,,,83783945,237.016,46.6,21.453,15.957,45229.245,,156.139,8.31,28.2,33.1,,8,81.33,0.936
DEU,Europe,Germany,2020-12-02,1084743,17270,17631.86,17123,487,336.000,0,0,0,0,0,0,,,,,,,,,,,,,,,,,,,,83783945,237.016,46.6,21.453,15.957,45229.245,,156.139,8.31,28.2,33.1,,8,81.33,0.936
DEU,Europe,Germany,2020-12-03,1106789,22046,17600.14,17602,479,348.857,0,0,0,0,0,0,,,,,,,,,,,,,,,,,,,,83783945,237.016,46.6,21.453,15.957,45229.245,,156.139,8.31,28.2,33.1,,8,81.33,0.936
DEU,Europe,Germany,2020-12-04,1130238,23449,17692.00,18034,432,349.714,0,0,0,0,0,0,,,,,,,,,,,,,,,,,,,,83783945,237.016,46.6,21.453,15.957,45229.245,,156.139,8.31,28.2,33.1,,8,81.33,0.936
DEU,Europe,Germany,2020-12-05,1153556,23318,17923.86,18517,483,364.571,0,0,0,0,0,0,,,,,,,,,,,,,,,,,,,,83783945,237.016,46.6,21.453,15.957,45229.245,,156.139,8.31,28.2,33.1,,8,81.33,0.936
DEU,Europe,Germany,2020-12-06,1171323,17767,18374.71,18772,255,378.429,0,0,0,0,0,0,,,,,,,,,,,,,,,,,,,,83783945,237.016,46.6,21.453,15.957,45229.245,,156.139,8.31,28.2,33.1,,8,81.33,0.936
DEU,Europe,Germany,2020-12-07,1183655,12332,18540.86,18919,147,381.571,0,0,0,0,0,0,,,,,,,,,,,,,,,,,,,,83783945,237.016,46.6,21.453,15.957,45229.245,,156.139,8.31,28.2,33.1,,8,81.33,0.936
DEU,Europe,Germany,2020-12-08,1197709,14054,18605.14,19342,423,386.571,0,0,0,0,0,0,,,,,,,,,,,,,,,,,,,,83783945,237.016,46.6,21.453,15.957,45229.245,,156.139,8.31,28.2,33.1,,8,81.33,0.936
DEU,Europe,Germany,2020-12-09,1218524,20815,19111.57,19932,590,401.286,0,0,0,0,0,0,,,,,,,,,,,,,,,,,,,,83783945,237.016,46.6,21.453,15.957,45229.245,,156.139,8.31,28.2,33.1,,8,81.33,0.936
DEU,Europe,Germany,2020-12-10,1242203,23679,19344.86,20372,440,395.714,0,0,0,0,0,0,,,,,,,,,,,,,,,,,,,,,,,,,,,,,,,,,,
DEU,Europe,Germany,2020-12-11,1272078,29875,20262.86,20970,598,419.429,0,0,0,0,0,0,,,,,,,,,,,,,,,,,,,,,,,,,,,,,,,,,,
DEU,Europe,Germany,2020-12-12,1300516,28438,20994.29,21466,496,421.286,0,0,0,0,0,0,,,,,,,,,,,,,,,,,,,,,,,,,,,,,,,,,,
DEU,Europe,Germany,2020-12-13,1320716,20200,21341.86,21787,321,430.714,0,0,0,0,0,0,,,,,,,,,,,,,,,,,,,,,,,,,,,,,,,,,,
DEU,Europe,Germany,2020-12-14,1337078,16362,21917.57,21975,188,436.571,0,0,0,0,0,0,,,,,,,,,,,,,,,,,,,,,,,,,,,,,,,,,,
DEU,Europe,Germany,2020-12-15,1351510,14432,21971.57,22475,500,447.571,0,0,0,0,0,0,,,,,,,,,,,,,,,,,,,,,,,,,,,,,,,,,,
DEU,Europe,Germany,2020-12-16,1379238,27728,22959.14,23427,952,499.286,0,0,0,0,0,0,,,,,,,,,,,,,,,,,,,,,,,,,,,,,,,,,,
DEU,Europe,Germany,2020-12-17,1406161,26923,23422.57,24125,698,536.143,0,0,0,0,0,0,,,,,,,,,,,,,,,,,,,,,,,,,,,,,,,,,,
DEU,Europe,Germany,2020-12-18,1439938,33777,23980.00,24938,813,566.857,0,0,0,0,0,0,,,,,,,,,,,,,,,,,,,,,,,,,,,,,,,,,,
DEU,Europe,Germany,2020-12-19,1471238,31300,24388.86,25640,702,596.286,0,0,0,0,0,0,,,,,,,,,,,,,,,,,,,,,,,,,,,,,,,,,,
DEU,Europe,Germany,2020-12-20,1494009,22771,24756.14,26049,409,608.857,0,0,0,0,0,0,,,,,,,,,,,,,,,,,,,,,,,,,,,,,,,,,,
DEU,Europe,Germany,2020-12-21,1510652,16643,24796.29,26275,226,614.286,0,0,0,0,0,0,,,,,,,,,,,,,,,,,,,,,,,,,,,,,,,,,,
DEU,Europe,Germany,2020-12-22,1530180,19528,25524.29,27006,731,647.286,0,0,0,0,0,0,,,,,,,,,,,,,,,,,,,,,,,,,,,,,,,,,,
DEU,Europe,Germany,2020-12-23,1554920,24740,25097.43,27968,962,648.714,0,0,0,0,0,0,,,,,,,,,,,,,,,,,,,,,,,,,,,,,,,,,,
DEU,Europe,Germany,2020-12-24,1587115,32195,25850.57,28770,802,663.571,0,0,0,0,0,0,,,,,,,,,,,,,,,,,,,,,,,,,,,,,,,,,,
DEU,Europe,Germany,2020-12-25,1612648,25533,24672.86,28770,0,547.429,0,0,0,0,0,0,,,,,,,,,,,,,,,,,,,,,,,,,,,,,,,,,,
DEU,Europe,Germany,2020-12-26,1627103,14455,22266.43,29422,652,540.286,0,0,0,0,0,0,,,,,,,,,,,,,,,,,,,,,,,,,,,,,,,,,,
DEU,Europe,Germany,2020-12-27,1640858,13755,20978.43,29778,356,532.714,0,0,0,0,0,0,,,,,,,,,,,,,,,,,,,,,,,,,,,,,,,,,,
DEU,Europe,Germany,2020-12-28,1651834,10976,20168.86,30126,348,550.143,0,0,0,0,0,0,,,,,,,,,,,,,,,,,,,,,,,,,,,,,,,,,,
DEU,Europe,Germany,2020-12-29,1664726,12892,19220.86,30978,852,567.429,0,0,0,0,0,0,,,,,,,,,,,,,,,,,,,,,,,,,,,,,,,,,,
DEU,Europe,Germany,2020-12-30,1687185,22459,18895.00,32107,1129,591.286,0,0,0,0,0,0,,,,,,,,,,,,,,,,,,,,,,,,,,,,,,,,,,
DEU,Europe,Germany,2020-12-31,1719737,32552,18946.00,33071,964,614.429,0,0,0,0,0,0,,,,,,,,,,,,,,,,,,,,,,,,,,,,,,,,,,
DEU,Europe,Germany,2021-01-01,1742661,22924,18573.29,33624,553,693.429,0,0,0,0,0,0,,,,,,,,,,,,,,,,,,,,,,,,,,,,,,,,,,
DEU,Europe,Germany,2021-01-02,1755351,12690,18321.14,33960,336,648.286,0,0,0,0,0,0,,,,,,,,,,,,,,,,,,,,,,,,,,,,,,,,,,
DEU,Europe,Germany,2021-01-03,1765666,10315,17829.71,34272,312,642.000,0,0,0,0,0,0,,,,,,,,,,,,,,,,,,,,,,,,,,,,,,,,,,
DEU,Europe,Germany,2021-01-04,1775513,9847,17668.43,34574,302,635.429,0,0,0,0,0,0,,,,,,,,,,,,,,,,,,,,,,,,,,,,,,,,,,
DEU,Europe,Germany,2021-01-05,1787410,11897,17526.29,35518,944,648.571,0,0,0,0,0,0,,,,,,,,,,,,,,,,,,,,,,,,,,,,,,,,,,
DEU,Europe,Germany,2021-01-06,1808647,21237,17351.71,36537,1019,632.857,0,0,0,0,0,0,,,,,,,,,,,,,,,,,,,,,,,,,,,,,,,,,,
DEU,Europe,Germany,2021-01-07,1835038,26391,16471.57,37607,1070,648.000,0,0,0,0,0,0,,,,,,,,,,,,,,,,,,,,,,,,,,,,,,,,,,
DEU,Europe,Germany,2021-01-08,1866887,31849,17746.57,38795,1188,738.714,0,0,0,0,0,0,,,,,,,,,,,,,,,,,,,,,,,,,,,,,,,,,,
DEU,Europe,Germany,2021-01-09,1891581,24694,19461.43,39878,1083,845.429,0,0,0,0,0,0,,,,,,,,,,,,,,,,,,,,,,,,,,,,,,,,,,
DEU,Europe,Germany,2021-01-10,1908527,16946,20408.71,40343,465,867.286,0,0,0,0,0,0,,,,,,,,,,,,,,,,,,,,,,,,,,,,,,,,,,
DEU,Europe,Germany,2021-01-11,1921024,12497,20787.29,40686,343,873.143,0,0,0,0,0,0,,,,,,,,,,,,,,,,,,,,,,,,,,,,,,,,,,
DEU,Europe,Germany,2021-01-12,1933826,12802,20916.57,41577,891,865.571,0,0,0,0,0,0,,,,,,,,,,,,,,,,,,,,,,,,,,,,,,,,,,
DEU,Europe,Germany,2021-01-13,1953426,19600,20682.71,42647,1070,872.857,0,0,0,0,0,0,,,,,,,,,,,,,,,,,,,,,,,,,,,,,,,,,,
DEU,Europe,Germany,2021-01-14,1978590,25164,20507.43,43881,1234,896.286,0,0,0,0,0,0,,,,,,,,,,,,,,,,,,,,,,,,,,,,,,,,,,
DEU,Europe,Germany,2021-01-15,2000958,22368,19153.00,44994,1113,885.571,0,0,0,0,0,0,,,,,,,,,,,,,,,,,,,,,,,,,,,,,,,,,,
DEU,Europe,Germany,2021-01-16,2019636,18678,18293.57,45974,980,870.857,0,0,0,0,0,0,,,,,,,,,,,,,,,,,,,,,,,,,,,,,,,,,,
DEU,Europe,Germany,2021-01-17,2033518,13882,17855.86,46419,445,868.000,0,0,0,0,0,0,,,,,,,,,,,,,,,,,,,,,,,,,,,,,,,,,,
DEU,Europe,Germany,2021-01-18,2040659,7141,17090.71,46633,214,849.571,0,0,0,0,0,0,,,,,,,,,,,,,,,,,,,,,,,,,,,,,,,,,,
DEU,Europe,Germany,2021-01-19,2052028,11369,16886.00,47622,989,863.571,0,0,0,0,0,0,,,,,,,,,,,,,,,,,,,,,,,,,,,,,,,,,,
DEU,Europe,Germany,2021-01-20,2068002,15974,16368.00,48770,1148,874.714,0,0,0,0,0,0,,,,,,,,,,,,,,,,,,,,,,,,,,,,,,,,,,
DEU,Europe,Germany,2021-01-21,2088400,20398,15687.14,49783,1013,843.143,0,0,0,0,0,0,,,,,,,,,,,,,,,,,,,,,,,,,,,,,,,,,,
DEU,Europe,Germany,2021-01-22,2106262,17862,15043.43,50642,859,806.857,0,0,0,0,0,0,,,,,,,,,,,,,,,,,,,,,,,,,,,,,,,,,,
DEU,Europe,Germany,2021-01-23,2122679,16417,14720.43,51521,879,792.429,0,0,0,0,0,0,,,,,,,,,,,,,,,,,,,,,,,,,,,,,,,,,,
DEU,Europe,Germany,2021-01-24,2134936,12257,14488.29,51870,349,778.714,0,0,0,0,0,0,,,,,,,,,,,,,,,,,,,,,,,,,,,,,,,,,,
DEU,Europe,Germany,2021-01-25,2141665,6729,14429.43,52087,217,779.143,0,0,0,0,0,0,,,,,,,,,,,,,,,,,,,,,,,,,,,,,,,,,,
DEU,Europe,Germany,2021-01-26,2148077,6412,13721.29,52990,903,766.857,0,0,0,0,0,0,,,,,,,,,,,,,,,,,,,,,,,,,,,,,,,,,,
DEU,Europe,Germany,2021-01-27,2161275,13198,13324.71,53972,982,743.143,0,0,0,0,0,0,,,,,,,,,,,,,,,,,,,,,,,,,,,,,,,,,,
DEU,Europe,Germany,2021-01-28,2178828,17553,12918.29,54913,941,732.857,0,0,0,0,0,0,,,,,,,,,,,,,,,,,,,,,,,,,,,,,,,,,,
DEU,Europe,Germany,2021-01-29,2192850,14022,12369.71,55752,839,730.000,0,0,0,0,0,0,,,,,,,,,,,,,,,,,,,,,,,,,,,,,,,,,,
DEU,Europe,Germany,2021-01-30,2205171,12321,11784.57,56546,794,717.857,0,0,0,0,0,0,,,,,,,,,,,,,,,,,,,,,,,,,,,,,,,,,,
DEU,Europe,Germany,2021-01-31,2216363,11192,11632.43,56945,399,725.000,0,0,0,0,0,0,,,,,,,,,,,,,,,,,,,,,,,,,,,,,,,,,,
DEU,Europe,Germany,2021-02-01,2221971,5608,11472.29,57120,175,719.000,0,0,0,0,0,0,,,,,,,,,,,,,,,,,,,,,,,,,,,,,,,,,,
DEU,Europe,Germany,2021-02-02,2228085,6114,11429.71,57981,861,713.000,0,0,0,0,0,0,,,,,,,,,,,,,,,,,,,,,,,,,,,,,,,,,,
DEU,Europe,Germany,2021-02-03,2237790,9705,10930.71,58956,975,712.000,0,0,0,0,0,0,,,,,,,,,,,,,,,,,,,,,,,,,,,,,,,,,,
DEU,Europe,Germany,2021-02-04,2252001,14211,10453.29,59742,786,689.857,0,0,0,0,0,0,,,,,,,,,,,,,,,,,,,,,,,,,,,,,,,,,,
DEU,Europe,Germany,2021-02-05,2264909,12908,10294.14,60597,855,692.143,0,0,0,0,0,0,,,,,,,,,,,,,,,,,,,,,,,,,,,,,,,,,,
DEU,Europe,Germany,2021-02-06,2275394,10485,10031.86,61286,689,677.143,0,0,0,0,0,0,,,,,,,,,,,,,,,,,,,,,,,,,,,,,,,,,,
DEU,Europe,Germany,2021-02-07,2284010,8616,9663.86,61517,231,653.143,0,0,0,0,0,0,,,,,,,,,,,,,,,,,,,,,,,,,,,,,,,,,,
DEU,Europe,Germany,2021-02-08,2288545,4535,9510.57,61675,158,650.714,0,0,0,0,0,0,,,,,,,,,,,,,,,,,,,,,,,,,,,,,,,,,,
DEU,Europe,Germany,2021-02-09,2291924,3379,9119.86,62156,481,596.429,0,0,0,0,0,0,,,,,,,,,,,,,,,,,,,,,,,,,,,,,,,,,,
DEU,Europe,Germany,2021-02-10,2299996,8072,8886.57,62969,813,573.286,0,0,0,0,0,0,,,,,,,,,,,,,,,,,,,,,,,,,,,,,,,,,,
DEU,Europe,Germany,2021-02-11,2310233,10237,8318.86,63635,666,556.143,0,0,0,0,0,0,,,,,,,,,,,,,,,,,,,,,,,,,,,,,,,,,,
DEU,Europe,Germany,2021-02-12,2320093,9860,7883.43,64191,556,513.429,0,0,0,0,0,0,,,,,,,,,,,,,,,,,,,,,,,,,,,,,,,,,,
DEU,Europe,Germany,2021-02-13,2328447,8354,7579.00,64672,481,483.714,0,0,0,0,0,0,,,,,,,,,,,,,,,,,,,,,,,,,,,,,,,,,,
DEU,Europe,Germany,2021-02-14,2334561,6114,7221.57,64960,288,491.857,0,0,0,0,0,0,,,,,,,,,,,,,,,,,,,,,,,,,,,,,,,,,,
DEU,Europe,Germany,2021-02-15,2338987,4426,7206.00,65076,116,485.857,0,0,0,0,0,0,,,,,,,,,,,,,,,,,,,,,,,,,,,,,,,,,,
DEU,Europe,Germany,2021-02-16,2342843,3856,7274.14,65604,528,492.571,0,0,0,0,0,0,,,,,,,,,,,,,,,,,,,,,,,,,,,,,,,,,,
DEU,Europe,Germany,2021-02-17,2350399,7556,7200.43,66164,560,456.429,0,0,0,0,0,0,,,,,,,,,,,,,,,,,,,,,,,,,,,,,,,,,,
DEU,Europe,Germany,2021-02-18,2360606,10207,7196.14,66698,534,437.571,0,0,0,0,0,0,,,,,,,,,,,,,,,,,,,,,,,,,,,,,,,,,,
DEU,Europe,Germany,2021-02-19,2369719,9113,7089.43,67206,508,430.714,0,0,0,0,0,0,,,,,,,,,,,,,,,,,,,,,,,,,,,,,,,,,,
DEU,Europe,Germany,2021-02-20,2378883,9164,7205.14,67696,490,432.000,0,0,0,0,0,0,,,,,,,,,,,,,,,,,,,,,,,,,,,,,,,,,,
DEU,Europe,Germany,2021-02-21,2386559,7676,7428.29,67841,145,411.571,0,0,0,0,0,0,,,,,,,,,,,,,,,,,,,,,,,,,,,,,,,,,,
DEU,Europe,Germany,2021-02-22,2390928,4369,7420.14,67903,62,403.857,0,0,0,0,0,0,,,,,,,,,,,,,,,,,,,,,,,,,,,,,,,,,,
DEU,Europe,Germany,2021-02-23,2394811,3883,7424.00,68318,415,387.714,0,0,0,0,0,0,,,,,,,,,,,,,,,,,,,,,,,,,,,,,,,,,,
DEU,Europe,Germany,2021-02-24,2402818,8007,7488.43,68740,422,368.000,0,0,0,0,0,0,,,,,,,,,,,,,,,,,,,,,,,,,,,,,,,,,,
DEU,Europe,Germany,2021-02-25,2414687,11869,7725.86,69125,385,346.714,0,0,0,0,0,0,,,,,,,,,,,,,,,,,,,,,,,,,,,,,,,,,,
DEU,Europe,Germany,2021-02-26,2424684,9997,7852.14,69519,394,330.429,0,0,0,0,0,0,,,,,,,,,,,,,,,,,,,,,,,,,,,,,,,,,,
DEU,Europe,Germany,2021-02-27,2434446,9762,7937.57,69888,369,313.143,0,0,0,0,0,0,,,,,,,,,,,,,,,,,,,,,,,,,,,,,,,,,,
DEU,Europe,Germany,2021-02-28,2442336,7890,7968.14,70045,157,314.857,0,0,0,0,0,0,,,,,,,,,,,,,,,,,,,,,,,,,,,,,,,,,,
DEU,Europe,Germany,2021-03-01,2447068,4732,8020.00,70105,60,314.571,0,0,0,0,0,0,,,,,,,,,,,,,,,,,,,,,,,,,,,,,,,,,,
DEU,Europe,Germany,2021-03-02,2451011,3943,8028.57,70463,358,306.429,0,0,0,0,0,0,,,,,,,,,,,,,,,,,,,,,,,,,,,,,,,,,,
DEU,Europe,Germany,2021-03-03,2460030,9019,8173.14,70881,418,305.857,0,0,0,0,0,0,,,,,,,,,,,,,,,,,,,,,,,,,,,,,,,,,,
DEU,Europe,Germany,2021-03-04,2471942,11912,8179.29,71240,359,302.143,0,0,0,0,0,0,,,,,,,,,,,,,,,,,,,,,,,,,,,,,,,,,,
DEU,Europe,Germany,2021-03-05,2482522,10580,8262.57,71504,264,283.571,0,0,0,0,0,0,,,,,,,,,,,,,,,,,,,,,,,,,,,,,,,,,,
DEU,Europe,Germany,2021-03-06,2492079,9557,8233.29,71804,300,273.714,0,0,0,0,0,0,,,,,,,,,,,,,,,,,,,,,,,,,,,,,,,,,,
DEU,Europe,Germany,2021-03-07,2500182,8103,8263.71,71900,96,265.000,0,0,0,0,0,0,,,,,,,,,,,,,,,,,,,,,,,,,,,,,,,,,,
DEU,Europe,Germany,2021-03-08,2505193,5011,8303.57,71934,34,261.286,0,0,0,0,0,0,,,,,,,,,,,,,,,,,,,,,,,,,,,,,,,,,,
DEU,Europe,Germany,2021-03-09,2509445,4252,8347.71,72189,255,246.571,0,0,0,0,0,0,,,,,,,,,,,,,,,,,,,,,,,,,,,,,,,,,,
DEU,Europe,Germany,2021-03-10,2518591,9146,8365.86,72489,300,229.714,0,0,0,0,0,0,,,,,,,,,,,,,,,,,,,,,,,,,,,,,,,,,,
DEU,Europe,Germany,2021-03-11,2532947,14356,8715.00,72810,321,224.286,0,0,0,0,0,0,,,,,,,,,,,,,,,,,,,,,,,,,,,,,,,,,,
DEU,Europe,Germany,2021-03-12,2545781,12834,9037.00,73062,252,222.571,0,0,0,0,0,0,,,,,,,,,,,,,,,,,,,,,,,,,,,,,,,,,,
DEU,Europe,Germany,2021-03-13,2558455,12674,9482.29,73301,239,213.857,0,0,0,0,0,0,,,,,,,,,,,,,,,,,,,,,,,,,,,,,,,,,,
DEU,Europe,Germany,2021-03-14,2569245,10790,9866.14,73371,70,210.143,0,0,0,0,0,0,,,,,,,,,,,,,,,,,,,,,,,,,,,,,,,,,,
DEU,Europe,Germany,2021-03-15,2575849,6604,10093.71,73418,47,212.000,0,0,0,0,0,0,,,,,,,,,,,,,,,,,,,,,,,,,,,,,,,,,,
DEU,Europe,Germany,2021-03-16,2581329,5480,10269.14,73656,238,209.571,0,0,0,0,0,0,,,,,,,,,,,,,,,,,,,,,,,,,,,,,,,,,,
DEU,Europe,Germany,2021-03-17,2594764,13435,10881.86,73905,249,202.286,0,0,0,0,0,0,,,,,,,,,,,,,,,,,,,,,,,,,,,,,,,,,,
DEU,Europe,Germany,2021-03-18,2612268,17504,11331.57,74132,227,188.857,0,0,0,0,0,0,,,,,,,,,,,,,,,,,,,,,,,,,,,,,,,,,,
DEU,Europe,Germany,2021-03-19,2629750,17482,11995.57,74358,226,185.143,0,0,0,0,0,0,,,,,,,,,,,,,,,,,,,,,,,,,,,,,,,,,,
DEU,Europe,Germany,2021-03-20,2645783,16033,12475.43,74565,207,180.571,0,0,0,0,0,0,,,,,,,,,,,,,,,,,,,,,,,,,,,,,,,,,,
DEU,Europe,Germany,2021-03-21,2659516,13733,12895.86,74664,99,184.714,0,0,0,0,0,0,,,,,,,,,,,,,,,,,,,,,,,,,,,,,,,,,,
DEU,Europe,Germany,2021-03-22,2667225,7709,13053.71,74714,50,185.143,0,0,0,0,0,0,,,,,,,,,,,,,,,,,,,,,,,,,,,,,,,,,,
DEU,Europe,Germany,2021-03-23,2674710,7485,13340.14,74964,250,186.857,0,0,0,0,0,0,,,,,,,,,,,,,,,,,,,,,,,,,,,,,,,,,,
DEU,Europe,Germany,2021-03-24,2690523,15813,13679.86,75212,248,186.714,0,0,0,0,0,0,,,,,,,,,,,,,,,,,,,,,,,,,,,,,,,,,,
DEU,Europe,Germany,2021-03-25,2713180,22657,14416.00,75440,228,186.857,0,0,0,0,0,0,,,,,,,,,,,,,,,,,,,,,,,,,,,,,,,,,,
DEU,Europe,Germany,2021-03-26,2734753,21573,15000.43,75623,183,180.714,0,0,0,0,0,0,,,,,,,,,,,,,,,,,,,,,,,,,,,,,,,,,,
DEU,Europe,Germany,2021-03-27,2755225,20472,15634.57,75780,157,173.571,0,0,0,0,0,0,,,,,,,,,,,,,,,,,,,,,,,,,,,,,,,,,,
DEU,Europe,Germany,2021-03-28,2772401,17176,16126.43,75870,90,172.286,0,0,0,0,0,0,,,,,,,,,,,,,,,,,,,,,,,,,,,,,,,,,,
DEU,Europe,Germany,2021-03-29,2782273,9872,16435.43,75913,43,171.286,0,0,0,0,0,0,,,,,,,,,,,,,,,,,,,,,,,,,,,,,,,,,,
DEU,Europe,Germany,2021-03-30,2791822,9549,16730.29,76093,180,161.286,0,0,0,0,0,0,,,,,,,,,,,,,,,,,,,,,,,,,,,,,,,,,,
DEU,Europe,Germany,2021-03-31,2808873,17051,16907.14,76342,249,161.429,0,0,0,0,0,0,,,,,,,,,,,,,,,,,,,,,,,,,,,,,,,,,,
DEU,Europe,Germany,2021-04-01,2833173,24300,17141.86,76543,201,157.571,0,0,0,0,0,0,,,,,,,,,,,,,,,,,,,,,,,,,,,,,,,,,,
DEU,Europe,Germany,2021-04-02,2855061,21888,17186.86,76775,232,164.571,0,0,0,0,0,0,,,,,,,,,,,,,,,,,,,,,,,,,,,,,,,,,,
DEU,Europe,Germany,2021-04-03,2873190,18129,16852.14,76895,120,159.286,0,0,0,0,0,0,,,,,,,,,,,,,,,,,,,,,,,,,,,,,,,,,,
DEU,Europe,Germany,2021-04-04,2885386,12196,16140.71,76963,68,156.143,0,0,0,0,0,0,,,,,,,,,,,,,,,,,,,,,,,,,,,,,,,,,,
DEU,Europe,Germany,2021-04-05,2893883,8497,15944.29,77013,50,157.143,0,0,0,0,0,0,,,,,,,,,,,,,,,,,,,,,,,,,,,,,,,,,,
DEU,Europe,Germany,2021-04-06,2900768,6885,15563.71,77103,90,144.286,0,0,0,0,0,0,,,,,,,,,,,,,,,,,,,,,,,,,,,,,,,,,,
DEU,Europe,Germany,2021-04-07,2910445,9677,14510.29,77401,298,151.286,0,0,0,0,0,0,,,,,,,,,,,,,,,,,,,,,,,,,,,,,,,,,,
DEU,Europe,Germany,2021-04-08,2930852,20407,13954.14,77707,306,166.286,0,0,0,0,0,0,,,,,,,,,,,,,,,,,,,,,,,,,,,,,,,,,,
DEU,Europe,Germany,2021-04-09,2956316,25464,14465.00,78003,296,175.429,0,0,0,0,0,0,,,,,,,,,,,,,,,,,,,,,,,,,,,,,,,,,,
DEU,Europe,Germany,2021-04-10,2980413,24097,15317.57,78249,246,193.429,0,0,0,0,0,0,,,,,,,,,,,,,,,,,,,,,,,,,,,,,,,,,,
DEU,Europe,Germany,2021-04-11,2998268,17855,16126.00,78353,104,198.571,0,0,0,0,0,0,,,,,,,,,,,,,,,,,,,,,,,,,,,,,,,,,,
DEU,Europe,Germany,2021-04-12,3011513,13245,16804.29,78452,99,205.571,0,0,0,0,0,0,,,,,,,,,,,,,,,,,,,,,,,,,,,,,,,,,,
DEU,Europe,Germany,2021-04-13,3022323,10810,17365.00,78746,294,234.714,0,0,0,0,0,0,,,,,,,,,,,,,,,,,,,,,,,,,,,,,,,,,,
DEU,Europe,Germany,2021-04-14,3044016,21693,19081.57,79088,342,241.000,0,0,0,0,0,0,,,,,,,,,,,,,,,,,,,,,,,,,,,,,,,,,,
DEU,Europe,Germany,2021-04-15,3073442,29426,20370.00,79381,293,239.143,0,0,0,0,0,0,,,,,,,,,,,,,,,,,,,,,,,,,,,,,,,,,,
DEU,Europe,Germany,2021-04-16,3099273,25831,20422.43,79628,247,232.143,0,0,0,0,0,0,,,,,,,,,,,,,,,,,,,,,,,,,,,,,,,,,,
DEU,Europe,Germany,2021-04-17,3123077,23804,20380.57,79847,219,228.286,0,0,0,0,0,0,,,,,,,,,,,,,,,,,,,,,,,,,,,,,,,,,,
DEU,Europe,Germany,2021-04-18,3142262,19185,20570.57,79914,67,223.000,0,0,0,0,0,0,,,,,,,,,,,,,,,,,,,,,,,,,,,,,,,,,,
DEU,Europe,Germany,2021-04-19,3153699,11437,20312.29,80006,92,222.000,0,0,0,0,0,0,,,,,,,,,,,,,,,,,,,,,,,,,,,,,,,,,,
DEU,Europe,Germany,2021-04-20,3163308,9609,20140.71,80303,297,222.429,0,0,0,0,0,0,,,,,,,,,,,,,,,,,,,,,,,,,,,,,,,,,,
DEU,Europe,Germany,2021-04-21,3188192,24884,20596.57,80634,331,220.857,0,0,0,0,0,0,,,,,,,,,,,,,,,,,,,,,,,,,,,,,,,,,,
DEU,Europe,Germany,2021-04-22,3217710,29518,20609.71,80893,259,216.000,0,0,0,0,0,0,,,,,,,,,,,,,,,,,,,,,,,,,,,,,,,,,,
DEU,Europe,Germany,2021-04-23,3245253,27543,20854.29,81158,265,218.571,0,0,0,0,0,0,,,,,,,,,,,,,,,,,,,,,,,,,,,,,,,,,,
DEU,Europe,Germany,2021-04-24,3268645,23392,20795.43,81444,286,228.143,0,0,0,0,0,0,,,,,,,,,,,,,,,,,,,,,,,,,,,,,,,,,,
DEU,Europe,Germany,2021-04-25,3287418,18773,20736.57,81564,120,235.714,0,0,0,0,0,0,,,,,,,,,,,,,,,,,,,,,,,,,,,,,,,,,,
DEU,Europe,Germany,2021-04-26,3299325,11907,20803.71,81624,60,231.143,0,0,0,0,0,0,,,,,,,,,,,,,,,,,,,,,,,,,,,,,,,,,,
DEU,Europe,Germany,2021-04-27,3310301,10976,20999.00,81968,344,237.857,0,0,0,0,0,0,,,,,,,,,,,,,,,,,,,,,,,,,,,,,,,,,,
DEU,Europe,Germany,2021-04-28,3332532,22231,20620.00,82280,312,235.143,0,0,0,0,0,0,,,,,,,,,,,,,,,,,,,,,,,,,,,,,,,,,,
DEU,Europe,Germany,2021-04-29,3357268,24736,19936.86,82544,264,235.857,0,0,0,0,0,0,,,,,,,,,,,,,,,,,,,,,,,,,,,,,,,,,,
DEU,Europe,Germany,2021-04-30,3381597,24329,19477.71,82850,306,241.714,0,0,0,0,0,0,,,,,,,,,,,,,,,,,,,,,,,,,,,,,,,,,,
DEU,Europe,Germany,2021-05-01,3400532,18935,18841.00,83082,232,234.000,0,0,0,0,0,0,,,,,,,,,,,,,,,,,,,,,,,,,,,,,,,,,,
DEU,Europe,Germany,2021-05-02,3416822,16290,18486.29,83192,110,232.571,0,0,0,0,0,0,,,,,,,,,,,,,,,,,,,,,,,,,,,,,,,,,,