State,Total_Cases,New_Cases,Avg_7days,Avg_5days,Dates,Per100,Deaths,Days_100,DeathsDays_5,GrowthRate,New_deaths,Death_7days
Baden-Wuerttemberg,827,0,0,0,2020-03-15,5,2,1,0,0,0,0
Baden-Wuerttemberg,1105,278,0,0,2020-03-16,10,2,2,0,0,0,0
Baden-Wuerttemberg,1479,417,0,0,2020-03-17,13,2,3,0,0,0,0
Baden-Wuerttemberg,1609,130,0,0,2020-03-18,15,2,4,0,24.2,0,0
Baden-Wuerttemberg,2155,546,0,0,2020-03-19,19,6,5,1,26,4,0
Baden-Wuerttemberg,2746,591,0,392,2020-03-20,25,10,6,2,24.1,4,0
Baden-Wuerttemberg,3668,922,412,521,2020-03-21,33,16,7,3,31.6,6,2
Baden-Wuerttemberg,3807,139,432,466,2020-03-22,34,21,8,4,19.3,5,2.7
Baden-Wuerttemberg,3811,4,393,440,2020-03-23,34,21,9,5,10.4,0,2.7
Baden-Wuerttemberg,5348,1537,553,639,2020-03-24,48,30,10,6,14.9,9,4.0
Baden-Wuerttemberg,6069,721,637,665,2020-03-25,55,37,11,7,17.4,7,5.0
Baden-Wuerttemberg,7283,1214,733,723,2020-03-26,66,56,12,8,22.8,19,7.1
Baden-Wuerttemberg,8161,878,774,871,2020-03-27,74,70,13,9,15,14,8.6
Baden-Wuerttemberg,9781,1620,873,1194,2020-03-28,88,101,14,10,17.3,31,12.1
Baden-Wuerttemberg,9794,13,855,889,2020-03-29,88,101,15,11,10,0,11.4
Baden-Wuerttemberg,10943,1149,1019,975,2020-03-30,99,119,16,12,10,18,14.0
Baden-Wuerttemberg,12334,1391,998,1010,2020-03-31,111,165,17,13,8.4,46,19.3
Baden-Wuerttemberg,13410,1076,1049,1050,2020-04-01,121,197,18,14,10.9,32,22.9
Baden-Wuerttemberg,14662,1252,1054,976,2020-04-02,132,241,19,15,10.1,44,26.4
Baden-Wuerttemberg,16059,1397,1128,1253,2020-04-03,145,285,20,16,9.2,44,30.7
Baden-Wuerttemberg,17014,955,1033,1214,2020-04-04,154,316,21,17,7.0,31,30.7
Baden-Wuerttemberg,18614,1600,1260,1256,2020-04-05,168,367,22,18,7.9,51,38.0
Baden-Wuerttemberg,19395,781,1207,1197,2020-04-06,175,387,23,19,7.0,20,38.3
Baden-Wuerttemberg,20141,746,1115,1096,2020-04-07,182,433,24,20,6.1,46,38.3
Baden-Wuerttemberg,20680,539,1039,924,2020-04-08,187,464,25,21,5.4,31,38.1
Baden-Wuerttemberg,21603,923,992,918,2020-04-09,195,519,26,22,4.9,55,39.7
Baden-Wuerttemberg,22433,830,911,764,2020-04-10,203,570,27,23,4.4,51,40.7
Baden-Wuerttemberg,23617,1184,943,844,2020-04-11,213,622,28,24,4.4,52,43.7
Baden-Wuerttemberg,24078,461,781,787,2020-04-12,218,649,29,25,3.5,27,40.3
Baden-Wuerttemberg,24570,592,754,798,2020-04-13,222,677,30,26,3.2,28,41.4
Baden-Wuerttemberg,25040,470,714,707,2020-04-14,226,711,31,27,3.0,34,39.7
Baden-Wuerttemberg,25438,398,694,621,2020-04-15,230,767,32,28,2.8,56,43.3
Baden-Wuerttemberg,25881,443,625,473,2020-04-16,234,802,33,29,2.5,35,40.4
Baden-Wuerttemberg,26543,662,601,513,2020-04-17,240,872,34,30,2.4,70,43.1
Baden-Wuerttemberg,27258,715,534,538,2020-04-18,246,919,35,31,2.1,47,42.4
Baden-Wuerttemberg,27883,625,558,569,2020-04-19,252,968,36,32,2.1,49,45.6
Baden-Wuerttemberg,28253,370,526,563,2020-04-20,255,982,37,33,1.9,14,43.6
Baden-Wuerttemberg,28712,459,525,566,2020-04-21,259,1031,38,34,1.9,49,45.7
Baden-Wuerttemberg,28898,186,494,471,2020-04-22,261,1063,39,35,1.7,32,42.3
Baden-Wuerttemberg,29443,545,509,437,2020-04-23,266,1113,40,36,1.8,50,44.4
Baden-Wuerttemberg,29792,349,464,382,2020-04-24,269,1153,41,37,1.6,40,40.1
Baden-Wuerttemberg,30169,377,416,383,2020-04-25,273,1189,42,38,1.4,36,38.6
Bavaria,886,0,0,0,2020-03-15,6,4,1,0,0,0,0
Bavaria,1067,181,0,0,2020-03-16,7,4,2,0,0,0,0
Bavaria,1109,144,0,0,2020-03-17,9,4,3,0,0,0,0
Bavaria,1243,134,0,0,2020-03-18,10,4,4,0,15,0,0
Bavaria,1692,449,0,0,2020-03-19,13,8,5,1,21.2,4,0
Bavaria,2401,709,0,323,2020-03-20,18,12,6,2,32,4,0
Bavaria,2960,559,311,399,2020-03-21,23,19,7,3,32.2,7,2.1
Bavaria,3650,690,409,508,2020-03-22,28,21,8,4,27.8,2,2.4
Bavaria,4892,1242,561,730,2020-03-23,37,26,9,5,27.6,5,3.1
Bavaria,5754,862,664,812,2020-03-24,44,30,10,6,24.3,4,3.7
Bavaria,6558,804,759,831,2020-03-25,50,37,11,7,20.3,7,4.7
Bavaria,7993,1435,900,1007,2020-03-26,61,47,12,8,18,10,5.6
Bavaria,9481,1488,1011,1166,2020-03-27,73,55,13,9,18.4,8,6.1
Bavaria,11150,1669,1170,1252,2020-03-28,85,77,14,10,19.1,22,8.3
Bavaria,12881,1731,1319,1425,2020-03-29,99,107,15,11,17.1,30,12.3
Bavaria,13989,1108,1300,1486,2020-03-30,107,127,16,12,13.5,20,14.4
Bavaria,14810,821,1294,1363,2020-03-31,113,162,17,13,9.6,35,18.9
Bavaria,16497,1687,1420,1403,2020-04-01,126,225,18,14,8.7,63,26.9
Bavaria,18496,1999,1500,1469,2020-04-02,141,268,19,15,9.9,43,31.6
Bavaria,20237,1741,1537,1471,2020-04-03,155,307,20,16,9.3,39,36.0
Bavaria,21908,1671,1537,1584,2020-04-04,168,349,21,17,8.3,42,38.9
Bavaria,23846,1938,1566,1807,2020-04-05,182,396,22,18,7.7,47,41.3
Bavaria,24974,1128,1569,1695,2020-04-06,191,437,23,19,7.1,41,44.3
Bavaria,26163,1189,1622,1533,2020-04-07,200,481,24,20,6.9,44,45.6
Bavaria,27564,1401,1581,1465,2020-04-08,211,564,25,21,6.3,83,48.4
Bavaria,28827,1263,1476,1384,2020-04-09,220,635,26,22,5.6,71,52.4
Bavaria,30363,1536,1447,1303,2020-04-10,232,703,27,23,5.3,68,56.6
Bavaria,31453,1090,1364,1296,2020-04-11,241,747,28,24,4.7,44,56.9
Bavaria,32282,829,1205,1224,2020-04-12,247,786,29,25,4.0,39,55.7
Bavaria,33015,733,1149,1090,2020-04-13,252,820,30,26,3.7,34,54.7
Bavaria,33569,554,1058,948,2020-04-14,257,872,31,27,3.3,52,55.9
Bavaria,34294,725,961,786,2020-04-15,262,954,32,28,2.9,82,55.7
Bavaria,35142,848,902,738,2020-04-16,269,1049,33,29,2.7,95,59.1
Bavaria,36027,885,809,749,2020-04-17,276,1137,34,30,2.4,88,62.0
Bavaria,36881,854,775,773,2020-04-18,282,1198,35,31,2.2,61,64.4
Bavaria,37407,526,732,768,2020-04-19,286,1256,36,32,2.0,58,67.1
Bavaria,37849,442,691,711,2020-04-20,289,1286,37,33,1.9,30,66.6
Bavaria,38310,461,677,634,2020-04-21,293,1336,38,34,1.8,50,66.3
Bavaria,38814,504,646,557,2020-04-22,297,1424,39,35,1.7,88,67.1
Bavaria,39395,581,608,503,2020-04-23,301,1476,40,36,1.6,52,61.0
Bavaria,39939,544,559,506,2020-04-24,305,1525,41,37,1.4,49,55.4
Bavaria,40547,608,524,540,2020-04-25,310,1566,42,38,1.3,41,52.6
Berlin,265,0,0,0,2020-03-15,7,0,1,0,0,0,0
Berlin,300,35,0,0,2020-03-16,8,0,2,0,0,0,0
Berlin,345,45,0,0,2020-03-17,9,0,3,0,0,0,0
Berlin,391,46,0,0,2020-03-18,10,0,4,0,13.8,0,0
Berlin,573,182,0,0,2020-03-19,15,0,5,0,26.4,0,0
Berlin,731,158,0,93,2020-03-20,20,0,6,0,29.6,0,0
Berlin,866,135,86,113,2020-03-21,23,1,7,0,28,1,0.1
Berlin,1024,158,108,136,2020-03-22,27,1,8,0,20.7,0,0.1
Berlin,1077,53,111,137,2020-03-23,29,1,9,0,13.2,0,0.1
Berlin,1220,143,125,129,2020-03-24,33,1,10,0,11.9,0,0.1
Berlin,1428,208,148,139,2020-03-25,38,2,11,0,12.2,1,0.3
Berlin,1656,228,155,158,2020-03-26,44,4,12,0,15.5,2,0.6
Berlin,1955,299,175,186,2020-03-27,52,8,13,1,17.1,4,1.1
Berlin,2161,206,185,217,2020-03-28,58,8,14,2,14.5,0,1.0
Berlin,2360,199,191,228,2020-03-29,63,9,15,3,12.2,1,1.1
Berlin,2464,104,198,207,2020-03-30,66,11,16,4,7.9,2,1.4
Berlin,2575,111,194,184,2020-03-31,69,13,17,5,5.9,2,1.7
Berlin,2754,179,189,160,2020-04-01,73,16,18,6,5.3,3,2.0
Berlin,2970,216,188,162,2020-04-02,79,19,19,7,6.5,3,2.1
Berlin,3202,232,178,168,2020-04-03,85,20,20,8,6.4,1,1.7
Berlin,3471,269,187,201,2020-04-04,93,22,21,9,6.3,2,2.0
Berlin,3613,142,179,208,2020-04-05,96,24,22,10,5.6,2,2.1
Berlin,3670,57,172,183,2020-04-06,98,26,23,11,5.0,2,2.1
Berlin,3845,175,181,175,2020-04-07,103,28,24,12,5.1,2,2.1
Berlin,4028,183,182,165,2020-04-08,107,32,25,13,4.9,4,2.3
Berlin,4202,174,176,146,2020-04-09,112,37,26,14,4.6,5,2.6
Berlin,4349,147,164,147,2020-04-10,116,42,27,15,4.1,5,3.1
Berlin,4458,109,141,158,2020-04-11,119,46,28,16,3.4,4,3.4
Berlin,4567,109,136,144,2020-04-12,122,50,29,17,3.1,4,3.7
Berlin,4601,34,133,115,2020-04-13,123,51,30,18,3.0,1,3.6
Berlin,4668,67,118,93,2020-04-14,125,56,31,19,2.6,5,4.0
Berlin,4722,54,99,75,2020-04-15,126,62,32,20,2.1,6,4.3
Berlin,4848,126,92,78,2020-04-16,129,74,33,21,2.0,12,5.3
Berlin,4945,97,85,76,2020-04-17,132,84,34,22,1.8,10,6.0
Berlin,5066,121,87,93,2020-04-18,135,91,35,23,1.8,7,6.4
Berlin,5159,93,85,98,2020-04-19,138,92,36,24,1.7,1,6.0
Berlin,5196,37,85,95,2020-04-20,139,94,37,25,1.7,2,6.1
Berlin,5237,41,81,78,2020-04-21,140,97,38,26,1.6,3,5.9
Berlin,5312,75,84,73,2020-04-22,142,105,39,27,1.6,8,6.1
Berlin,5324,12,68,52,2020-04-23,146,105,40,28,1.3,0,4.4
Berlin,5459,135,73,60,2020-04-24,150,112,41,29,1.4,7,4.0
Berlin,5525,66,66,66,2020-04-25,147,113,42,30,1.2,1,3.1
Hamburg,162,0,0,0,2020-03-15,9,0,1,0,0,0,0
Hamburg,260,98,0,0,2020-03-16,14,0,2,0,0,0,0
Hamburg,310,55,0,0,2020-03-17,17,0,3,0,0,0,0
Hamburg,358,48,0,0,2020-03-18,19,0,4,0,27.5,0,0
Hamburg,432,74,0,0,2020-03-19,23,0,5,0,19.1,0,0
Hamburg,586,154,0,86,2020-03-20,32,0,6,0,25.1,0,0
Hamburg,587,1,61,66,2020-03-21,32,0,7,0,16.6,0,0.0
Hamburg,872,285,102,112,2020-03-22,47,0,8,0,27.5,0,0.0
Hamburg,943,71,98,117,2020-03-23,51,0,9,0,17.5,0,0.0
Hamburg,1043,100,105,122,2020-03-24,57,0,10,0,19,0,0.0
Hamburg,1262,219,129,135,2020-03-25,69,0,11,0,13.6,0,0.0
Hamburg,1265,3,119,136,2020-03-26,69,0,12,0,9.9,0,0.0
Hamburg,1693,428,158,164,2020-03-27,92,2,13,0,18.2,2,0.3
Hamburg,1765,72,168,164,2020-03-28,96,2,14,0,11.9,0,0.3
Hamburg,1846,81,139,161,2020-03-29,100,4,15,0,12.3,2,0.6
Hamburg,2053,207,159,158,2020-03-30,112,5,16,1,6.8,1,0.7
Hamburg,2191,138,164,185,2020-03-31,119,9,17,2,7.5,4,1.3
Hamburg,2311,120,150,124,2020-04-01,126,14,18,3,7.6,5,2.0
Hamburg,2406,95,163,128,2020-04-02,131,14,19,4,5.4,0,2.0
Hamburg,2596,190,129,150,2020-04-03,141,16,20,5,5.9,2,2.0
Hamburg,2697,101,133,129,2020-04-04,146,16,21,6,5.5,0,2.0
Hamburg,2945,248,157,151,2020-04-05,160,19,22,7,6.1,3,2.1
Hamburg,2993,48,134,136,2020-04-06,163,19,23,8,4.9,0,2.0
Hamburg,3059,66,124,131,2020-04-07,166,20,24,9,4.3,1,1.6
Hamburg,3165,106,122,114,2020-04-08,172,23,25,10,4.1,3,1.3
Hamburg,3320,155,131,125,2020-04-09,180,44,26,11,4.2,21,4.3
Hamburg,3551,231,136,121,2020-04-10,193,53,27,12,4.3,9,5.3
Hamburg,3663,112,138,134,2020-04-11,199,56,28,13,4.1,3,5.7
Hamburg,3742,79,114,137,2020-04-12,203,56,29,14,3.2,0,5.3
Hamburg,3770,28,111,121,2020-04-13,205,56,30,15,3.0,0,5.3
Hamburg,3808,38,107,98,2020-04-14,207,59,31,16,2.9,3,5.6
Hamburg,3869,61,101,64,2020-04-15,210,67,32,17,2.7,8,6.3
Hamburg,3953,84,90,58,2020-04-16,215,80,33,18,2.4,13,5.1
Hamburg,4005,52,65,53,2020-04-17,218,84,34,19,1.7,4,4.4
Hamburg,4118,113,65,70,2020-04-18,224,90,35,20,1.6,6,4.9
Hamburg,4167,49,61,72,2020-04-19,226,91,36,21,1.5,1,5.0
Hamburg,4185,18,59,63,2020-04-20,227,91,37,22,1.4,0,5.0
Hamburg,4204,19,57,50,2020-04-21,228,91,38,23,1.4,0,4.6
Hamburg,4204,0,48,40,2020-04-22,228,91,39,24,1.1,0,3.4
Hamburg,4286,82,48,34,2020-04-23,232,113,40,25,1.1,22,4.7
Hamburg,4358,72,50,38,2020-04-24,237,122,41,26,1.2,9,5.4
Hamburg,4400,42,40,43,2020-04-25,239,139,42,27,0.9,17,7.0
Hesse,286,0,0,0,2020-03-15,3,0,1,0,0,0,0
Hesse,342,56,0,0,2020-03-16,4,0,2,0,0,0,0
Hesse,373,132,0,0,2020-03-17,6,0,3,0,0,0,0
Hesse,432,59,0,0,2020-03-18,7,0,4,0,24.6,0,0
Hesse,682,250,0,0,2020-03-19,11,0,5,0,38.4,0,0
Hesse,813,131,0,126,2020-03-20,13,1,6,0,29.7,1,0
Hesse,1080,267,128,168,2020-03-21,17,2,7,0,33.6,1,0.3
Hesse,1175,95,141,160,2020-03-22,19,2,8,0,19.1,0,0.3
Hesse,1347,172,158,183,2020-03-23,21,3,9,0,17.4,1,0.4
Hesse,1620,273,178,188,2020-03-24,26,4,10,0,15,1,0.6
Hesse,1754,134,189,188,2020-03-25,28,4,11,0,14,0,0.6
Hesse,2157,403,211,215,2020-03-26,34,6,12,1,17.2,2,0.9
Hesse,2323,166,216,230,2020-03-27,37,7,13,2,12.7,1,0.9
Hesse,2604,281,218,251,2020-03-28,42,9,14,3,13.6,2,1.0
Hesse,2645,1,204,197,2020-03-29,42,9,15,4,6.3,0,1.0
Hesse,3091,486,249,267,2020-03-30,49,13,16,5,10.1,4,1.4
Hesse,3283,192,238,225,2020-03-31,52,17,17,6,8.1,4,1.9
Hesse,3445,162,242,224,2020-04-01,55,21,18,7,9.3,4,2.4
Hesse,3707,262,221,221,2020-04-02,59,27,19,8,6.3,6,3.0
Hesse,3993,286,239,278,2020-04-03,64,33,20,9,6.8,6,3.7
Hesse,4279,286,239,238,2020-04-04,68,42,21,10,7.5,9,4.7
Hesse,4575,296,281,258,2020-04-05,73,56,22,11,7.0,14,6.7
Hesse,4674,99,226,278,2020-04-06,75,61,23,12,5.3,5,6.9
Hesse,4837,163,222,226,2020-04-07,77,73,24,14,4.9,12,8.0
Hesse,4965,128,217,194,2020-04-08,79,84,25,15,4.6,11,9.0
Hesse,5242,277,219,193,2020-04-09,84,100,26,16,4.5,16,10.4
Hesse,5694,452,243,224,2020-04-10,91,111,27,17,4.8,11,11.1
Hesse,5808,114,218,227,2020-04-11,93,120,28,18,4.1,9,11.1
Hesse,5859,51,183,204,2020-04-12,94,123,29,19,3.3,3,9.6
Hesse,6114,255,206,230,2020-04-13,98,135,30,20,3.6,12,10.6
Hesse,6183,69,192,188,2020-04-14,99,147,31,21,3.2,12,10.6
Hesse,6347,164,197,131,2020-04-15,101,173,32,22,3.3,26,12.7
Hesse,6470,123,175,132,2020-04-16,103,187,33,23,2.8,14,12.4
Hesse,6705,235,144,169,2020-04-17,107,197,34,24,2.3,10,12.3
Hesse,6916,211,158,160,2020-04-18,110,212,35,25,2.4,15,13.1
Hesse,7108,192,178,185,2020-04-19,113,230,36,26,2.7,18,15.3
Hesse,7177,69,152,166,2020-04-20,115,240,37,27,2.2,10,15.0
Hesse,7231,54,150,152,2020-04-21,115,251,38,28,2.1,11,14.9
Hesse,7380,149,148,135,2020-04-22,118,265,39,29,2.1,14,13.1
Hesse,7593,213,160,135,2020-04-23,121,286,40,30,2.2,21,14.1
Hesse,7712,119,144,121,2020-04-24,123,296,41,31,1.9,10,14.1
Hesse,7837,125,132,132,2020-04-25,125,305,42,32,1.7,9,13.3
Lower_Saxony,287,0,0,0,2020-03-15,3,0,1,0,0,0,0
Lower_Saxony,391,104,0,0,2020-03-16,3,0,2,0,0,0,0
Lower_Saxony,325,53,0,0,2020-03-17,4,0,3,0,0,0,0
Lower_Saxony,478,153,0,0,2020-03-18,6,0,4,0,30.8,0,0
Lower_Saxony,669,191,0,0,2020-03-19,8,0,5,0,33.2,0,0
Lower_Saxony,803,134,0,127,2020-03-20,10,0,6,0,32.4,0,0
Lower_Saxony,1023,220,122,150,2020-03-21,13,0,7,0,28,0,0.0
Lower_Saxony,1306,283,163,196,2020-03-22,16,1,8,0,25.5,1,0.1
Lower_Saxony,1483,177,173,201,2020-03-23,19,4,9,0,21.7,3,0.6
Lower_Saxony,1764,281,206,219,2020-03-24,22,6,10,1,19.4,2,0.9
Lower_Saxony,2140,376,237,267,2020-03-25,27,7,11,2,18.3,1,1.0
Lower_Saxony,2357,207,240,265,2020-03-26,29,8,12,3,16,1,1.1
Lower_Saxony,2810,463,287,301,2020-03-27,35,10,13,4,16.7,2,1.4
Lower_Saxony,3150,340,304,333,2020-03-28,39,12,14,5,13.8,2,1.7
Lower_Saxony,3450,300,306,337,2020-03-29,43,21,15,6,13.3,9,2.9
Lower_Saxony,3732,282,321,318,2020-03-30,47,26,16,7,9.8,5,3.1
Lower_Saxony,4063,331,328,343,2020-03-31,51,34,17,8,8.8,8,4.0
Lower_Saxony,4382,319,320,314,2020-04-01,55,42,18,9,8.3,8,5.0
Lower_Saxony,4695,313,335,309,2020-04-02,59,45,19,10,7.9,3,5.3
Lower_Saxony,5081,386,324,326,2020-04-03,64,65,20,11,7.7,20,7.9
Lower_Saxony,5571,490,346,368,2020-04-04,70,85,21,12,7.3,20,10.4
Lower_Saxony,5712,141,323,330,2020-04-05,72,89,22,13,6.3,4,9.7
Lower_Saxony,5960,248,318,379,2020-04-06,75,92,23,14,5.8,3,9.4
Lower_Saxony,6200,240,305,301,2020-04-07,78,111,24,15,5.3,19,11.0
Lower_Saxony,6385,185,286,261,2020-04-08,80,121,25,16,4.8,10,11.3
Lower_Saxony,6804,419,301,247,2020-04-09,85,141,26,17,4.9,20,13.7
Lower_Saxony,7114,310,290,280,2020-04-10,89,161,27,18,4.5,20,13.7
Lower_Saxony,7343,229,253,277,2020-04-11,92,171,28,19,3.7,10,12.3
Lower_Saxony,7602,259,270,280,2020-04-12,95,189,29,20,3.8,18,14.3
Lower_Saxony,7723,121,252,268,2020-04-13,97,201,30,21,3.4,12,15.6
Lower_Saxony,7885,162,241,216,2020-04-14,99,211,31,22,3.2,10,14.3
Lower_Saxony,8019,134,233,181,2020-04-15,100,224,32,23,3.0,13,14.7
Lower_Saxony,8188,169,198,169,2020-04-16,103,248,33,24,2.5,24,15.3
Lower_Saxony,8442,254,190,168,2020-04-17,106,274,34,25,2.4,26,16.1
Lower_Saxony,8649,207,187,185,2020-04-18,108,281,35,26,2.3,7,15.7
Lower_Saxony,8797,148,171,182,2020-04-19,110,288,36,27,2.0,7,14.1
Lower_Saxony,8900,103,168,176,2020-04-20,111,291,37,28,1.9,3,12.9
Lower_Saxony,9098,198,173,182,2020-04-21,114,306,38,29,2.0,15,13.6
Lower_Saxony,9236,138,174,159,2020-04-22,116,328,39,30,1.9,22,14.9
Lower_Saxony,9391,155,172,148,2020-04-23,118,340,40,31,1.9,12,13.1
Lower_Saxony,9544,153,157,149,2020-04-24,120,364,41,32,1.7,24,12.9
Lower_Saxony,9691,147,149,158,2020-04-25,121,377,42,33,1.6,13,13.7
North_Rhine-Westphalia,1407,0,0,0,2020-03-15,8,6,1,1,0,0,0
North_Rhine-Westphalia,1541,134,0,0,2020-03-16,9,6,2,2,0,0,0
North_Rhine-Westphalia,2105,564,0,0,2020-03-17,12,6,3,3,0,0,0
North_Rhine-Westphalia,2372,267,0,0,2020-03-18,13,6,4,4,19.1,0,0
North_Rhine-Westphalia,3033,661,0,0,2020-03-19,17,6,5,5,24.8,0,0
North_Rhine-Westphalia,3497,464,0,418,2020-03-20,20,6,6,6,18.5,0,0
North_Rhine-Westphalia,3542,45,305,400,2020-03-21,20,6,7,7,13.1,0,0.0
North_Rhine-Westphalia,3545,3,305,288,2020-03-22,20,6,8,8,5.1,22,3.1
North_Rhine-Westphalia,5615,2070,582,649,2020-03-23,31,28,9,9,20,5,3.9
North_Rhine-Westphalia,6318,703,602,657,2020-03-24,35,33,10,10,21.8,10,5.3
North_Rhine-Westphalia,7197,879,689,740,2020-03-25,40,43,11,11,23.6,10,6.7
North_Rhine-Westphalia,7924,727,699,876,2020-03-26,44,53,12,12,12.1,19,9.4
North_Rhine-Westphalia,9235,1311,820,1138,2020-03-27,51,72,13,13,13.6,8,10.6
North_Rhine-Westphalia,10607,1472,1024,1018,2020-03-28,59,80,14,14,14.4,18,13.1
North_Rhine-Westphalia,11400,793,1136,1036,2020-03-29,64,98,15,15,12.9,3,10.4
North_Rhine-Westphalia,12178,778,952,1016,2020-03-30,68,101,16,16,9.7,16,12.0
North_Rhine-Westphalia,13225,1047,1001,1080,2020-03-31,74,117,17,17,7.7,17,13.0
North_Rhine-Westphalia,14351,1126,1036,1043,2020-04-01,80,134,18,18,8,27,15.4
North_Rhine-Westphalia,15427,1076,1086,964,2020-04-02,86,161,19,19,8.2,17,15.1
North_Rhine-Westphalia,16606,1179,1067,1041,2020-04-03,93,178,20,20,7.9,22,17.1
North_Rhine-Westphalia,17885,1279,1040,1141,2020-04-04,100,200,21,21,6.7,45,21.0
North_Rhine-Westphalia,18735,850,1048,1102,2020-04-05,104,245,22,22,6.3,10,22.0
North_Rhine-Westphalia,19384,649,1029,1007,2020-04-06,108,255,23,23,5.8,27,23.6
North_Rhine-Westphalia,20200,836,999,959,2020-04-07,113,282,24,24,5.4,66,30.6
North_Rhine-Westphalia,20929,709,940,865,2020-04-08,117,348,25,25,4.8,36,31.9
North_Rhine-Westphalia,21961,1032,933,815,2020-04-09,122,384,26,26,4.6,62,38.3
North_Rhine-Westphalia,23028,1067,917,859,2020-04-10,128,446,27,27,4.4,26,38.9
North_Rhine-Westphalia,23644,616,823,852,2020-04-11,132,472,28,28,3.7,23,35.7
North_Rhine-Westphalia,24267,623,790,809,2020-04-12,135,495,29,29,3.5,23,37.6
North_Rhine-Westphalia,24883,616,786,791,2020-04-13,139,518,30,30,3.3,23,37.0
North_Rhine-Westphalia,25300,417,726,668,2020-04-14,141,545,31,31,3.0,27,31.4
North_Rhine-Westphalia,25835,535,701,561,2020-04-15,144,607,32,32,2.8,62,35.1
North_Rhine-Westphalia,26383,548,632,548,2020-04-16,147,663,33,33,2.5,56,34.3
North_Rhine-Westphalia,27030,647,572,553,2020-04-17,151,726,34,34,2.2,63,39.6
North_Rhine-Westphalia,28006,976,623,625,2020-04-18,156,791,35,35,2.4,65,45.6
North_Rhine-Westphalia,28471,465,601,634,2020-04-19,159,814,36,36,2.2,23,45.6
North_Rhine-Westphalia,28971,500,584,627,2020-04-20,162,857,37,37,2.1,43,48.4
North_Rhine-Westphalia,29389,418,584,601,2020-04-21,164,896,38,38,2.1,39,50.1
North_Rhine-Westphalia,30185,796,621,631,2020-04-22,168,964,39,39,2.1,68,51.0
North_Rhine-Westphalia,30854,669,639,570,2020-04-23,171,999,40,40,2.2,35,48.0
North_Rhine-Westphalia,31106,522,621,581,2020-04-24,173,1052,41,41,2.1,53,46.6
North_Rhine-Westphalia,31465,359,533,553,2020-04-25,175,1084,42,42,1.7,32,41.9
Rhineland-Palatinate,168,0,0,0,2020-03-15,4,0,1,0,0,0,0
Rhineland-Palatinate,325,157,0,0,2020-03-16,8,0,2,0,0,0,0
Rhineland-Palatinate,442,117,0,0,2020-03-17,11,0,3,0,0,0,0
Rhineland-Palatinate,474,32,0,0,2020-03-18,12,0,4,0,32.7,0,0
Rhineland-Palatinate,637,163,0,0,2020-03-19,16,0,5,0,25.1,0,0
Rhineland-Palatinate,801,164,0,127,2020-03-20,20,1,6,0,23.2,1,0
Rhineland-Palatinate,938,137,110,123,2020-03-21,23,1,7,0,24.3,0,0.1
Rhineland-Palatinate,1053,115,126,122,2020-03-22,26,2,8,0,17.6,1,0.3
Rhineland-Palatinate,1177,124,122,141,2020-03-23,29,2,9,0,13.4,0,0.3
Rhineland-Palatinate,1370,193,133,147,2020-03-24,34,5,10,1,13.6,3,0.7
Rhineland-Palatinate,1591,221,160,158,2020-03-25,39,5,11,2,14.9,0,0.7
Rhineland-Palatinate,1816,225,168,176,2020-03-26,44,6,12,3,15.4,1,0.9
Rhineland-Palatinate,1971,155,167,184,2020-03-27,48,8,13,4,12.6,2,1.0
Rhineland-Palatinate,2212,241,182,207,2020-03-28,54,11,14,5,11.5,3,1.4
Rhineland-Palatinate,2396,184,192,205,2020-03-29,59,12,15,6,9.7,1,1.4
Rhineland-Palatinate,2584,188,201,199,2020-03-30,63,18,16,7,9.3,6,2.3
Rhineland-Palatinate,2726,142,194,182,2020-03-31,67,19,17,8,7.1,1,2.0
Rhineland-Palatinate,2899,173,187,186,2020-04-01,71,23,18,9,6.5,4,2.6
Rhineland-Palatinate,3132,233,188,184,2020-04-02,77,26,19,10,6.7,3,2.9
Rhineland-Palatinate,3362,230,199,193,2020-04-03,82,26,20,11,7.3,0,2.6
Rhineland-Palatinate,3504,142,185,184,2020-04-04,86,29,21,12,5.9,3,2.6
Rhineland-Palatinate,3663,159,181,187,2020-04-05,90,32,22,13,5.4,3,2.9
Rhineland-Palatinate,3882,219,185,197,2020-04-06,95,32,23,14,5.3,0,2.0
Rhineland-Palatinate,3992,110,181,172,2020-04-07,98,34,24,15,4.9,2,2.1
Rhineland-Palatinate,4148,156,178,157,2020-04-08,102,45,25,16,4.6,11,3.1
Rhineland-Palatinate,4336,188,172,166,2020-04-09,106,50,26,17,4.3,5,3.4
Rhineland-Palatinate,4440,104,154,155,2020-04-10,109,51,27,18,3.7,1,3.6
Rhineland-Palatinate,4622,182,160,148,2020-04-11,113,59,28,19,3.7,8,4.3
Rhineland-Palatinate,4734,112,153,148,2020-04-12,116,64,29,20,3.4,5,4.6
Rhineland-Palatinate,4810,76,133,132,2020-04-13,118,68,30,21,2.9,4,5.1
Rhineland-Palatinate,4880,70,127,109,2020-04-14,119,70,31,22,2.7,2,5.1
Rhineland-Palatinate,5004,124,122,113,2020-04-15,123,77,32,23,2.5,7,4.6
Rhineland-Palatinate,5087,83,107,93,2020-04-16,125,87,33,24,2.2,10,5.3
Rhineland-Palatinate,5211,124,110,95,2020-04-17,128,92,34,25,2.2,5,5.9
Rhineland-Palatinate,5324,113,100,103,2020-04-18,130,99,35,26,2.0,7,5.7
Rhineland-Palatinate,5432,108,100,110,2020-04-19,133,106,36,27,1.9,7,6.0
Rhineland-Palatinate,5523,91,102,104,2020-04-20,135,107,37,28,1.9,1,5.6
Rhineland-Palatinate,5561,38,97,95,2020-04-21,136,116,38,29,1.8,9,6.6
Rhineland-Palatinate,5593,32,84,76,2020-04-22,137,122,39,30,1.5,6,6.4
Rhineland-Palatinate,5643,50,79,64,2020-04-23,138,131,40,31,1.4,9,6.3
Rhineland-Palatinate,5731,88,74,60,2020-04-24,140,136,41,32,1.3,5,6.3
Rhineland-Palatinate,5767,36,63,49,2020-04-25,141,138,42,33,1.1,2,5.6
Saarland,32,0,0,355,2020-03-15,3,0,0,0,0.0,0.0,0
Saarland,32,0,0,324,2020-03-16,3,0,0,0,0.0,0,0
Saarland,75,43,0,295,2020-03-17,8,0,0,0,0.0,0,0
Saarland,88,13,0,277,2020-03-18,9,0,0,0,0.0,0,0
Saarland,99,11,0,13,2020-03-19,10,0,0,0,0.0,0,0
Saarland,146,47,0,23,2020-03-20,15,0,1,0,0.0,0,0
Saarland,187,41,22,31,2020-03-21,19,0,2,0,19.9,0,0.0
Saarland,187,0,22,22,2020-03-22,19,0,3,0,15.4,0,0.0
Saarland,200,13,24,22,2020-03-23,20,0,4,0,13.8,0,0.0
Saarland,337,137,37,48,2020-03-24,34,1,5,0,19.6,1,0.1
Saarland,403,66,45,51,2020-03-25,41,2,6,0,18.6,1,0.3
Saarland,433,30,48,49,2020-03-26,44,2,7,0,15.2,0,0.3
Saarland,505,72,51,64,2020-03-27,51,2,8,0,13.1,0,0.3
Saarland,550,45,52,70,2020-03-28,56,2,9,0,11.6,0,0.3
Saarland,560,10,53,45,2020-03-29,57,2,10,0,10.7,0,0.3
Saarland,706,146,72,61,2020-03-30,71,7,11,1,13.4,5,1.0
Saarland,782,76,64,70,2020-03-31,79,7,12,2,10.5,0,0.9
Saarland,829,47,61,65,2020-04-01,84,8,13,3,8.9,1,0.9
Saarland,1020,191,84,94,2020-04-02,103,11,14,4,10.9,3,1.3
Saarland,1079,59,82,104,2020-04-03,109,12,15,5,9.4,1,1.4
Saarland,1265,255,112,126,2020-04-04,128,14,16,6,11.5,2,1.7
Saarland,1358,93,124,129,2020-04-05,137,14,17,7,11.0,0,1.7
Saarland,1483,125,121,145,2020-04-06,150,14,18,8,9.8,0,1.0
Saarland,1532,49,117,116,2020-04-07,155,16,19,9,8.5,2,1.3
Saarland,1637,105,125,125,2020-04-08,165,23,20,10,8.6,7,2.1
Saarland,1693,56,106,86,2020-04-09,171,23,21,11,6.8,0,1.7
Saarland,1854,161,121,99,2020-04-10,187,36,22,12,7.4,13,3.4
Saarland,2016,162,107,107,2020-04-11,204,41,23,13,6.2,5,3.9
Saarland,2058,42,100,105,2020-04-12,208,43,24,14,5.4,2,4.1
Saarland,2079,21,85,88,2020-04-13,210,44,25,15,4.3,1,4.3
Saarland,2112,33,83,84,2020-04-14,213,52,26,16,4.0,8,5.1
Saarland,2145,33,73,58,2020-04-15,217,58,27,17,3.5,6,5.0
Saarland,2201,56,73,37,2020-04-16,222,71,28,18,3.4,13,6.9
Saarland,2254,53,57,39,2020-04-17,228,76,29,19,2.7,5,5.7
Saarland,2289,35,39,42,2020-04-18,231,86,30,20,1.8,10,6.4
Saarland,2303,14,35,38,2020-04-19,233,91,31,21,1.6,5,6.9
Saarland,2314,11,34,34,2020-04-20,234,91,32,22,1.5,0,6.7
Saarland,2328,14,31,25,2020-04-21,235,93,33,23,1.3,2,5.9
Saarland,2367,39,32,23,2020-04-22,239,97,34,24,1.4,4,5.6
Saarland,2395,28,28,21,2020-04-23,242,99,35,25,1.2,2,4.0
Saarland,2445,50,27,28,2020-04-24,247,105,36,26,1.2,6,4.1
Saarland,2468,23,26,31,2020-04-25,249,107,37,27,1.1,2,3.0
Saxony,130,0,0,0,2020-03-15,2,0,1,0,0,0,0
Saxony,140,10,0,0,2020-03-16,3,0,2,0,0,0,0
Saxony,182,79,0,0,2020-03-17,5,0,3,0,0,0,0
Saxony,198,16,0,0,2020-03-18,5,0,4,0,23.2,0,0
Saxony,275,77,0,0,2020-03-19,7,0,5,0,32.9,0,0
Saxony,394,119,0,60,2020-03-20,10,0,6,0,32.5,0,0
Saxony,567,173,68,93,2020-03-21,14,0,7,0,42.6,0,0.0
Saxony,606,39,73,85,2020-03-22,15,0,8,0,26.7,0,0.0
Saxony,653,47,79,91,2020-03-23,16,0,9,0,16.5,0,0.0
Saxony,811,158,90,107,2020-03-24,20,1,10,0,13.3,1,0.1
Saxony,959,148,109,113,2020-03-25,24,6,11,1,17.1,5,0.9
Saxony,1141,182,124,115,2020-03-26,28,7,12,2,20.2,1,1.0
Saxony,1305,164,130,140,2020-03-27,32,7,13,3,17,0,1.0
Saxony,1432,127,124,156,2020-03-28,35,9,14,4,13.9,2,1.3
Saxony,1617,185,144,161,2020-03-29,40,9,15,5,12.3,0,1.3
Saxony,1795,178,163,167,2020-03-30,44,9,16,6,11.2,0,1.3
Saxony,1882,87,153,148,2020-03-31,46,12,17,7,9.3,3,1.6
Saxony,2034,152,154,146,2020-04-01,50,17,18,8,7.9,5,1.6
Saxony,2183,149,149,150,2020-04-02,54,18,19,9,6.8,1,1.6
Saxony,2336,153,147,144,2020-04-03,57,21,20,10,7.4,3,2.0
Saxony,2591,255,166,159,2020-04-04,64,24,21,11,7.6,3,2.1
Saxony,2741,150,161,172,2020-04-05,67,32,22,12,6.8,8,3.3
Saxony,2903,162,158,174,2020-04-06,71,34,23,13,6.2,2,3.6
Saxony,2997,94,159,163,2020-04-07,73,38,24,14,5.8,4,3.7
Saxony,3144,105,153,153,2020-04-08,77,50,25,15,5.3,12,4.7
Saxony,3261,117,148,126,2020-04-09,80,52,26,16,4.9,2,4.9
Saxony,3402,141,146,124,2020-04-10,83,59,27,17,4.7,7,5.4
Saxony,3565,163,133,124,2020-04-11,87,65,28,18,4.1,6,5.9
Saxony,3600,35,117,112,2020-04-12,88,67,29,19,3.4,2,5.0
Saxony,3655,55,101,102,2020-04-13,90,68,30,20,2.9,1,4.9
Saxony,3751,96,102,98,2020-04-14,92,70,31,21,2.8,2,4.6
Saxony,3819,68,96,83,2020-04-15,94,73,32,22,2.6,3,3.3
Saxony,3955,136,99,78,2020-04-16,97,94,33,23,2.6,21,6.0
Saxony,4048,93,92,90,2020-04-17,99,95,34,24,2.4,1,5.1
Saxony,4140,92,82,97,2020-04-18,102,103,35,25,2.1,8,5.4
Saxony,4190,50,84,88,2020-04-19,103,107,36,26,2.1,4,5.7
Saxony,4229,39,82,82,2020-04-20,104,109,37,27,2.0,2,5.9
Saxony,4253,24,72,60,2020-04-21,104,117,38,28,1.7,8,6.7
Saxony,4273,20,65,45,2020-04-22,105,122,39,29,1.5,5,7.0
Saxony,4327,54,53,37,2020-04-23,106,127,40,30,1.2,5,4.7
Saxony,4377,50,47,37,2020-04-24,107,135,41,31,1.1,8,5.7
Saxony,4406,29,38,35,2020-04-25,108,141,42,32,0.9,6,5.4
Schleswig-Holstein,103,0,0,0,2020-03-15,3,0,1,0,0,0,0
Schleswig-Holstein,123,20,0,0,2020-03-16,4,0,2,0,0,0,0
Schleswig-Holstein,127,23,0,0,2020-03-17,4,0,3,0,0,0,0
Schleswig-Holstein,159,32,0,0,2020-03-18,6,0,4,0,21.2,0,0
Schleswig-Holstein,202,43,0,0,2020-03-19,7,0,5,0,24.2,0,0
Schleswig-Holstein,266,64,0,36,2020-03-20,9,1,6,0,28.3,1,0
Schleswig-Holstein,308,42,32,41,2020-03-21,11,1,7,0,23.9,0,0.1
Schleswig-Holstein,347,39,38,44,2020-03-22,12,1,8,0,18.6,0,0.1
Schleswig-Holstein,383,36,40,45,2020-03-23,13,1,9,0,12.7,0,0.1
Schleswig-Holstein,478,95,50,55,2020-03-24,17,2,10,0,16.5,1,0.3
Schleswig-Holstein,577,99,60,62,2020-03-25,20,3,11,0,19.1,1,0.4
Schleswig-Holstein,675,98,68,73,2020-03-26,23,3,12,0,20.2,0,0.4
Schleswig-Holstein,812,137,78,93,2020-03-27,28,4,13,0,19.2,1,0.4
Schleswig-Holstein,915,103,87,106,2020-03-28,32,4,14,0,16.4,0,0.4
Schleswig-Holstein,1005,90,94,105,2020-03-29,35,6,15,1,11.7,2,0.7
Schleswig-Holstein,1049,44,95,94,2020-03-30,36,7,16,2,10.4,1,0.9
Schleswig-Holstein,1120,71,92,89,2020-03-31,39,9,17,3,9.3,2,1.0
Schleswig-Holstein,1246,126,96,87,2020-04-01,43,10,18,4,9.0,1,1.0
Schleswig-Holstein,1335,89,94,84,2020-04-02,46,11,19,5,8.3,1,1.1
Schleswig-Holstein,1443,108,90,88,2020-04-03,50,15,20,6,7.3,4,1.6
Schleswig-Holstein,1559,116,92,102,2020-04-04,54,17,21,7,6.9,2,1.9
Schleswig-Holstein,1631,72,89,102,2020-04-05,56,18,22,8,6.2,1,1.7
Schleswig-Holstein,1671,40,89,85,2020-04-06,58,20,23,9,5.8,2,1.9
Schleswig-Holstein,1730,59,87,79,2020-04-07,60,24,24,10,5.4,4,2.1
Schleswig-Holstein,1827,97,83,77,2020-04-08,63,28,25,11,4.9,4,2.6
Schleswig-Holstein,1932,105,85,75,2020-04-09,67,34,26,12,4.9,6,3.3
Schleswig-Holstein,2029,97,84,80,2020-04-10,70,38,27,13,4.6,4,3.3
Schleswig-Holstein,2065,36,72,79,2020-04-11,71,39,28,14,3.7,1,3.1
Schleswig-Holstein,2118,53,70,78,2020-04-12,73,41,29,15,3.5,2,3.3
Schleswig-Holstein,2134,16,66,61,2020-04-13,74,44,30,16,3.2,3,3.4
Schleswig-Holstein,2164,30,62,46,2020-04-14,75,49,31,17,2.9,5,3.6
Schleswig-Holstein,2245,81,60,43,2020-04-15,78,54,32,18,2.8,5,3.7
Schleswig-Holstein,2294,49,52,46,2020-04-16,79,55,33,19,2.4,1,3.0
Schleswig-Holstein,2349,81,49,51,2020-04-17,81,59,34,20,2.2,4,3.0
Schleswig-Holstein,2387,38,50,56,2020-04-18,82,61,35,21,2.2,2,3.1
Schleswig-Holstein,2417,30,46,56,2020-04-19,83,62,36,22,2.0,1,3.0
Schleswig-Holstein,2426,9,45,41,2020-04-20,84,67,37,23,1.9,5,3.3
Schleswig-Holstein,2414,-12,39,29,2020-04-21,83,70,38,24,1.6,3,3.0
Schleswig-Holstein,2496,82,40,29,2020-04-22,87,79,39,25,1.6,9,3.6
Schleswig-Holstein,2530,34,37,29,2020-04-23,87,84,40,26,1.5,5,4.1
Schleswig-Holstein,2557,27,30,28,2020-04-24,88,88,41,27,1.2,4,4.1
Schleswig-Holstein,2612,55,32,37,2020-04-25,90,95,42,28,1.3,7,4.9