,dateRep,day,month,year,cases,deaths,countriesAndTerritories,geoId,countryterritoryCode,popData2018,cum_cases,cum_deaths,Days_10cases,Days_5deaths,cases_doubling,deaths_doubling
1,2019-12-31,31,12,2019,0,0,Belgium,BE,BEL,11422068,0,0,0,0,12,12
2,2020-01-01,1,1,2020,0,0,Belgium,BE,BEL,11422068,0,0,0,0,12,12
3,2020-01-02,2,1,2020,0,0,Belgium,BE,BEL,11422068,0,0,0,0,12,12
4,2020-01-03,3,1,2020,0,0,Belgium,BE,BEL,11422068,0,0,0,0,12,12
5,2020-01-04,4,1,2020,0,0,Belgium,BE,BEL,11422068,0,0,0,0,12,12
6,2020-01-05,5,1,2020,0,0,Belgium,BE,BEL,11422068,0,0,0,0,12,12
7,2020-01-06,6,1,2020,0,0,Belgium,BE,BEL,11422068,0,0,0,0,12,12
8,2020-01-07,7,1,2020,0,0,Belgium,BE,BEL,11422068,0,0,0,0,12,12
9,2020-01-08,8,1,2020,0,0,Belgium,BE,BEL,11422068,0,0,0,0,12,12
10,2020-01-09,9,1,2020,0,0,Belgium,BE,BEL,11422068,0,0,0,0,12,12
11,2020-01-10,10,1,2020,0,0,Belgium,BE,BEL,11422068,0,0,0,0,12,12
12,2020-01-11,11,1,2020,0,0,Belgium,BE,BEL,11422068,0,0,0,0,12,12
13,2020-01-12,12,1,2020,0,0,Belgium,BE,BEL,11422068,0,0,0,0,12,12
14,2020-01-13,13,1,2020,0,0,Belgium,BE,BEL,11422068,0,0,0,0,12,12
15,2020-01-14,14,1,2020,0,0,Belgium,BE,BEL,11422068,0,0,0,0,12,12
16,2020-01-15,15,1,2020,0,0,Belgium,BE,BEL,11422068,0,0,0,0,12,12
17,2020-01-16,16,1,2020,0,0,Belgium,BE,BEL,11422068,0,0,0,0,12,12
18,2020-01-17,17,1,2020,0,0,Belgium,BE,BEL,11422068,0,0,0,0,12,12
19,2020-01-18,18,1,2020,0,0,Belgium,BE,BEL,11422068,0,0,0,0,12,12
20,2020-01-19,19,1,2020,0,0,Belgium,BE,BEL,11422068,0,0,0,0,12,12
21,2020-01-20,20,1,2020,0,0,Belgium,BE,BEL,11422068,0,0,0,0,12,12
22,2020-01-21,21,1,2020,0,0,Belgium,BE,BEL,11422068,0,0,0,0,12,12
23,2020-01-22,22,1,2020,0,0,Belgium,BE,BEL,11422068,0,0,0,0,12,12
24,2020-01-23,23,1,2020,0,0,Belgium,BE,BEL,11422068,0,0,0,0,12,12
25,2020-01-24,24,1,2020,0,0,Belgium,BE,BEL,11422068,0,0,0,0,12,12
26,2020-01-25,25,1,2020,0,0,Belgium,BE,BEL,11422068,0,0,0,0,12,12
27,2020-01-26,26,1,2020,0,0,Belgium,BE,BEL,11422068,0,0,0,0,12,12
28,2020-01-27,27,1,2020,0,0,Belgium,BE,BEL,11422068,0,0,0,0,12,12
29,2020-01-28,28,1,2020,0,0,Belgium,BE,BEL,11422068,0,0,0,0,12,12
30,2020-01-29,29,1,2020,0,0,Belgium,BE,BEL,11422068,0,0,0,0,12,12
31,2020-01-30,30,1,2020,0,0,Belgium,BE,BEL,11422068,0,0,0,0,12,12
32,2020-01-31,31,1,2020,0,0,Belgium,BE,BEL,11422068,0,0,0,0,12,12
33,2020-02-01,1,2,2020,0,0,Belgium,BE,BEL,11422068,0,0,0,0,12,12
34,2020-02-02,2,2,2020,0,0,Belgium,BE,BEL,11422068,0,0,0,0,12,12
35,2020-02-03,3,2,2020,0,0,Belgium,BE,BEL,11422068,0,0,0,0,12,12
36,2020-02-04,4,2,2020,1,0,Belgium,BE,BEL,11422068,1,0,0,0,12,12
37,2020-02-05,5,2,2020,0,0,Belgium,BE,BEL,11422068,1,0,0,0,12,12
38,2020-02-06,6,2,2020,0,0,Belgium,BE,BEL,11422068,1,0,0,0,12,12
39,2020-02-07,7,2,2020,0,0,Belgium,BE,BEL,11422068,1,0,0,0,12,12
40,2020-02-08,8,2,2020,0,0,Belgium,BE,BEL,11422068,1,0,0,0,12,12
41,2020-02-09,9,2,2020,0,0,Belgium,BE,BEL,11422068,1,0,0,0,12,12
42,2020-02-10,10,2,2020,0,0,Belgium,BE,BEL,11422068,1,0,0,0,12,12
43,2020-02-11,11,2,2020,0,0,Belgium,BE,BEL,11422068,1,0,0,0,12,12
44,2020-02-12,12,2,2020,0,0,Belgium,BE,BEL,11422068,1,0,0,0,12,12
45,2020-02-13,13,2,2020,0,0,Belgium,BE,BEL,11422068,1,0,0,0,12,12
46,2020-02-14,14,2,2020,0,0,Belgium,BE,BEL,11422068,1,0,0,0,12,12
47,2020-02-15,15,2,2020,0,0,Belgium,BE,BEL,11422068,1,0,0,0,12,12
48,2020-02-16,16,2,2020,0,0,Belgium,BE,BEL,11422068,1,0,0,0,12,12
49,2020-02-17,17,2,2020,0,0,Belgium,BE,BEL,11422068,1,0,0,0,12,12
50,2020-02-18,18,2,2020,0,0,Belgium,BE,BEL,11422068,1,0,0,0,12,12
51,2020-02-19,19,2,2020,0,0,Belgium,BE,BEL,11422068,1,0,0,0,12,12
52,2020-02-20,20,2,2020,0,0,Belgium,BE,BEL,11422068,1,0,0,0,12,12
53,2020-02-21,21,2,2020,0,0,Belgium,BE,BEL,11422068,1,0,0,0,12,12
54,2020-02-22,22,2,2020,0,0,Belgium,BE,BEL,11422068,1,0,0,0,12,12
55,2020-02-23,23,2,2020,0,0,Belgium,BE,BEL,11422068,1,0,0,0,12,12
56,2020-02-24,24,2,2020,0,0,Belgium,BE,BEL,11422068,1,0,0,0,12,12
57,2020-02-25,25,2,2020,0,0,Belgium,BE,BEL,11422068,1,0,0,0,12,12
58,2020-02-26,26,2,2020,0,0,Belgium,BE,BEL,11422068,1,0,0,0,12,12
59,2020-02-27,27,2,2020,0,0,Belgium,BE,BEL,11422068,1,0,0,0,12,12
60,2020-02-28,28,2,2020,0,0,Belgium,BE,BEL,11422068,1,0,0,0,12,12
61,2020-02-29,29,2,2020,0,0,Belgium,BE,BEL,11422068,1,0,0,0,12,12
62,2020-03-01,1,3,2020,0,0,Belgium,BE,BEL,11422068,1,0,0,0,12,12
63,2020-03-02,2,3,2020,1,0,Belgium,BE,BEL,11422068,2,0,0,0,12,12
64,2020-03-03,3,3,2020,6,0,Belgium,BE,BEL,11422068,8,0,0,0,12,12
65,2020-03-04,4,3,2020,5,0,Belgium,BE,BEL,11422068,13,0,1,0,2,12
66,2020-03-05,5,3,2020,10,0,Belgium,BE,BEL,11422068,23,0,2,0,2,12
67,2020-03-06,6,3,2020,27,0,Belgium,BE,BEL,11422068,50,0,3,0,1,12
68,2020-03-07,7,3,2020,59,0,Belgium,BE,BEL,11422068,109,0,4,0,1,12
69,2020-03-08,8,3,2020,60,0,Belgium,BE,BEL,11422068,169,0,5,0,2,12
70,2020-03-09,9,3,2020,31,0,Belgium,BE,BEL,11422068,200,0,6,0,3,12
71,2020-03-10,10,3,2020,39,0,Belgium,BE,BEL,11422068,239,0,7,0,3,12
72,2020-03-11,11,3,2020,28,0,Belgium,BE,BEL,11422068,267,0,8,0,4,12
73,2020-03-12,12,3,2020,47,3,Belgium,BE,BEL,11422068,314,3,9,0,5,12
74,2020-03-13,13,3,2020,85,0,Belgium,BE,BEL,11422068,399,3,10,0,5,12
75,2020-03-14,14,3,2020,160,0,Belgium,BE,BEL,11422068,559,3,11,0,3,12
76,2020-03-15,15,3,2020,130,1,Belgium,BE,BEL,11422068,689,4,12,0,3,12
77,2020-03-16,16,3,2020,197,0,Belgium,BE,BEL,11422068,886,4,13,0,3,12
78,2020-03-17,17,3,2020,199,1,Belgium,BE,BEL,11422068,1085,5,14,1,4,6
79,2020-03-18,18,3,2020,158,0,Belgium,BE,BEL,11422068,1243,5,15,2,4,7
80,2020-03-19,19,3,2020,243,9,Belgium,BE,BEL,11422068,1486,14,16,3,4,1
81,2020-03-20,20,3,2020,309,7,Belgium,BE,BEL,11422068,1795,21,17,4,4,2
82,2020-03-21,21,3,2020,462,16,Belgium,BE,BEL,11422068,2257,37,18,5,4,2
83,2020-03-22,22,3,2020,558,30,Belgium,BE,BEL,11422068,2815,67,19,6,4,2
84,2020-03-23,23,3,2020,586,8,Belgium,BE,BEL,11422068,3401,75,20,7,4,2
85,2020-03-24,24,3,2020,342,13,Belgium,BE,BEL,11422068,3743,88,21,8,4,3
86,2020-03-25,25,3,2020,526,34,Belgium,BE,BEL,11422068,4269,122,22,9,5,4
87,2020-03-26,26,3,2020,668,56,Belgium,BE,BEL,11422068,4937,178,23,10,5,2
88,2020-03-27,27,3,2020,1298,42,Belgium,BE,BEL,11422068,6235,220,24,11,5,3
89,2020-03-28,28,3,2020,1049,69,Belgium,BE,BEL,11422068,7284,289,25,12,5,3
90,2020-03-29,29,3,2020,1850,64,Belgium,BE,BEL,11422068,9134,353,26,13,4,4
91,2020-03-30,30,3,2020,1702,78,Belgium,BE,BEL,11422068,10836,431,27,14,4,4
92,2020-03-31,31,3,2020,1063,82,Belgium,BE,BEL,11422068,11899,513,28,15,5,4
93,2020-04-01,1,4,2020,876,192,Belgium,BE,BEL,11422068,12775,705,29,16,5,4
94,2020-04-02,2,4,2020,1189,123,Belgium,BE,BEL,11422068,13964,828,30,17,6,4
95,2020-04-03,3,4,2020,1384,183,Belgium,BE,BEL,11422068,15348,1011,31,18,6,4
96,2020-04-04,4,4,2020,1422,132,Belgium,BE,BEL,11422068,16770,1143,32,19,7,4
97,2020-04-05,5,4,2020,1661,140,Belgium,BE,BEL,11422068,18431,1283,33,20,7,5
98,2020-04-06,6,4,2020,1260,164,Belgium,BE,BEL,11422068,19691,1447,34,21,8,5
99,2020-04-07,7,4,2020,1123,185,Belgium,BE,BEL,11422068,20814,1632,35,22,9,6
100,2020-04-08,8,4,2020,1380,403,Belgium,BE,BEL,11422068,22194,2035,36,23,9,5
101,2020-04-09,9,4,2020,1209,205,Belgium,BE,BEL,11422068,23403,2240,37,24,10,6
102,2020-04-10,10,4,2020,1580,283,Belgium,BE,BEL,11422068,24983,2523,38,25,10,6
103,2020-04-11,11,4,2020,1684,496,Belgium,BE,BEL,11422068,26667,3019,39,26,10,5
104,2020-04-12,12,4,2020,1351,327,Belgium,BE,BEL,11422068,28018,3346,40,27,10,5
105,2020-04-13,13,4,2020,1629,254,Belgium,BE,BEL,11422068,29647,3600,41,28,11,6
106,2020-04-14,14,4,2020,942,303,Belgium,BE,BEL,11422068,30589,3903,42,29,11,7
107,2019-12-31,31,12,2019,0,0,Canada,CA,CAN,37058856,0,0,0,0,12,12
108,2020-01-01,1,1,2020,0,0,Canada,CA,CAN,37058856,0,0,0,0,12,12
109,2020-01-02,2,1,2020,0,0,Canada,CA,CAN,37058856,0,0,0,0,12,12
110,2020-01-03,3,1,2020,0,0,Canada,CA,CAN,37058856,0,0,0,0,12,12
111,2020-01-04,4,1,2020,0,0,Canada,CA,CAN,37058856,0,0,0,0,12,12
112,2020-01-05,5,1,2020,0,0,Canada,CA,CAN,37058856,0,0,0,0,12,12
113,2020-01-06,6,1,2020,0,0,Canada,CA,CAN,37058856,0,0,0,0,12,12
114,2020-01-07,7,1,2020,0,0,Canada,CA,CAN,37058856,0,0,0,0,12,12
115,2020-01-08,8,1,2020,0,0,Canada,CA,CAN,37058856,0,0,0,0,12,12
116,2020-01-09,9,1,2020,0,0,Canada,CA,CAN,37058856,0,0,0,0,12,12
117,2020-01-10,10,1,2020,0,0,Canada,CA,CAN,37058856,0,0,0,0,12,12
118,2020-01-11,11,1,2020,0,0,Canada,CA,CAN,37058856,0,0,0,0,12,12
119,2020-01-12,12,1,2020,0,0,Canada,CA,CAN,37058856,0,0,0,0,12,12
120,2020-01-13,13,1,2020,0,0,Canada,CA,CAN,37058856,0,0,0,0,12,12
121,2020-01-14,14,1,2020,0,0,Canada,CA,CAN,37058856,0,0,0,0,12,12
122,2020-01-15,15,1,2020,0,0,Canada,CA,CAN,37058856,0,0,0,0,12,12
123,2020-01-16,16,1,2020,0,0,Canada,CA,CAN,37058856,0,0,0,0,12,12
124,2020-01-17,17,1,2020,0,0,Canada,CA,CAN,37058856,0,0,0,0,12,12
125,2020-01-18,18,1,2020,0,0,Canada,CA,CAN,37058856,0,0,0,0,12,12
126,2020-01-19,19,1,2020,0,0,Canada,CA,CAN,37058856,0,0,0,0,12,12
127,2020-01-20,20,1,2020,0,0,Canada,CA,CAN,37058856,0,0,0,0,12,12
128,2020-01-21,21,1,2020,0,0,Canada,CA,CAN,37058856,0,0,0,0,12,12
129,2020-01-22,22,1,2020,0,0,Canada,CA,CAN,37058856,0,0,0,0,12,12
130,2020-01-23,23,1,2020,0,0,Canada,CA,CAN,37058856,0,0,0,0,12,12
131,2020-01-24,24,1,2020,0,0,Canada,CA,CAN,37058856,0,0,0,0,12,12
132,2020-01-25,25,1,2020,0,0,Canada,CA,CAN,37058856,0,0,0,0,12,12
133,2020-01-26,26,1,2020,1,0,Canada,CA,CAN,37058856,1,0,0,0,12,12
134,2020-01-27,27,1,2020,0,0,Canada,CA,CAN,37058856,1,0,0,0,12,12
135,2020-01-28,28,1,2020,1,0,Canada,CA,CAN,37058856,2,0,0,0,12,12
136,2020-01-29,29,1,2020,1,0,Canada,CA,CAN,37058856,3,0,0,0,12,12
137,2020-01-30,30,1,2020,0,0,Canada,CA,CAN,37058856,3,0,0,0,12,12
138,2020-01-31,31,1,2020,0,0,Canada,CA,CAN,37058856,3,0,0,0,12,12
139,2020-02-01,1,2,2020,1,0,Canada,CA,CAN,37058856,4,0,0,0,12,12
140,2020-02-02,2,2,2020,0,0,Canada,CA,CAN,37058856,4,0,0,0,12,12
141,2020-02-03,3,2,2020,0,0,Canada,CA,CAN,37058856,4,0,0,0,12,12
142,2020-02-04,4,2,2020,0,0,Canada,CA,CAN,37058856,4,0,0,0,12,12
143,2020-02-05,5,2,2020,1,0,Canada,CA,CAN,37058856,5,0,0,0,12,12
144,2020-02-06,6,2,2020,0,0,Canada,CA,CAN,37058856,5,0,0,0,12,12
145,2020-02-07,7,2,2020,2,0,Canada,CA,CAN,37058856,7,0,0,0,12,12
146,2020-02-08,8,2,2020,0,0,Canada,CA,CAN,37058856,7,0,0,0,12,12
147,2020-02-09,9,2,2020,0,0,Canada,CA,CAN,37058856,7,0,0,0,12,12
148,2020-02-10,10,2,2020,0,0,Canada,CA,CAN,37058856,7,0,0,0,12,12
149,2020-02-11,11,2,2020,0,0,Canada,CA,CAN,37058856,7,0,0,0,12,12
150,2020-02-12,12,2,2020,0,0,Canada,CA,CAN,37058856,7,0,0,0,12,12
151,2020-02-13,13,2,2020,0,0,Canada,CA,CAN,37058856,7,0,0,0,12,12
152,2020-02-14,14,2,2020,0,0,Canada,CA,CAN,37058856,7,0,0,0,12,12
153,2020-02-15,15,2,2020,1,0,Canada,CA,CAN,37058856,8,0,0,0,12,12
154,2020-02-16,16,2,2020,0,0,Canada,CA,CAN,37058856,8,0,0,0,12,12
155,2020-02-17,17,2,2020,0,0,Canada,CA,CAN,37058856,8,0,0,0,12,12
156,2020-02-18,18,2,2020,0,0,Canada,CA,CAN,37058856,8,0,0,0,12,12
157,2020-02-19,19,2,2020,0,0,Canada,CA,CAN,37058856,8,0,0,0,12,12
158,2020-02-20,20,2,2020,0,0,Canada,CA,CAN,37058856,8,0,0,0,12,12
159,2020-02-21,21,2,2020,1,0,Canada,CA,CAN,37058856,9,0,0,0,12,12
160,2020-02-22,22,2,2020,0,0,Canada,CA,CAN,37058856,9,0,0,0,12,12
161,2020-02-23,23,2,2020,0,0,Canada,CA,CAN,37058856,9,0,0,0,12,12
162,2020-02-24,24,2,2020,0,0,Canada,CA,CAN,37058856,9,0,0,0,12,12
163,2020-02-25,25,2,2020,2,0,Canada,CA,CAN,37058856,11,0,1,0,11,12
164,2020-02-26,26,2,2020,0,0,Canada,CA,CAN,37058856,11,0,2,0,11,12
165,2020-02-27,27,2,2020,1,0,Canada,CA,CAN,37058856,12,0,3,0,11,12
166,2020-02-28,28,2,2020,2,0,Canada,CA,CAN,37058856,14,0,4,0,11,12
167,2020-02-29,29,2,2020,2,0,Canada,CA,CAN,37058856,16,0,5,0,9,12
168,2020-03-01,1,3,2020,4,0,Canada,CA,CAN,37058856,20,0,6,0,6,12
169,2020-03-02,2,3,2020,4,0,Canada,CA,CAN,37058856,24,0,7,0,4,12
170,2020-03-03,3,3,2020,3,0,Canada,CA,CAN,37058856,27,0,8,0,5,12
171,2020-03-04,4,3,2020,3,0,Canada,CA,CAN,37058856,30,0,9,0,5,12
172,2020-03-05,5,3,2020,3,0,Canada,CA,CAN,37058856,33,0,10,0,5,12
173,2020-03-06,6,3,2020,12,0,Canada,CA,CAN,37058856,45,0,11,0,5,12
174,2020-03-07,7,3,2020,6,0,Canada,CA,CAN,37058856,51,0,12,0,5,12
175,2020-03-08,8,3,2020,6,0,Canada,CA,CAN,37058856,57,0,13,0,5,12
176,2020-03-09,9,3,2020,5,0,Canada,CA,CAN,37058856,62,0,14,0,5,12
177,2020-03-10,10,3,2020,15,1,Canada,CA,CAN,37058856,77,1,15,0,5,12
178,2020-03-11,11,3,2020,16,0,Canada,CA,CAN,37058856,93,1,16,0,5,12
179,2020-03-12,12,3,2020,10,0,Canada,CA,CAN,37058856,103,1,17,0,5,12
180,2020-03-13,13,3,2020,35,0,Canada,CA,CAN,37058856,138,1,18,0,4,12
181,2020-03-14,14,3,2020,38,0,Canada,CA,CAN,37058856,176,1,19,0,4,12
182,2020-03-15,15,3,2020,68,0,Canada,CA,CAN,37058856,244,1,20,0,3,12
183,2020-03-16,16,3,2020,60,0,Canada,CA,CAN,37058856,304,1,21,0,3,12
184,2020-03-17,17,3,2020,120,3,Canada,CA,CAN,37058856,424,4,22,0,3,12
185,2020-03-18,18,3,2020,145,4,Canada,CA,CAN,37058856,569,8,23,1,3,1
186,2020-03-19,19,3,2020,121,1,Canada,CA,CAN,37058856,690,9,24,2,3,2
187,2020-03-20,20,3,2020,156,1,Canada,CA,CAN,37058856,846,10,25,3,4,3
188,2020-03-21,21,3,2020,125,2,Canada,CA,CAN,37058856,971,12,26,4,4,4
189,2020-03-22,22,3,2020,260,1,Canada,CA,CAN,37058856,1231,13,27,5,4,5
190,2020-03-23,23,3,2020,199,5,Canada,CA,CAN,37058856,1430,18,28,6,4,4
191,2020-03-24,24,3,2020,216,6,Canada,CA,CAN,37058856,1646,24,29,7,5,3
192,2020-03-25,25,3,2020,313,3,Canada,CA,CAN,37058856,1959,27,30,8,4,3
193,2020-03-26,26,3,2020,1426,8,Canada,CA,CAN,37058856,3385,35,31,9,2,4
194,2020-03-27,27,3,2020,633,4,Canada,CA,CAN,37058856,4018,39,32,10,2,4
195,2020-03-28,28,3,2020,671,14,Canada,CA,CAN,37058856,4689,53,33,11,3,4
196,2020-03-29,29,3,2020,697,7,Canada,CA,CAN,37058856,5386,60,34,12,4,4
197,2020-03-30,30,3,2020,869,1,Canada,CA,CAN,37058856,6255,61,35,13,5,5
198,2020-03-31,31,3,2020,1169,28,Canada,CA,CAN,37058856,7424,89,36,14,5,4
199,2020-04-01,1,4,2020,1112,7,Canada,CA,CAN,37058856,8536,96,37,15,5,5
200,2020-04-02,2,4,2020,1059,13,Canada,CA,CAN,37058856,9595,109,38,16,5,5
201,2020-04-03,3,4,2020,1673,29,Canada,CA,CAN,37058856,11268,138,39,17,5,4
202,2020-04-04,4,4,2020,1251,49,Canada,CA,CAN,37058856,12519,187,40,18,5,4
203,2020-04-05,5,4,2020,1363,44,Canada,CA,CAN,37058856,13882,231,41,19,6,3
204,2020-04-06,6,4,2020,1614,49,Canada,CA,CAN,37058856,15496,280,42,20,6,3
205,2020-04-07,7,4,2020,1157,43,Canada,CA,CAN,37058856,16653,323,43,21,7,4
206,2020-04-08,8,4,2020,1230,57,Canada,CA,CAN,37058856,17883,380,44,22,7,4
207,2020-04-09,9,4,2020,1391,55,Canada,CA,CAN,37058856,19274,435,45,23,7,5
208,2020-04-10,10,4,2020,1474,74,Canada,CA,CAN,37058856,20748,509,46,24,8,5
209,2020-04-11,11,4,2020,1385,60,Canada,CA,CAN,37058856,22133,569,47,25,9,5
210,2020-04-12,12,4,2020,1168,84,Canada,CA,CAN,37058856,23301,653,48,26,9,5
211,2020-04-13,13,4,2020,1064,64,Canada,CA,CAN,37058856,24365,717,49,27,10,6
212,2020-04-14,14,4,2020,1298,63,Canada,CA,CAN,37058856,25663,780,50,28,10,6
213,2019-12-31,31,12,2019,0,0,Germany,DE,DEU,82927922,0,0,0,0,12,12
214,2020-01-01,1,1,2020,0,0,Germany,DE,DEU,82927922,0,0,0,0,12,12
215,2020-01-02,2,1,2020,0,0,Germany,DE,DEU,82927922,0,0,0,0,12,12
216,2020-01-03,3,1,2020,0,0,Germany,DE,DEU,82927922,0,0,0,0,12,12
217,2020-01-04,4,1,2020,0,0,Germany,DE,DEU,82927922,0,0,0,0,12,12
218,2020-01-05,5,1,2020,0,0,Germany,DE,DEU,82927922,0,0,0,0,12,12
219,2020-01-06,6,1,2020,0,0,Germany,DE,DEU,82927922,0,0,0,0,12,12
220,2020-01-07,7,1,2020,0,0,Germany,DE,DEU,82927922,0,0,0,0,12,12
221,2020-01-08,8,1,2020,0,0,Germany,DE,DEU,82927922,0,0,0,0,12,12
222,2020-01-09,9,1,2020,0,0,Germany,DE,DEU,82927922,0,0,0,0,12,12
223,2020-01-10,10,1,2020,0,0,Germany,DE,DEU,82927922,0,0,0,0,12,12
224,2020-01-11,11,1,2020,0,0,Germany,DE,DEU,82927922,0,0,0,0,12,12
225,2020-01-12,12,1,2020,0,0,Germany,DE,DEU,82927922,0,0,0,0,12,12
226,2020-01-13,13,1,2020,0,0,Germany,DE,DEU,82927922,0,0,0,0,12,12
227,2020-01-14,14,1,2020,0,0,Germany,DE,DEU,82927922,0,0,0,0,12,12
228,2020-01-15,15,1,2020,0,0,Germany,DE,DEU,82927922,0,0,0,0,12,12
229,2020-01-16,16,1,2020,0,0,Germany,DE,DEU,82927922,0,0,0,0,12,12
230,2020-01-17,17,1,2020,0,0,Germany,DE,DEU,82927922,0,0,0,0,12,12
231,2020-01-18,18,1,2020,0,0,Germany,DE,DEU,82927922,0,0,0,0,12,12
232,2020-01-19,19,1,2020,0,0,Germany,DE,DEU,82927922,0,0,0,0,12,12
233,2020-01-20,20,1,2020,0,0,Germany,DE,DEU,82927922,0,0,0,0,12,12
234,2020-01-21,21,1,2020,0,0,Germany,DE,DEU,82927922,0,0,0,0,12,12
235,2020-01-22,22,1,2020,0,0,Germany,DE,DEU,82927922,0,0,0,0,12,12
236,2020-01-23,23,1,2020,0,0,Germany,DE,DEU,82927922,0,0,0,0,12,12
237,2020-01-24,24,1,2020,0,0,Germany,DE,DEU,82927922,0,0,0,0,12,12
238,2020-01-25,25,1,2020,0,0,Germany,DE,DEU,82927922,0,0,0,0,12,12
239,2020-01-26,26,1,2020,0,0,Germany,DE,DEU,82927922,0,0,0,0,12,12
240,2020-01-27,27,1,2020,0,0,Germany,DE,DEU,82927922,0,0,0,0,12,12
241,2020-01-28,28,1,2020,1,0,Germany,DE,DEU,82927922,1,0,0,0,12,12
242,2020-01-29,29,1,2020,3,0,Germany,DE,DEU,82927922,4,0,0,0,12,12
243,2020-01-30,30,1,2020,0,0,Germany,DE,DEU,82927922,4,0,0,0,12,12
244,2020-01-31,31,1,2020,1,0,Germany,DE,DEU,82927922,5,0,0,0,12,12
245,2020-02-01,1,2,2020,2,0,Germany,DE,DEU,82927922,7,0,0,0,12,12
246,2020-02-02,2,2,2020,1,0,Germany,DE,DEU,82927922,8,0,0,0,12,12
247,2020-02-03,3,2,2020,1,0,Germany,DE,DEU,82927922,9,0,0,0,12,12
248,2020-02-04,4,2,2020,2,0,Germany,DE,DEU,82927922,11,0,1,0,4,12
249,2020-02-05,5,2,2020,0,0,Germany,DE,DEU,82927922,11,0,2,0,5,12
250,2020-02-06,6,2,2020,0,0,Germany,DE,DEU,82927922,11,0,3,0,6,12
251,2020-02-07,7,2,2020,1,0,Germany,DE,DEU,82927922,12,0,4,0,7,12
252,2020-02-08,8,2,2020,1,0,Germany,DE,DEU,82927922,13,0,5,0,8,12
253,2020-02-09,9,2,2020,0,0,Germany,DE,DEU,82927922,13,0,6,0,9,12
254,2020-02-10,10,2,2020,0,0,Germany,DE,DEU,82927922,13,0,7,0,10,12
255,2020-02-11,11,2,2020,0,0,Germany,DE,DEU,82927922,13,0,8,0,11,12
256,2020-02-12,12,2,2020,2,0,Germany,DE,DEU,82927922,15,0,9,0,11,12
257,2020-02-13,13,2,2020,0,0,Germany,DE,DEU,82927922,15,0,10,0,11,12
258,2020-02-14,14,2,2020,0,0,Germany,DE,DEU,82927922,15,0,11,0,11,12
259,2020-02-15,15,2,2020,0,0,Germany,DE,DEU,82927922,15,0,12,0,11,12
260,2020-02-16,16,2,2020,0,0,Germany,DE,DEU,82927922,15,0,13,0,11,12
261,2020-02-17,17,2,2020,0,0,Germany,DE,DEU,82927922,15,0,14,0,11,12
262,2020-02-18,18,2,2020,0,0,Germany,DE,DEU,82927922,15,0,15,0,11,12
263,2020-02-19,19,2,2020,0,0,Germany,DE,DEU,82927922,15,0,16,0,11,12
264,2020-02-20,20,2,2020,0,0,Germany,DE,DEU,82927922,15,0,17,0,11,12
265,2020-02-21,21,2,2020,0,0,Germany,DE,DEU,82927922,15,0,18,0,11,12
266,2020-02-22,22,2,2020,0,0,Germany,DE,DEU,82927922,15,0,19,0,11,12
267,2020-02-23,23,2,2020,0,0,Germany,DE,DEU,82927922,15,0,20,0,11,12
268,2020-02-24,24,2,2020,0,0,Germany,DE,DEU,82927922,15,0,21,0,11,12
269,2020-02-25,25,2,2020,0,0,Germany,DE,DEU,82927922,15,0,22,0,11,12
270,2020-02-26,26,2,2020,2,0,Germany,DE,DEU,82927922,17,0,23,0,11,12
271,2020-02-27,27,2,2020,4,0,Germany,DE,DEU,82927922,21,0,24,0,11,12
272,2020-02-28,28,2,2020,26,0,Germany,DE,DEU,82927922,47,0,25,0,1,12
273,2020-02-29,29,2,2020,10,0,Germany,DE,DEU,82927922,57,0,26,0,2,12
274,2020-03-01,1,3,2020,54,0,Germany,DE,DEU,82927922,111,0,27,0,2,12
275,2020-03-02,2,3,2020,18,0,Germany,DE,DEU,82927922,129,0,28,0,2,12
276,2020-03-03,3,3,2020,28,0,Germany,DE,DEU,82927922,157,0,29,0,3,12
277,2020-03-04,4,3,2020,39,0,Germany,DE,DEU,82927922,196,0,30,0,4,12
278,2020-03-05,5,3,2020,66,0,Germany,DE,DEU,82927922,262,0,31,0,3,12
279,2020-03-06,6,3,2020,138,0,Germany,DE,DEU,82927922,400,0,32,0,2,12
280,2020-03-07,7,3,2020,284,0,Germany,DE,DEU,82927922,684,0,33,0,2,12
281,2020-03-08,8,3,2020,163,0,Germany,DE,DEU,82927922,847,0,34,0,2,12
282,2020-03-09,9,3,2020,55,0,Germany,DE,DEU,82927922,902,0,35,0,3,12
283,2020-03-10,10,3,2020,237,2,Germany,DE,DEU,82927922,1139,2,36,0,4,12
284,2020-03-11,11,3,2020,157,0,Germany,DE,DEU,82927922,1296,2,37,0,5,12
285,2020-03-12,12,3,2020,271,1,Germany,DE,DEU,82927922,1567,3,38,0,5,12
286,2020-03-13,13,3,2020,802,2,Germany,DE,DEU,82927922,2369,5,39,1,3,2
287,2020-03-14,14,3,2020,693,0,Germany,DE,DEU,82927922,3062,5,40,2,3,3
288,2020-03-15,15,3,2020,733,3,Germany,DE,DEU,82927922,3795,8,41,3,3,3
289,2020-03-16,16,3,2020,1043,4,Germany,DE,DEU,82927922,4838,12,42,4,3,2
290,2020-03-17,17,3,2020,1174,1,Germany,DE,DEU,82927922,6012,13,43,5,4,3
291,2020-03-18,18,3,2020,1144,0,Germany,DE,DEU,82927922,7156,13,44,6,4,4
292,2020-03-19,19,3,2020,1042,0,Germany,DE,DEU,82927922,8198,13,45,7,4,5
293,2020-03-20,20,3,2020,5940,30,Germany,DE,DEU,82927922,14138,43,46,8,3,1
294,2020-03-21,21,3,2020,4049,2,Germany,DE,DEU,82927922,18187,45,47,9,2,2
295,2020-03-22,22,3,2020,3276,22,Germany,DE,DEU,82927922,21463,67,48,10,3,3
296,2020-03-23,23,3,2020,3311,27,Germany,DE,DEU,82927922,24774,94,49,11,4,2
297,2020-03-24,24,3,2020,4438,32,Germany,DE,DEU,82927922,29212,126,50,12,4,3
298,2020-03-25,25,3,2020,2342,23,Germany,DE,DEU,82927922,31554,149,51,13,5,3
299,2020-03-26,26,3,2020,4954,49,Germany,DE,DEU,82927922,36508,198,52,14,5,3
300,2020-03-27,27,3,2020,5780,55,Germany,DE,DEU,82927922,42288,253,53,15,6,3
301,2020-03-28,28,3,2020,6294,72,Germany,DE,DEU,82927922,48582,325,54,16,6,3
302,2020-03-29,29,3,2020,3965,64,Germany,DE,DEU,82927922,52547,389,55,17,6,4
303,2020-03-30,30,3,2020,4751,66,Germany,DE,DEU,82927922,57298,455,56,18,7,4
304,2020-03-31,31,3,2020,4615,128,Germany,DE,DEU,82927922,61913,583,57,19,7,4
305,2020-04-01,1,4,2020,5453,149,Germany,DE,DEU,82927922,67366,732,58,20,7,4
306,2020-04-02,2,4,2020,6156,140,Germany,DE,DEU,82927922,73522,872,59,21,7,4
307,2020-04-03,3,4,2020,6174,145,Germany,DE,DEU,82927922,79696,1017,60,22,8,4
308,2020-04-04,4,4,2020,6082,141,Germany,DE,DEU,82927922,85778,1158,61,23,8,5
309,2020-04-05,5,4,2020,5936,184,Germany,DE,DEU,82927922,91714,1342,62,24,9,5
310,2020-04-06,6,4,2020,3677,92,Germany,DE,DEU,82927922,95391,1434,63,25,10,6
311,2020-04-07,7,4,2020,3834,173,Germany,DE,DEU,82927922,99225,1607,64,26,10,6
312,2020-04-08,8,4,2020,4003,254,Germany,DE,DEU,82927922,103228,1861,65,27,11,6
313,2020-04-09,9,4,2020,4974,246,Germany,DE,DEU,82927922,108202,2107,66,28,11,6
314,2020-04-10,10,4,2020,5323,266,Germany,DE,DEU,82927922,113525,2373,67,29,11,6
315,2020-04-11,11,4,2020,4133,171,Germany,DE,DEU,82927922,117658,2544,68,30,11,7
316,2020-04-12,12,4,2020,2821,129,Germany,DE,DEU,82927922,120479,2673,69,31,11,8
317,2020-04-13,13,4,2020,2537,126,Germany,DE,DEU,82927922,123016,2799,70,32,11,8
318,2020-04-14,14,4,2020,2082,170,Germany,DE,DEU,82927922,125098,2969,71,33,11,8
319,2019-12-31,31,12,2019,0,0,Spain,ES,ESP,46723749,0,0,0,0,12,12
320,2020-01-01,1,1,2020,0,0,Spain,ES,ESP,46723749,0,0,0,0,12,12
321,2020-01-02,2,1,2020,0,0,Spain,ES,ESP,46723749,0,0,0,0,12,12
322,2020-01-03,3,1,2020,0,0,Spain,ES,ESP,46723749,0,0,0,0,12,12
323,2020-01-04,4,1,2020,0,0,Spain,ES,ESP,46723749,0,0,0,0,12,12
324,2020-01-05,5,1,2020,0,0,Spain,ES,ESP,46723749,0,0,0,0,12,12
325,2020-01-06,6,1,2020,0,0,Spain,ES,ESP,46723749,0,0,0,0,12,12
326,2020-01-07,7,1,2020,0,0,Spain,ES,ESP,46723749,0,0,0,0,12,12
327,2020-01-08,8,1,2020,0,0,Spain,ES,ESP,46723749,0,0,0,0,12,12
328,2020-01-09,9,1,2020,0,0,Spain,ES,ESP,46723749,0,0,0,0,12,12
329,2020-01-10,10,1,2020,0,0,Spain,ES,ESP,46723749,0,0,0,0,12,12
330,2020-01-11,11,1,2020,0,0,Spain,ES,ESP,46723749,0,0,0,0,12,12
331,2020-01-12,12,1,2020,0,0,Spain,ES,ESP,46723749,0,0,0,0,12,12
332,2020-01-13,13,1,2020,0,0,Spain,ES,ESP,46723749,0,0,0,0,12,12
333,2020-01-14,14,1,2020,0,0,Spain,ES,ESP,46723749,0,0,0,0,12,12
334,2020-01-15,15,1,2020,0,0,Spain,ES,ESP,46723749,0,0,0,0,12,12
335,2020-01-16,16,1,2020,0,0,Spain,ES,ESP,46723749,0,0,0,0,12,12
336,2020-01-17,17,1,2020,0,0,Spain,ES,ESP,46723749,0,0,0,0,12,12
337,2020-01-18,18,1,2020,0,0,Spain,ES,ESP,46723749,0,0,0,0,12,12
338,2020-01-19,19,1,2020,0,0,Spain,ES,ESP,46723749,0,0,0,0,12,12
339,2020-01-20,20,1,2020,0,0,Spain,ES,ESP,46723749,0,0,0,0,12,12
340,2020-01-21,21,1,2020,0,0,Spain,ES,ESP,46723749,0,0,0,0,12,12
341,2020-01-22,22,1,2020,0,0,Spain,ES,ESP,46723749,0,0,0,0,12,12
342,2020-01-23,23,1,2020,0,0,Spain,ES,ESP,46723749,0,0,0,0,12,12
343,2020-01-24,24,1,2020,0,0,Spain,ES,ESP,46723749,0,0,0,0,12,12
344,2020-01-25,25,1,2020,0,0,Spain,ES,ESP,46723749,0,0,0,0,12,12
345,2020-01-26,26,1,2020,0,0,Spain,ES,ESP,46723749,0,0,0,0,12,12
346,2020-01-27,27,1,2020,0,0,Spain,ES,ESP,46723749,0,0,0,0,12,12
347,2020-01-28,28,1,2020,0,0,Spain,ES,ESP,46723749,0,0,0,0,12,12
348,2020-01-29,29,1,2020,0,0,Spain,ES,ESP,46723749,0,0,0,0,12,12
349,2020-01-30,30,1,2020,0,0,Spain,ES,ESP,46723749,0,0,0,0,12,12
350,2020-01-31,31,1,2020,0,0,Spain,ES,ESP,46723749,0,0,0,0,12,12
351,2020-02-01,1,2,2020,1,0,Spain,ES,ESP,46723749,1,0,0,0,12,12
352,2020-02-02,2,2,2020,0,0,Spain,ES,ESP,46723749,1,0,0,0,12,12
353,2020-02-03,3,2,2020,0,0,Spain,ES,ESP,46723749,1,0,0,0,12,12
354,2020-02-04,4,2,2020,0,0,Spain,ES,ESP,46723749,1,0,0,0,12,12
355,2020-02-05,5,2,2020,0,0,Spain,ES,ESP,46723749,1,0,0,0,12,12
356,2020-02-06,6,2,2020,0,0,Spain,ES,ESP,46723749,1,0,0,0,12,12
357,2020-02-07,7,2,2020,0,0,Spain,ES,ESP,46723749,1,0,0,0,12,12
358,2020-02-08,8,2,2020,0,0,Spain,ES,ESP,46723749,1,0,0,0,12,12
359,2020-02-09,9,2,2020,0,0,Spain,ES,ESP,46723749,1,0,0,0,12,12
360,2020-02-10,10,2,2020,1,0,Spain,ES,ESP,46723749,2,0,0,0,12,12
361,2020-02-11,11,2,2020,0,0,Spain,ES,ESP,46723749,2,0,0,0,12,12
362,2020-02-12,12,2,2020,0,0,Spain,ES,ESP,46723749,2,0,0,0,12,12
363,2020-02-13,13,2,2020,0,0,Spain,ES,ESP,46723749,2,0,0,0,12,12
364,2020-02-14,14,2,2020,0,0,Spain,ES,ESP,46723749,2,0,0,0,12,12
365,2020-02-15,15,2,2020,0,0,Spain,ES,ESP,46723749,2,0,0,0,12,12
366,2020-02-16,16,2,2020,0,0,Spain,ES,ESP,46723749,2,0,0,0,12,12
367,2020-02-17,17,2,2020,0,0,Spain,ES,ESP,46723749,2,0,0,0,12,12
368,2020-02-18,18,2,2020,0,0,Spain,ES,ESP,46723749,2,0,0,0,12,12
369,2020-02-19,19,2,2020,0,0,Spain,ES,ESP,46723749,2,0,0,0,12,12
370,2020-02-20,20,2,2020,0,0,Spain,ES,ESP,46723749,2,0,0,0,12,12
371,2020-02-21,21,2,2020,0,0,Spain,ES,ESP,46723749,2,0,0,0,12,12
372,2020-02-22,22,2,2020,0,0,Spain,ES,ESP,46723749,2,0,0,0,12,12
373,2020-02-23,23,2,2020,0,0,Spain,ES,ESP,46723749,2,0,0,0,12,12
374,2020-02-24,24,2,2020,0,0,Spain,ES,ESP,46723749,2,0,0,0,12,12
375,2020-02-25,25,2,2020,1,0,Spain,ES,ESP,46723749,3,0,0,0,12,12
376,2020-02-26,26,2,2020,4,0,Spain,ES,ESP,46723749,7,0,0,0,12,12
377,2020-02-27,27,2,2020,5,0,Spain,ES,ESP,46723749,12,0,1,0,2,12
378,2020-02-28,28,2,2020,13,0,Spain,ES,ESP,46723749,25,0,2,0,1,12
379,2020-02-29,29,2,2020,9,0,Spain,ES,ESP,46723749,34,0,3,0,2,12
380,2020-03-01,1,3,2020,32,0,Spain,ES,ESP,46723749,66,0,4,0,2,12
381,2020-03-02,2,3,2020,17,0,Spain,ES,ESP,46723749,83,0,5,0,2,12
382,2020-03-03,3,3,2020,31,0,Spain,ES,ESP,46723749,114,0,6,0,3,12
383,2020-03-04,4,3,2020,37,0,Spain,ES,ESP,46723749,151,0,7,0,3,12
384,2020-03-05,5,3,2020,49,1,Spain,ES,ESP,46723749,200,1,8,0,3,12
385,2020-03-06,6,3,2020,61,2,Spain,ES,ESP,46723749,261,3,9,0,3,12
386,2020-03-07,7,3,2020,113,2,Spain,ES,ESP,46723749,374,5,10,1,3,2
387,2020-03-08,8,3,2020,56,0,Spain,ES,ESP,46723749,430,5,11,2,3,3
388,2020-03-09,9,3,2020,159,0,Spain,ES,ESP,46723749,589,5,12,3,3,4
389,2020-03-10,10,3,2020,615,23,Spain,ES,ESP,46723749,1204,28,13,4,1,1
390,2020-03-11,11,3,2020,435,7,Spain,ES,ESP,46723749,1639,35,14,5,2,2
391,2020-03-12,12,3,2020,501,12,Spain,ES,ESP,46723749,2140,47,15,6,3,3
392,2020-03-13,13,3,2020,864,37,Spain,ES,ESP,46723749,3004,84,16,7,3,2
393,2020-03-14,14,3,2020,1227,37,Spain,ES,ESP,46723749,4231,121,17,8,3,2
394,2020-03-15,15,3,2020,1522,15,Spain,ES,ESP,46723749,5753,136,18,9,3,3
395,2020-03-16,16,3,2020,2000,152,Spain,ES,ESP,46723749,7753,288,19,10,3,1
396,2020-03-17,17,3,2020,1438,21,Spain,ES,ESP,46723749,9191,309,20,11,3,2
397,2020-03-18,18,3,2020,1987,182,Spain,ES,ESP,46723749,11178,491,21,12,4,3
398,2020-03-19,19,3,2020,2538,107,Spain,ES,ESP,46723749,13716,598,22,13,4,3
399,2020-03-20,20,3,2020,3431,169,Spain,ES,ESP,46723749,17147,767,23,14,4,3
400,2020-03-21,21,3,2020,2833,235,Spain,ES,ESP,46723749,19980,1002,24,15,4,3
401,2020-03-22,22,3,2020,4946,324,Spain,ES,ESP,46723749,24926,1326,25,16,4,3
402,2020-03-23,23,3,2020,3646,394,Spain,ES,ESP,46723749,28572,1720,26,17,4,3
403,2020-03-24,24,3,2020,4517,462,Spain,ES,ESP,46723749,33089,2182,27,18,5,3
404,2020-03-25,25,3,2020,6584,514,Spain,ES,ESP,46723749,39673,2696,28,19,5,3
405,2020-03-26,26,3,2020,7937,738,Spain,ES,ESP,46723749,47610,3434,29,20,5,4
406,2020-03-27,27,3,2020,8578,655,Spain,ES,ESP,46723749,56188,4089,30,21,5,4
407,2020-03-28,28,3,2020,7871,769,Spain,ES,ESP,46723749,64059,4858,31,22,5,4
408,2020-03-29,29,3,2020,8189,832,Spain,ES,ESP,46723749,72248,5690,32,23,5,4
409,2020-03-30,30,3,2020,6549,838,Spain,ES,ESP,46723749,78797,6528,33,24,6,5
410,2020-03-31,31,3,2020,6398,812,Spain,ES,ESP,46723749,85195,7340,34,25,6,5
411,2020-04-01,1,4,2020,9222,849,Spain,ES,ESP,46723749,94417,8189,35,26,7,5
412,2020-04-02,2,4,2020,7719,864,Spain,ES,ESP,46723749,102136,9053,36,27,7,6
413,2020-04-03,3,4,2020,8102,950,Spain,ES,ESP,46723749,110238,10003,37,28,8,6
414,2020-04-04,4,4,2020,7472,932,Spain,ES,ESP,46723749,117710,10935,38,29,8,7
415,2020-04-05,5,4,2020,7026,809,Spain,ES,ESP,46723749,124736,11744,39,30,9,7
416,2020-04-06,6,4,2020,6023,674,Spain,ES,ESP,46723749,130759,12418,40,31,9,8
417,2020-04-07,7,4,2020,4273,637,Spain,ES,ESP,46723749,135032,13055,41,32,10,9
418,2020-04-08,8,4,2020,5478,743,Spain,ES,ESP,46723749,140510,13798,42,33,11,9
419,2020-04-09,9,4,2020,6180,757,Spain,ES,ESP,46723749,146690,14555,43,34,11,10
420,2020-04-10,10,4,2020,5756,683,Spain,ES,ESP,46723749,152446,15238,44,35,11,10
421,2020-04-11,11,4,2020,4576,605,Spain,ES,ESP,46723749,157022,15843,45,36,11,11
422,2020-04-12,12,4,2020,4830,510,Spain,ES,ESP,46723749,161852,16353,46,37,11,11
423,2020-04-13,13,4,2020,4167,619,Spain,ES,ESP,46723749,166019,16972,47,38,11,11
424,2020-04-14,14,4,2020,3477,517,Spain,ES,ESP,46723749,169496,17489,48,39,11,11
425,2019-12-31,31,12,2019,0,0,France,FR,FRA,66987244,0,0,0,0,12,12
426,2020-01-01,1,1,2020,0,0,France,FR,FRA,66987244,0,0,0,0,12,12
427,2020-01-02,2,1,2020,0,0,France,FR,FRA,66987244,0,0,0,0,12,12
428,2020-01-03,3,1,2020,0,0,France,FR,FRA,66987244,0,0,0,0,12,12
429,2020-01-04,4,1,2020,0,0,France,FR,FRA,66987244,0,0,0,0,12,12
430,2020-01-05,5,1,2020,0,0,France,FR,FRA,66987244,0,0,0,0,12,12
431,2020-01-06,6,1,2020,0,0,France,FR,FRA,66987244,0,0,0,0,12,12
432,2020-01-07,7,1,2020,0,0,France,FR,FRA,66987244,0,0,0,0,12,12
433,2020-01-08,8,1,2020,0,0,France,FR,FRA,66987244,0,0,0,0,12,12
434,2020-01-09,9,1,2020,0,0,France,FR,FRA,66987244,0,0,0,0,12,12
435,2020-01-10,10,1,2020,0,0,France,FR,FRA,66987244,0,0,0,0,12,12
436,2020-01-11,11,1,2020,0,0,France,FR,FRA,66987244,0,0,0,0,12,12
437,2020-01-12,12,1,2020,0,0,France,FR,FRA,66987244,0,0,0,0,12,12
438,2020-01-13,13,1,2020,0,0,France,FR,FRA,66987244,0,0,0,0,12,12
439,2020-01-14,14,1,2020,0,0,France,FR,FRA,66987244,0,0,0,0,12,12
440,2020-01-15,15,1,2020,0,0,France,FR,FRA,66987244,0,0,0,0,12,12
441,2020-01-16,16,1,2020,0,0,France,FR,FRA,66987244,0,0,0,0,12,12
442,2020-01-17,17,1,2020,0,0,France,FR,FRA,66987244,0,0,0,0,12,12
443,2020-01-18,18,1,2020,0,0,France,FR,FRA,66987244,0,0,0,0,12,12
444,2020-01-19,19,1,2020,0,0,France,FR,FRA,66987244,0,0,0,0,12,12
445,2020-01-20,20,1,2020,0,0,France,FR,FRA,66987244,0,0,0,0,12,12
446,2020-01-21,21,1,2020,0,0,France,FR,FRA,66987244,0,0,0,0,12,12
447,2020-01-22,22,1,2020,0,0,France,FR,FRA,66987244,0,0,0,0,12,12
448,2020-01-23,23,1,2020,0,0,France,FR,FRA,66987244,0,0,0,0,12,12
449,2020-01-24,24,1,2020,0,0,France,FR,FRA,66987244,0,0,0,0,12,12
450,2020-01-25,25,1,2020,3,0,France,FR,FRA,66987244,3,0,0,0,12,12
451,2020-01-26,26,1,2020,0,0,France,FR,FRA,66987244,3,0,0,0,12,12
452,2020-01-27,27,1,2020,0,0,France,FR,FRA,66987244,3,0,0,0,12,12
453,2020-01-28,28,1,2020,0,0,France,FR,FRA,66987244,3,0,0,0,12,12
454,2020-01-29,29,1,2020,1,0,France,FR,FRA,66987244,4,0,0,0,12,12
455,2020-01-30,30,1,2020,1,0,France,FR,FRA,66987244,5,0,0,0,12,12
456,2020-01-31,31,1,2020,1,0,France,FR,FRA,66987244,6,0,0,0,12,12
457,2020-02-01,1,2,2020,0,0,France,FR,FRA,66987244,6,0,0,0,12,12
458,2020-02-02,2,2,2020,0,0,France,FR,FRA,66987244,6,0,0,0,12,12
459,2020-02-03,3,2,2020,0,0,France,FR,FRA,66987244,6,0,0,0,12,12
460,2020-02-04,4,2,2020,0,0,France,FR,FRA,66987244,6,0,0,0,12,12
461,2020-02-05,5,2,2020,0,0,France,FR,FRA,66987244,6,0,0,0,12,12
462,2020-02-06,6,2,2020,0,0,France,FR,FRA,66987244,6,0,0,0,12,12
463,2020-02-07,7,2,2020,0,0,France,FR,FRA,66987244,6,0,0,0,12,12
464,2020-02-08,8,2,2020,5,0,France,FR,FRA,66987244,11,0,1,0,9,12
465,2020-02-09,9,2,2020,0,0,France,FR,FRA,66987244,11,0,2,0,10,12
466,2020-02-10,10,2,2020,0,0,France,FR,FRA,66987244,11,0,3,0,11,12
467,2020-02-11,11,2,2020,0,0,France,FR,FRA,66987244,11,0,4,0,11,12
468,2020-02-12,12,2,2020,0,0,France,FR,FRA,66987244,11,0,5,0,11,12
469,2020-02-13,13,2,2020,0,0,France,FR,FRA,66987244,11,0,6,0,11,12
470,2020-02-14,14,2,2020,0,0,France,FR,FRA,66987244,11,0,7,0,11,12
471,2020-02-15,15,2,2020,0,1,France,FR,FRA,66987244,11,1,8,0,11,12
472,2020-02-16,16,2,2020,0,0,France,FR,FRA,66987244,11,1,9,0,11,12
473,2020-02-17,17,2,2020,1,0,France,FR,FRA,66987244,12,1,10,0,10,12
474,2020-02-18,18,2,2020,0,0,France,FR,FRA,66987244,12,1,11,0,11,12
475,2020-02-19,19,2,2020,0,0,France,FR,FRA,66987244,12,1,12,0,11,12
476,2020-02-20,20,2,2020,0,0,France,FR,FRA,66987244,12,1,13,0,11,12
477,2020-02-21,21,2,2020,0,0,France,FR,FRA,66987244,12,1,14,0,11,12
478,2020-02-22,22,2,2020,0,0,France,FR,FRA,66987244,12,1,15,0,11,12
479,2020-02-23,23,2,2020,0,0,France,FR,FRA,66987244,12,1,16,0,11,12
480,2020-02-24,24,2,2020,0,0,France,FR,FRA,66987244,12,1,17,0,11,12
481,2020-02-25,25,2,2020,0,0,France,FR,FRA,66987244,12,1,18,0,11,12
482,2020-02-26,26,2,2020,2,0,France,FR,FRA,66987244,14,1,19,0,11,12
483,2020-02-27,27,2,2020,3,1,France,FR,FRA,66987244,17,2,20,0,11,12
484,2020-02-28,28,2,2020,21,0,France,FR,FRA,66987244,38,2,21,0,1,12
485,2020-02-29,29,2,2020,19,0,France,FR,FRA,66987244,57,2,22,0,2,12
486,2020-03-01,1,3,2020,43,0,France,FR,FRA,66987244,100,2,23,0,2,12
487,2020-03-02,2,3,2020,30,0,France,FR,FRA,66987244,130,2,24,0,2,12
488,2020-03-03,3,3,2020,48,1,France,FR,FRA,66987244,178,3,25,0,3,12
489,2020-03-04,4,3,2020,34,1,France,FR,FRA,66987244,212,4,26,0,3,12
490,2020-03-05,5,3,2020,73,0,France,FR,FRA,66987244,285,4,27,0,3,12
491,2020-03-06,6,3,2020,138,3,France,FR,FRA,66987244,423,7,28,1,3,3
492,2020-03-07,7,3,2020,190,2,France,FR,FRA,66987244,613,9,29,2,2,2
493,2020-03-08,8,3,2020,103,1,France,FR,FRA,66987244,716,10,30,3,3,3
494,2020-03-09,9,3,2020,410,9,France,FR,FRA,66987244,1126,19,31,4,3,2
495,2020-03-10,10,3,2020,286,11,France,FR,FRA,66987244,1412,30,32,5,3,2
496,2020-03-11,11,3,2020,372,3,France,FR,FRA,66987244,1784,33,33,6,3,3
497,2020-03-12,12,3,2020,497,15,France,FR,FRA,66987244,2281,48,34,7,3,3
498,2020-03-13,13,3,2020,595,13,France,FR,FRA,66987244,2876,61,35,8,3,3
499,2020-03-14,14,3,2020,785,18,France,FR,FRA,66987244,3661,79,36,9,3,3
500,2020-03-15,15,3,2020,838,12,France,FR,FRA,66987244,4499,91,37,10,4,4
501,2020-03-16,16,3,2020,924,36,France,FR,FRA,66987244,5423,127,38,11,4,3
502,2020-03-17,17,3,2020,1210,21,France,FR,FRA,66987244,6633,148,39,12,4,4
503,2020-03-18,18,3,2020,1097,27,France,FR,FRA,66987244,7730,175,40,13,4,4
504,2020-03-19,19,3,2020,1404,69,France,FR,FRA,66987244,9134,244,41,14,4,4
505,2020-03-20,20,3,2020,1861,128,France,FR,FRA,66987244,10995,372,42,15,4,2
506,2020-03-21,21,3,2020,1617,78,France,FR,FRA,66987244,12612,450,43,16,5,3
507,2020-03-22,22,3,2020,1847,112,France,FR,FRA,66987244,14459,562,44,17,5,3
508,2020-03-23,23,3,2020,1559,112,France,FR,FRA,66987244,16018,674,45,18,5,4
509,2020-03-24,24,3,2020,3838,186,France,FR,FRA,66987244,19856,860,46,19,5,4
510,2020-03-25,25,3,2020,2446,240,France,FR,FRA,66987244,22302,1100,47,20,5,4
511,2020-03-26,26,3,2020,2931,231,France,FR,FRA,66987244,25233,1331,48,21,5,4
512,2020-03-27,27,3,2020,3922,365,France,FR,FRA,66987244,29155,1696,49,22,5,4
513,2020-03-28,28,3,2020,3809,299,France,FR,FRA,66987244,32964,1995,50,23,5,4
514,2020-03-29,29,3,2020,4611,319,France,FR,FRA,66987244,37575,2314,51,24,6,4
515,2020-03-30,30,3,2020,2599,292,France,FR,FRA,66987244,40174,2606,52,25,6,5
516,2020-03-31,31,3,2020,4376,418,France,FR,FRA,66987244,44550,3024,53,26,7,5
517,2020-04-01,1,4,2020,7578,499,France,FR,FRA,66987244,52128,3523,54,27,6,5
518,2020-04-02,2,4,2020,4861,509,France,FR,FRA,66987244,56989,4032,55,28,7,5
519,2020-04-03,3,4,2020,2116,471,France,FR,FRA,66987244,59105,4503,56,29,7,6
520,2020-04-04,4,4,2020,5233,2004,France,FR,FRA,66987244,64338,6507,57,30,8,4
521,2020-04-05,5,4,2020,4267,1053,France,FR,FRA,66987244,68605,7560,58,31,8,4
522,2020-04-06,6,4,2020,1873,518,France,FR,FRA,66987244,70478,8078,59,32,9,4
523,2020-04-07,7,4,2020,3912,833,France,FR,FRA,66987244,74390,8911,60,33,10,5
524,2020-04-08,8,4,2020,3777,1417,France,FR,FRA,66987244,78167,10328,61,34,10,5
525,2020-04-09,9,4,2020,3881,541,France,FR,FRA,66987244,82048,10869,62,35,10,6
526,2020-04-10,10,4,2020,4286,1341,France,FR,FRA,66987244,86334,12210,63,36,11,7
527,2020-04-11,11,4,2020,4342,987,France,FR,FRA,66987244,90676,13197,64,37,11,7
528,2020-04-12,12,4,2020,3114,635,France,FR,FRA,66987244,93790,13832,65,38,11,8
529,2020-04-13,13,4,2020,1613,561,France,FR,FRA,66987244,95403,14393,66,39,11,9
530,2020-04-14,14,4,2020,2673,574,France,FR,FRA,66987244,98076,14967,67,40,11,10
531,2019-12-31,31,12,2019,0,0,United_Kingdom,UK,GBR,66488991,0,0,0,0,12,12
532,2020-01-01,1,1,2020,0,0,United_Kingdom,UK,GBR,66488991,0,0,0,0,12,12
533,2020-01-02,2,1,2020,0,0,United_Kingdom,UK,GBR,66488991,0,0,0,0,12,12
534,2020-01-03,3,1,2020,0,0,United_Kingdom,UK,GBR,66488991,0,0,0,0,12,12
535,2020-01-04,4,1,2020,0,0,United_Kingdom,UK,GBR,66488991,0,0,0,0,12,12
536,2020-01-05,5,1,2020,0,0,United_Kingdom,UK,GBR,66488991,0,0,0,0,12,12
537,2020-01-06,6,1,2020,0,0,United_Kingdom,UK,GBR,66488991,0,0,0,0,12,12
538,2020-01-07,7,1,2020,0,0,United_Kingdom,UK,GBR,66488991,0,0,0,0,12,12
539,2020-01-08,8,1,2020,0,0,United_Kingdom,UK,GBR,66488991,0,0,0,0,12,12
540,2020-01-09,9,1,2020,0,0,United_Kingdom,UK,GBR,66488991,0,0,0,0,12,12
541,2020-01-10,10,1,2020,0,0,United_Kingdom,UK,GBR,66488991,0,0,0,0,12,12
542,2020-01-11,11,1,2020,0,0,United_Kingdom,UK,GBR,66488991,0,0,0,0,12,12
543,2020-01-12,12,1,2020,0,0,United_Kingdom,UK,GBR,66488991,0,0,0,0,12,12
544,2020-01-13,13,1,2020,0,0,United_Kingdom,UK,GBR,66488991,0,0,0,0,12,12
545,2020-01-14,14,1,2020,0,0,United_Kingdom,UK,GBR,66488991,0,0,0,0,12,12
546,2020-01-15,15,1,2020,0,0,United_Kingdom,UK,GBR,66488991,0,0,0,0,12,12
547,2020-01-16,16,1,2020,0,0,United_Kingdom,UK,GBR,66488991,0,0,0,0,12,12
548,2020-01-17,17,1,2020,0,0,United_Kingdom,UK,GBR,66488991,0,0,0,0,12,12
549,2020-01-18,18,1,2020,0,0,United_Kingdom,UK,GBR,66488991,0,0,0,0,12,12
550,2020-01-19,19,1,2020,0,0,United_Kingdom,UK,GBR,66488991,0,0,0,0,12,12
551,2020-01-20,20,1,2020,0,0,United_Kingdom,UK,GBR,66488991,0,0,0,0,12,12
552,2020-01-21,21,1,2020,0,0,United_Kingdom,UK,GBR,66488991,0,0,0,0,12,12
553,2020-01-22,22,1,2020,0,0,United_Kingdom,UK,GBR,66488991,0,0,0,0,12,12
554,2020-01-23,23,1,2020,0,0,United_Kingdom,UK,GBR,66488991,0,0,0,0,12,12
555,2020-01-24,24,1,2020,0,0,United_Kingdom,UK,GBR,66488991,0,0,0,0,12,12
556,2020-01-25,25,1,2020,0,0,United_Kingdom,UK,GBR,66488991,0,0,0,0,12,12
557,2020-01-26,26,1,2020,0,0,United_Kingdom,UK,GBR,66488991,0,0,0,0,12,12
558,2020-01-27,27,1,2020,0,0,United_Kingdom,UK,GBR,66488991,0,0,0,0,12,12
559,2020-01-28,28,1,2020,0,0,United_Kingdom,UK,GBR,66488991,0,0,0,0,12,12
560,2020-01-29,29,1,2020,0,0,United_Kingdom,UK,GBR,66488991,0,0,0,0,12,12
561,2020-01-30,30,1,2020,0,0,United_Kingdom,UK,GBR,66488991,0,0,0,0,12,12
562,2020-01-31,31,1,2020,2,0,United_Kingdom,UK,GBR,66488991,2,0,0,0,12,12
563,2020-02-01,1,2,2020,0,0,United_Kingdom,UK,GBR,66488991,2,0,0,0,12,12
564,2020-02-02,2,2,2020,0,0,United_Kingdom,UK,GBR,66488991,2,0,0,0,12,12
565,2020-02-03,3,2,2020,0,0,United_Kingdom,UK,GBR,66488991,2,0,0,0,12,12
566,2020-02-04,4,2,2020,0,0,United_Kingdom,UK,GBR,66488991,2,0,0,0,12,12
567,2020-02-05,5,2,2020,0,0,United_Kingdom,UK,GBR,66488991,2,0,0,0,12,12
568,2020-02-06,6,2,2020,0,0,United_Kingdom,UK,GBR,66488991,2,0,0,0,12,12
569,2020-02-07,7,2,2020,1,0,United_Kingdom,UK,GBR,66488991,3,0,0,0,12,12
570,2020-02-08,8,2,2020,0,0,United_Kingdom,UK,GBR,66488991,3,0,0,0,12,12
571,2020-02-09,9,2,2020,1,0,United_Kingdom,UK,GBR,66488991,4,0,0,0,12,12
572,2020-02-10,10,2,2020,0,0,United_Kingdom,UK,GBR,66488991,4,0,0,0,12,12
573,2020-02-11,11,2,2020,4,0,United_Kingdom,UK,GBR,66488991,8,0,0,0,12,12
574,2020-02-12,12,2,2020,0,0,United_Kingdom,UK,GBR,66488991,8,0,0,0,12,12
575,2020-02-13,13,2,2020,1,0,United_Kingdom,UK,GBR,66488991,9,0,0,0,12,12
576,2020-02-14,14,2,2020,0,0,United_Kingdom,UK,GBR,66488991,9,0,0,0,12,12
577,2020-02-15,15,2,2020,0,0,United_Kingdom,UK,GBR,66488991,9,0,0,0,12,12
578,2020-02-16,16,2,2020,0,0,United_Kingdom,UK,GBR,66488991,9,0,0,0,12,12
579,2020-02-17,17,2,2020,0,0,United_Kingdom,UK,GBR,66488991,9,0,0,0,12,12
580,2020-02-18,18,2,2020,0,0,United_Kingdom,UK,GBR,66488991,9,0,0,0,12,12
581,2020-02-19,19,2,2020,0,0,United_Kingdom,UK,GBR,66488991,9,0,0,0,12,12
582,2020-02-20,20,2,2020,0,0,United_Kingdom,UK,GBR,66488991,9,0,0,0,12,12
583,2020-02-21,21,2,2020,0,0,United_Kingdom,UK,GBR,66488991,9,0,0,0,12,12
584,2020-02-22,22,2,2020,0,0,United_Kingdom,UK,GBR,66488991,9,0,0,0,12,12
585,2020-02-23,23,2,2020,0,0,United_Kingdom,UK,GBR,66488991,9,0,0,0,12,12
586,2020-02-24,24,2,2020,4,0,United_Kingdom,UK,GBR,66488991,13,0,1,0,11,12
587,2020-02-25,25,2,2020,0,0,United_Kingdom,UK,GBR,66488991,13,0,2,0,11,12
588,2020-02-26,26,2,2020,0,0,United_Kingdom,UK,GBR,66488991,13,0,3,0,11,12
589,2020-02-27,27,2,2020,0,0,United_Kingdom,UK,GBR,66488991,13,0,4,0,11,12
590,2020-02-28,28,2,2020,3,0,United_Kingdom,UK,GBR,66488991,16,0,5,0,11,12
591,2020-02-29,29,2,2020,2,0,United_Kingdom,UK,GBR,66488991,18,0,6,0,6,12
592,2020-03-01,1,3,2020,5,0,United_Kingdom,UK,GBR,66488991,23,0,7,0,7,12
593,2020-03-02,2,3,2020,13,0,United_Kingdom,UK,GBR,66488991,36,0,8,0,2,12
594,2020-03-03,3,3,2020,4,0,United_Kingdom,UK,GBR,66488991,40,0,9,0,3,12
595,2020-03-04,4,3,2020,11,0,United_Kingdom,UK,GBR,66488991,51,0,10,0,3,12
596,2020-03-05,5,3,2020,34,0,United_Kingdom,UK,GBR,66488991,85,0,11,0,2,12
597,2020-03-06,6,3,2020,30,1,United_Kingdom,UK,GBR,66488991,115,1,12,0,2,12
598,2020-03-07,7,3,2020,48,0,United_Kingdom,UK,GBR,66488991,163,1,13,0,3,12
599,2020-03-08,8,3,2020,43,1,United_Kingdom,UK,GBR,66488991,206,2,14,0,3,12
600,2020-03-09,9,3,2020,67,1,United_Kingdom,UK,GBR,66488991,273,3,15,0,3,12
601,2020-03-10,10,3,2020,48,2,United_Kingdom,UK,GBR,66488991,321,5,16,1,4,2
602,2020-03-11,11,3,2020,52,1,United_Kingdom,UK,GBR,66488991,373,6,17,2,4,2
603,2020-03-12,12,3,2020,83,0,United_Kingdom,UK,GBR,66488991,456,6,18,3,4,3
604,2020-03-13,13,3,2020,134,4,United_Kingdom,UK,GBR,66488991,590,10,19,4,4,3
605,2020-03-14,14,3,2020,117,0,United_Kingdom,UK,GBR,66488991,707,10,20,5,4,4
606,2020-03-15,15,3,2020,433,11,United_Kingdom,UK,GBR,66488991,1140,21,21,6,3,1
607,2020-03-16,16,3,2020,251,14,United_Kingdom,UK,GBR,66488991,1391,35,22,7,3,2
608,2020-03-17,17,3,2020,152,20,United_Kingdom,UK,GBR,66488991,1543,55,23,8,3,2
609,2020-03-18,18,3,2020,407,5,United_Kingdom,UK,GBR,66488991,1950,60,24,9,4,3
610,2020-03-19,19,3,2020,680,43,United_Kingdom,UK,GBR,66488991,2630,103,25,10,4,3
611,2020-03-20,20,3,2020,647,41,United_Kingdom,UK,GBR,66488991,3277,144,26,11,3,2
612,2020-03-21,21,3,2020,706,33,United_Kingdom,UK,GBR,66488991,3983,177,27,12,3,3
613,2020-03-22,22,3,2020,1035,56,United_Kingdom,UK,GBR,66488991,5018,233,28,13,4,3
614,2020-03-23,23,3,2020,665,48,United_Kingdom,UK,GBR,66488991,5683,281,29,14,4,4
615,2020-03-24,24,3,2020,967,54,United_Kingdom,UK,GBR,66488991,6650,335,30,15,4,4
616,2020-03-25,25,3,2020,1427,87,United_Kingdom,UK,GBR,66488991,8077,422,31,16,4,4
617,2020-03-26,26,3,2020,1452,41,United_Kingdom,UK,GBR,66488991,9529,463,32,17,5,5
618,2020-03-27,27,3,2020,2129,115,United_Kingdom,UK,GBR,66488991,11658,578,33,18,4,4
619,2020-03-28,28,3,2020,2885,181,United_Kingdom,UK,GBR,66488991,14543,759,34,19,4,4
620,2020-03-29,29,3,2020,2546,260,United_Kingdom,UK,GBR,66488991,17089,1019,35,20,4,3
621,2020-03-30,30,3,2020,2433,209,United_Kingdom,UK,GBR,66488991,19522,1228,36,21,4,3
622,2020-03-31,31,3,2020,2619,180,United_Kingdom,UK,GBR,66488991,22141,1408,37,22,5,4
623,2020-04-01,1,4,2020,3009,381,United_Kingdom,UK,GBR,66488991,25150,1789,38,23,5,4
624,2020-04-02,2,4,2020,4324,743,United_Kingdom,UK,GBR,66488991,29474,2532,39,24,5,3
625,2020-04-03,3,4,2020,4244,389,United_Kingdom,UK,GBR,66488991,33718,2921,40,25,6,3
626,2020-04-04,4,4,2020,4450,684,United_Kingdom,UK,GBR,66488991,38168,3605,41,26,6,3
627,2020-04-05,5,4,2020,3735,708,United_Kingdom,UK,GBR,66488991,41903,4313,42,27,6,4
628,2020-04-06,6,4,2020,5903,621,United_Kingdom,UK,GBR,66488991,47806,4934,43,28,6,5
629,2020-04-07,7,4,2020,3802,439,United_Kingdom,UK,GBR,66488991,51608,5373,44,29,6,5
630,2020-04-08,8,4,2020,3634,786,United_Kingdom,UK,GBR,66488991,55242,6159,45,30,7,5
631,2020-04-09,9,4,2020,5491,938,United_Kingdom,UK,GBR,66488991,60733,7097,46,31,7,6
632,2020-04-10,10,4,2020,4344,881,United_Kingdom,UK,GBR,66488991,65077,7978,47,32,8,6
633,2020-04-11,11,4,2020,5195,980,United_Kingdom,UK,GBR,66488991,70272,8958,48,33,8,6
634,2020-04-12,12,4,2020,8719,917,United_Kingdom,UK,GBR,66488991,78991,9875,49,34,8,6
635,2020-04-13,13,4,2020,5288,737,United_Kingdom,UK,GBR,66488991,84279,10612,50,35,8,7
636,2020-04-14,14,4,2020,4342,717,United_Kingdom,UK,GBR,66488991,88621,11329,51,36,9,7
637,2019-12-31,31,12,2019,0,0,Italy,IT,ITA,60431283,0,0,0,0,12,12
638,2020-01-01,1,1,2020,0,0,Italy,IT,ITA,60431283,0,0,0,0,12,12
639,2020-01-02,2,1,2020,0,0,Italy,IT,ITA,60431283,0,0,0,0,12,12
640,2020-01-03,3,1,2020,0,0,Italy,IT,ITA,60431283,0,0,0,0,12,12
641,2020-01-04,4,1,2020,0,0,Italy,IT,ITA,60431283,0,0,0,0,12,12
642,2020-01-05,5,1,2020,0,0,Italy,IT,ITA,60431283,0,0,0,0,12,12
643,2020-01-06,6,1,2020,0,0,Italy,IT,ITA,60431283,0,0,0,0,12,12
644,2020-01-07,7,1,2020,0,0,Italy,IT,ITA,60431283,0,0,0,0,12,12
645,2020-01-08,8,1,2020,0,0,Italy,IT,ITA,60431283,0,0,0,0,12,12
646,2020-01-09,9,1,2020,0,0,Italy,IT,ITA,60431283,0,0,0,0,12,12
647,2020-01-10,10,1,2020,0,0,Italy,IT,ITA,60431283,0,0,0,0,12,12
648,2020-01-11,11,1,2020,0,0,Italy,IT,ITA,60431283,0,0,0,0,12,12
649,2020-01-12,12,1,2020,0,0,Italy,IT,ITA,60431283,0,0,0,0,12,12
650,2020-01-13,13,1,2020,0,0,Italy,IT,ITA,60431283,0,0,0,0,12,12
651,2020-01-14,14,1,2020,0,0,Italy,IT,ITA,60431283,0,0,0,0,12,12
652,2020-01-15,15,1,2020,0,0,Italy,IT,ITA,60431283,0,0,0,0,12,12
653,2020-01-16,16,1,2020,0,0,Italy,IT,ITA,60431283,0,0,0,0,12,12
654,2020-01-17,17,1,2020,0,0,Italy,IT,ITA,60431283,0,0,0,0,12,12
655,2020-01-18,18,1,2020,0,0,Italy,IT,ITA,60431283,0,0,0,0,12,12
656,2020-01-19,19,1,2020,0,0,Italy,IT,ITA,60431283,0,0,0,0,12,12
657,2020-01-20,20,1,2020,0,0,Italy,IT,ITA,60431283,0,0,0,0,12,12
658,2020-01-21,21,1,2020,0,0,Italy,IT,ITA,60431283,0,0,0,0,12,12
659,2020-01-22,22,1,2020,0,0,Italy,IT,ITA,60431283,0,0,0,0,12,12
660,2020-01-23,23,1,2020,0,0,Italy,IT,ITA,60431283,0,0,0,0,12,12
661,2020-01-24,24,1,2020,0,0,Italy,IT,ITA,60431283,0,0,0,0,12,12
662,2020-01-25,25,1,2020,0,0,Italy,IT,ITA,60431283,0,0,0,0,12,12
663,2020-01-26,26,1,2020,0,0,Italy,IT,ITA,60431283,0,0,0,0,12,12
664,2020-01-27,27,1,2020,0,0,Italy,IT,ITA,60431283,0,0,0,0,12,12
665,2020-01-28,28,1,2020,0,0,Italy,IT,ITA,60431283,0,0,0,0,12,12
666,2020-01-29,29,1,2020,0,0,Italy,IT,ITA,60431283,0,0,0,0,12,12
667,2020-01-30,30,1,2020,0,0,Italy,IT,ITA,60431283,0,0,0,0,12,12
668,2020-01-31,31,1,2020,3,0,Italy,IT,ITA,60431283,3,0,0,0,12,12
669,2020-02-01,1,2,2020,0,0,Italy,IT,ITA,60431283,3,0,0,0,12,12
670,2020-02-02,2,2,2020,0,0,Italy,IT,ITA,60431283,3,0,0,0,12,12
671,2020-02-03,3,2,2020,0,0,Italy,IT,ITA,60431283,3,0,0,0,12,12
672,2020-02-04,4,2,2020,0,0,Italy,IT,ITA,60431283,3,0,0,0,12,12
673,2020-02-05,5,2,2020,0,0,Italy,IT,ITA,60431283,3,0,0,0,12,12
674,2020-02-06,6,2,2020,0,0,Italy,IT,ITA,60431283,3,0,0,0,12,12
675,2020-02-07,7,2,2020,0,0,Italy,IT,ITA,60431283,3,0,0,0,12,12
676,2020-02-08,8,2,2020,0,0,Italy,IT,ITA,60431283,3,0,0,0,12,12
677,2020-02-09,9,2,2020,0,0,Italy,IT,ITA,60431283,3,0,0,0,12,12
678,2020-02-10,10,2,2020,0,0,Italy,IT,ITA,60431283,3,0,0,0,12,12
679,2020-02-11,11,2,2020,0,0,Italy,IT,ITA,60431283,3,0,0,0,12,12
680,2020-02-12,12,2,2020,0,0,Italy,IT,ITA,60431283,3,0,0,0,12,12
681,2020-02-13,13,2,2020,0,0,Italy,IT,ITA,60431283,3,0,0,0,12,12
682,2020-02-14,14,2,2020,0,0,Italy,IT,ITA,60431283,3,0,0,0,12,12
683,2020-02-15,15,2,2020,0,0,Italy,IT,ITA,60431283,3,0,0,0,12,12
684,2020-02-16,16,2,2020,0,0,Italy,IT,ITA,60431283,3,0,0,0,12,12
685,2020-02-17,17,2,2020,0,0,Italy,IT,ITA,60431283,3,0,0,0,12,12
686,2020-02-18,18,2,2020,0,0,Italy,IT,ITA,60431283,3,0,0,0,12,12
687,2020-02-19,19,2,2020,0,0,Italy,IT,ITA,60431283,3,0,0,0,12,12
688,2020-02-20,20,2,2020,0,0,Italy,IT,ITA,60431283,3,0,0,0,12,12
689,2020-02-21,21,2,2020,0,0,Italy,IT,ITA,60431283,3,0,0,0,12,12
690,2020-02-22,22,2,2020,14,0,Italy,IT,ITA,60431283,17,0,1,0,1,12
691,2020-02-23,23,2,2020,62,2,Italy,IT,ITA,60431283,79,2,2,0,1,12
692,2020-02-24,24,2,2020,53,0,Italy,IT,ITA,60431283,132,2,3,0,2,12
693,2020-02-25,25,2,2020,97,4,Italy,IT,ITA,60431283,229,6,4,1,2,1
694,2020-02-26,26,2,2020,93,5,Italy,IT,ITA,60431283,322,11,5,2,2,2
695,2020-02-27,27,2,2020,78,1,Italy,IT,ITA,60431283,400,12,6,3,3,2
696,2020-02-28,28,2,2020,250,5,Italy,IT,ITA,60431283,650,17,7,4,2,3
697,2020-02-29,29,2,2020,238,4,Italy,IT,ITA,60431283,888,21,8,5,2,4
698,2020-03-01,1,3,2020,240,8,Italy,IT,ITA,60431283,1128,29,9,6,3,3
699,2020-03-02,2,3,2020,561,6,Italy,IT,ITA,60431283,1689,35,10,7,3,3
700,2020-03-03,3,3,2020,146,17,Italy,IT,ITA,60431283,1835,52,11,8,3,3
701,2020-03-04,4,3,2020,667,28,Italy,IT,ITA,60431283,2502,80,12,9,3,2
702,2020-03-05,5,3,2020,587,27,Italy,IT,ITA,60431283,3089,107,13,10,4,2
703,2020-03-06,6,3,2020,769,41,Italy,IT,ITA,60431283,3858,148,14,11,3,3
704,2020-03-07,7,3,2020,778,49,Italy,IT,ITA,60431283,4636,197,15,12,4,3
705,2020-03-08,8,3,2020,1247,36,Italy,IT,ITA,60431283,5883,233,16,13,4,3
706,2020-03-09,9,3,2020,1492,133,Italy,IT,ITA,60431283,7375,366,17,14,4,3
707,2020-03-10,10,3,2020,1797,98,Italy,IT,ITA,60431283,9172,464,18,15,4,3
708,2020-03-11,11,3,2020,977,167,Italy,IT,ITA,60431283,10149,631,19,16,4,3
709,2020-03-12,12,3,2020,2313,196,Italy,IT,ITA,60431283,12462,827,20,17,4,3
710,2020-03-13,13,3,2020,2651,189,Italy,IT,ITA,60431283,15113,1016,21,18,4,3
711,2020-03-14,14,3,2020,2547,252,Italy,IT,ITA,60431283,17660,1268,22,19,5,3
712,2020-03-15,15,3,2020,90,173,Italy,IT,ITA,60431283,17750,1441,23,20,6,4
713,2020-03-16,16,3,2020,6230,370,Italy,IT,ITA,60431283,23980,1811,24,21,5,4
714,2020-03-17,17,3,2020,4000,347,Italy,IT,ITA,60431283,27980,2158,25,22,5,4
715,2020-03-18,18,3,2020,3526,347,Italy,IT,ITA,60431283,31506,2505,26,23,5,5
716,2020-03-19,19,3,2020,4207,473,Italy,IT,ITA,60431283,35713,2978,27,24,4,4
717,2020-03-20,20,3,2020,5322,429,Italy,IT,ITA,60431283,41035,3407,28,25,5,5
718,2020-03-21,21,3,2020,5986,625,Italy,IT,ITA,60431283,47021,4032,29,26,6,5
719,2020-03-22,22,3,2020,6557,795,Italy,IT,ITA,60431283,53578,4827,30,27,6,5
720,2020-03-23,23,3,2020,5560,649,Italy,IT,ITA,60431283,59138,5476,31,28,6,5
721,2020-03-24,24,3,2020,4789,601,Italy,IT,ITA,60431283,63927,6077,32,29,6,5
722,2020-03-25,25,3,2020,5249,743,Italy,IT,ITA,60431283,69176,6820,33,30,7,5
723,2020-03-26,26,3,2020,5210,685,Italy,IT,ITA,60431283,74386,7505,34,31,7,6
724,2020-03-27,27,3,2020,6153,660,Italy,IT,ITA,60431283,80539,8165,35,32,8,6
725,2020-03-28,28,3,2020,5959,971,Italy,IT,ITA,60431283,86498,9136,36,33,8,7
726,2020-03-29,29,3,2020,5974,887,Italy,IT,ITA,60431283,92472,10023,37,34,9,7
727,2020-03-30,30,3,2020,5217,758,Italy,IT,ITA,60431283,97689,10781,38,35,9,8
728,2020-03-31,31,3,2020,4050,810,Italy,IT,ITA,60431283,101739,11591,39,36,10,8
729,2020-04-01,1,4,2020,4053,839,Italy,IT,ITA,60431283,105792,12430,40,37,11,8
730,2020-04-02,2,4,2020,4782,727,Italy,IT,ITA,60431283,110574,13157,41,38,11,9
731,2020-04-03,3,4,2020,4668,760,Italy,IT,ITA,60431283,115242,13917,42,39,11,9
732,2020-04-04,4,4,2020,4585,764,Italy,IT,ITA,60431283,119827,14681,43,40,11,10
733,2020-04-05,5,4,2020,4805,681,Italy,IT,ITA,60431283,124632,15362,44,41,11,10
734,2020-04-06,6,4,2020,4316,527,Italy,IT,ITA,60431283,128948,15889,45,42,11,11
735,2020-04-07,7,4,2020,3599,636,Italy,IT,ITA,60431283,132547,16525,46,43,11,11
736,2020-04-08,8,4,2020,3039,604,Italy,IT,ITA,60431283,135586,17129,47,44,11,11
737,2020-04-09,9,4,2020,3836,540,Italy,IT,ITA,60431283,139422,17669,48,45,11,11
738,2020-04-10,10,4,2020,4204,612,Italy,IT,ITA,60431283,143626,18281,49,46,11,11
739,2020-04-11,11,4,2020,3951,570,Italy,IT,ITA,60431283,147577,18851,50,47,11,11
740,2020-04-12,12,4,2020,4694,619,Italy,IT,ITA,60431283,152271,19470,51,48,11,11
741,2020-04-13,13,4,2020,4092,431,Italy,IT,ITA,60431283,156363,19901,52,49,11,11
742,2020-04-14,14,4,2020,3153,564,Italy,IT,ITA,60431283,159516,20465,53,50,11,11
743,2019-12-31,31,12,2019,0,0,Netherlands,NL,NLD,17231017,0,0,0,0,12,12
744,2020-01-01,1,1,2020,0,0,Netherlands,NL,NLD,17231017,0,0,0,0,12,12
745,2020-01-02,2,1,2020,0,0,Netherlands,NL,NLD,17231017,0,0,0,0,12,12
746,2020-01-03,3,1,2020,0,0,Netherlands,NL,NLD,17231017,0,0,0,0,12,12
747,2020-01-04,4,1,2020,0,0,Netherlands,NL,NLD,17231017,0,0,0,0,12,12
748,2020-01-05,5,1,2020,0,0,Netherlands,NL,NLD,17231017,0,0,0,0,12,12
749,2020-01-06,6,1,2020,0,0,Netherlands,NL,NLD,17231017,0,0,0,0,12,12
750,2020-01-07,7,1,2020,0,0,Netherlands,NL,NLD,17231017,0,0,0,0,12,12
751,2020-01-08,8,1,2020,0,0,Netherlands,NL,NLD,17231017,0,0,0,0,12,12
752,2020-01-09,9,1,2020,0,0,Netherlands,NL,NLD,17231017,0,0,0,0,12,12
753,2020-01-10,10,1,2020,0,0,Netherlands,NL,NLD,17231017,0,0,0,0,12,12
754,2020-01-11,11,1,2020,0,0,Netherlands,NL,NLD,17231017,0,0,0,0,12,12
755,2020-01-12,12,1,2020,0,0,Netherlands,NL,NLD,17231017,0,0,0,0,12,12
756,2020-01-13,13,1,2020,0,0,Netherlands,NL,NLD,17231017,0,0,0,0,12,12
757,2020-01-14,14,1,2020,0,0,Netherlands,NL,NLD,17231017,0,0,0,0,12,12
758,2020-01-15,15,1,2020,0,0,Netherlands,NL,NLD,17231017,0,0,0,0,12,12
759,2020-01-16,16,1,2020,0,0,Netherlands,NL,NLD,17231017,0,0,0,0,12,12
760,2020-01-17,17,1,2020,0,0,Netherlands,NL,NLD,17231017,0,0,0,0,12,12
761,2020-01-18,18,1,2020,0,0,Netherlands,NL,NLD,17231017,0,0,0,0,12,12
762,2020-01-19,19,1,2020,0,0,Netherlands,NL,NLD,17231017,0,0,0,0,12,12
763,2020-01-20,20,1,2020,0,0,Netherlands,NL,NLD,17231017,0,0,0,0,12,12
764,2020-01-21,21,1,2020,0,0,Netherlands,NL,NLD,17231017,0,0,0,0,12,12
765,2020-01-22,22,1,2020,0,0,Netherlands,NL,NLD,17231017,0,0,0,0,12,12
766,2020-01-23,23,1,2020,0,0,Netherlands,NL,NLD,17231017,0,0,0,0,12,12
767,2020-01-24,24,1,2020,0,0,Netherlands,NL,NLD,17231017,0,0,0,0,12,12
768,2020-01-25,25,1,2020,0,0,Netherlands,NL,NLD,17231017,0,0,0,0,12,12
769,2020-01-26,26,1,2020,0,0,Netherlands,NL,NLD,17231017,0,0,0,0,12,12
770,2020-01-27,27,1,2020,0,0,Netherlands,NL,NLD,17231017,0,0,0,0,12,12
771,2020-01-28,28,1,2020,0,0,Netherlands,NL,NLD,17231017,0,0,0,0,12,12
772,2020-01-29,29,1,2020,0,0,Netherlands,NL,NLD,17231017,0,0,0,0,12,12
773,2020-01-30,30,1,2020,0,0,Netherlands,NL,NLD,17231017,0,0,0,0,12,12
774,2020-01-31,31,1,2020,0,0,Netherlands,NL,NLD,17231017,0,0,0,0,12,12
775,2020-02-01,1,2,2020,0,0,Netherlands,NL,NLD,17231017,0,0,0,0,12,12
776,2020-02-02,2,2,2020,0,0,Netherlands,NL,NLD,17231017,0,0,0,0,12,12
777,2020-02-03,3,2,2020,0,0,Netherlands,NL,NLD,17231017,0,0,0,0,12,12
778,2020-02-04,4,2,2020,0,0,Netherlands,NL,NLD,17231017,0,0,0,0,12,12
779,2020-02-05,5,2,2020,0,0,Netherlands,NL,NLD,17231017,0,0,0,0,12,12
780,2020-02-06,6,2,2020,0,0,Netherlands,NL,NLD,17231017,0,0,0,0,12,12
781,2020-02-07,7,2,2020,0,0,Netherlands,NL,NLD,17231017,0,0,0,0,12,12
782,2020-02-08,8,2,2020,0,0,Netherlands,NL,NLD,17231017,0,0,0,0,12,12
783,2020-02-09,9,2,2020,0,0,Netherlands,NL,NLD,17231017,0,0,0,0,12,12
784,2020-02-10,10,2,2020,0,0,Netherlands,NL,NLD,17231017,0,0,0,0,12,12
785,2020-02-11,11,2,2020,0,0,Netherlands,NL,NLD,17231017,0,0,0,0,12,12
786,2020-02-12,12,2,2020,0,0,Netherlands,NL,NLD,17231017,0,0,0,0,12,12
787,2020-02-13,13,2,2020,0,0,Netherlands,NL,NLD,17231017,0,0,0,0,12,12
788,2020-02-14,14,2,2020,0,0,Netherlands,NL,NLD,17231017,0,0,0,0,12,12
789,2020-02-15,15,2,2020,0,0,Netherlands,NL,NLD,17231017,0,0,0,0,12,12
790,2020-02-16,16,2,2020,0,0,Netherlands,NL,NLD,17231017,0,0,0,0,12,12
791,2020-02-17,17,2,2020,0,0,Netherlands,NL,NLD,17231017,0,0,0,0,12,12
792,2020-02-18,18,2,2020,0,0,Netherlands,NL,NLD,17231017,0,0,0,0,12,12
793,2020-02-19,19,2,2020,0,0,Netherlands,NL,NLD,17231017,0,0,0,0,12,12
794,2020-02-20,20,2,2020,0,0,Netherlands,NL,NLD,17231017,0,0,0,0,12,12
795,2020-02-21,21,2,2020,0,0,Netherlands,NL,NLD,17231017,0,0,0,0,12,12
796,2020-02-22,22,2,2020,0,0,Netherlands,NL,NLD,17231017,0,0,0,0,12,12
797,2020-02-23,23,2,2020,0,0,Netherlands,NL,NLD,17231017,0,0,0,0,12,12
798,2020-02-24,24,2,2020,0,0,Netherlands,NL,NLD,17231017,0,0,0,0,12,12
799,2020-02-25,25,2,2020,0,0,Netherlands,NL,NLD,17231017,0,0,0,0,12,12
800,2020-02-26,26,2,2020,0,0,Netherlands,NL,NLD,17231017,0,0,0,0,12,12
801,2020-02-27,27,2,2020,0,0,Netherlands,NL,NLD,17231017,0,0,0,0,12,12
802,2020-02-28,28,2,2020,1,0,Netherlands,NL,NLD,17231017,1,0,0,0,12,12
803,2020-02-29,29,2,2020,1,0,Netherlands,NL,NLD,17231017,2,0,0,0,12,12
804,2020-03-01,1,3,2020,5,0,Netherlands,NL,NLD,17231017,7,0,0,0,12,12
805,2020-03-02,2,3,2020,6,0,Netherlands,NL,NLD,17231017,13,0,1,0,2,12
806,2020-03-03,3,3,2020,5,0,Netherlands,NL,NLD,17231017,18,0,2,0,2,12
807,2020-03-04,4,3,2020,10,0,Netherlands,NL,NLD,17231017,28,0,3,0,2,12
808,2020-03-05,5,3,2020,10,0,Netherlands,NL,NLD,17231017,38,0,4,0,2,12
809,2020-03-06,6,3,2020,44,0,Netherlands,NL,NLD,17231017,82,0,5,0,1,12
810,2020-03-07,7,3,2020,46,1,Netherlands,NL,NLD,17231017,128,1,6,0,2,12
811,2020-03-08,8,3,2020,60,0,Netherlands,NL,NLD,17231017,188,1,7,0,2,12
812,2020-03-09,9,3,2020,77,2,Netherlands,NL,NLD,17231017,265,3,8,0,2,12
813,2020-03-10,10,3,2020,56,0,Netherlands,NL,NLD,17231017,321,3,9,0,3,12
814,2020-03-11,11,3,2020,61,1,Netherlands,NL,NLD,17231017,382,4,10,0,3,12
815,2020-03-12,12,3,2020,121,1,Netherlands,NL,NLD,17231017,503,5,11,1,4,4
816,2020-03-13,13,3,2020,111,0,Netherlands,NL,NLD,17231017,614,5,12,2,4,5
817,2020-03-14,14,3,2020,190,0,Netherlands,NL,NLD,17231017,804,5,13,3,3,6
818,2020-03-15,15,3,2020,155,7,Netherlands,NL,NLD,17231017,959,12,14,4,4,1
819,2020-03-16,16,3,2020,176,8,Netherlands,NL,NLD,17231017,1135,20,15,5,4,2
820,2020-03-17,17,3,2020,278,4,Netherlands,NL,NLD,17231017,1413,24,16,6,4,2
821,2020-03-18,18,3,2020,292,19,Netherlands,NL,NLD,17231017,1705,43,17,7,4,2
822,2020-03-19,19,3,2020,346,15,Netherlands,NL,NLD,17231017,2051,58,18,8,4,2
823,2020-03-20,20,3,2020,409,18,Netherlands,NL,NLD,17231017,2460,76,19,9,4,3
824,2020-03-21,21,3,2020,534,30,Netherlands,NL,NLD,17231017,2994,106,20,10,4,3
825,2020-03-22,22,3,2020,637,30,Netherlands,NL,NLD,17231017,3631,136,21,11,4,3
826,2020-03-23,23,3,2020,573,43,Netherlands,NL,NLD,17231017,4204,179,22,12,4,3
827,2020-03-24,24,3,2020,545,34,Netherlands,NL,NLD,17231017,4749,213,23,13,5,3
828,2020-03-25,25,3,2020,811,63,Netherlands,NL,NLD,17231017,5560,276,24,14,5,3
829,2020-03-26,26,3,2020,852,80,Netherlands,NL,NLD,17231017,6412,356,25,15,5,4
830,2020-03-27,27,3,2020,1019,78,Netherlands,NL,NLD,17231017,7431,434,26,16,5,3
831,2020-03-28,28,3,2020,1172,112,Netherlands,NL,NLD,17231017,8603,546,27,17,5,4
832,2020-03-29,29,3,2020,1159,93,Netherlands,NL,NLD,17231017,9762,639,28,18,5,4
833,2020-03-30,30,3,2020,1104,132,Netherlands,NL,NLD,17231017,10866,771,29,19,6,4
834,2020-03-31,31,3,2020,884,93,Netherlands,NL,NLD,17231017,11750,864,30,20,6,5
835,2020-04-01,1,4,2020,845,175,Netherlands,NL,NLD,17231017,12595,1039,31,21,7,5
836,2020-04-02,2,4,2020,1019,134,Netherlands,NL,NLD,17231017,13614,1173,32,22,7,5
837,2020-04-03,3,4,2020,1083,166,Netherlands,NL,NLD,17231017,14697,1339,33,23,8,5
838,2020-04-04,4,4,2020,1026,148,Netherlands,NL,NLD,17231017,15723,1487,34,24,8,6
839,2020-04-05,5,4,2020,904,164,Netherlands,NL,NLD,17231017,16627,1651,35,25,9,6
840,2020-04-06,6,4,2020,1224,115,Netherlands,NL,NLD,17231017,17851,1766,36,26,9,6
841,2020-04-07,7,4,2020,962,101,Netherlands,NL,NLD,17231017,18813,1867,37,27,10,7
842,2020-04-08,8,4,2020,777,234,Netherlands,NL,NLD,17231017,19590,2101,38,28,10,7
843,2020-04-09,9,4,2020,969,147,Netherlands,NL,NLD,17231017,20559,2248,39,29,11,8
844,2020-04-10,10,4,2020,1213,148,Netherlands,NL,NLD,17231017,21772,2396,40,30,11,8
845,2020-04-11,11,4,2020,1335,115,Netherlands,NL,NLD,17231017,23107,2511,41,31,11,9
846,2020-04-12,12,4,2020,1316,132,Netherlands,NL,NLD,17231017,24423,2643,42,32,11,10
847,2020-04-13,13,4,2020,1174,94,Netherlands,NL,NLD,17231017,25597,2737,43,33,11,10
848,2020-04-14,14,4,2020,964,86,Netherlands,NL,NLD,17231017,26561,2823,44,34,11,11
849,2019-12-31,31,12,2019,0,0,Sweden,SE,SWE,10183175,0,0,0,0,12,12
850,2020-01-01,1,1,2020,0,0,Sweden,SE,SWE,10183175,0,0,0,0,12,12
851,2020-01-02,2,1,2020,0,0,Sweden,SE,SWE,10183175,0,0,0,0,12,12
852,2020-01-03,3,1,2020,0,0,Sweden,SE,SWE,10183175,0,0,0,0,12,12
853,2020-01-04,4,1,2020,0,0,Sweden,SE,SWE,10183175,0,0,0,0,12,12
854,2020-01-05,5,1,2020,0,0,Sweden,SE,SWE,10183175,0,0,0,0,12,12
855,2020-01-06,6,1,2020,0,0,Sweden,SE,SWE,10183175,0,0,0,0,12,12
856,2020-01-07,7,1,2020,0,0,Sweden,SE,SWE,10183175,0,0,0,0,12,12
857,2020-01-08,8,1,2020,0,0,Sweden,SE,SWE,10183175,0,0,0,0,12,12
858,2020-01-09,9,1,2020,0,0,Sweden,SE,SWE,10183175,0,0,0,0,12,12
859,2020-01-10,10,1,2020,0,0,Sweden,SE,SWE,10183175,0,0,0,0,12,12
860,2020-01-11,11,1,2020,0,0,Sweden,SE,SWE,10183175,0,0,0,0,12,12
861,2020-01-12,12,1,2020,0,0,Sweden,SE,SWE,10183175,0,0,0,0,12,12
862,2020-01-13,13,1,2020,0,0,Sweden,SE,SWE,10183175,0,0,0,0,12,12
863,2020-01-14,14,1,2020,0,0,Sweden,SE,SWE,10183175,0,0,0,0,12,12
864,2020-01-15,15,1,2020,0,0,Sweden,SE,SWE,10183175,0,0,0,0,12,12
865,2020-01-16,16,1,2020,0,0,Sweden,SE,SWE,10183175,0,0,0,0,12,12
866,2020-01-17,17,1,2020,0,0,Sweden,SE,SWE,10183175,0,0,0,0,12,12
867,2020-01-18,18,1,2020,0,0,Sweden,SE,SWE,10183175,0,0,0,0,12,12
868,2020-01-19,19,1,2020,0,0,Sweden,SE,SWE,10183175,0,0,0,0,12,12
869,2020-01-20,20,1,2020,0,0,Sweden,SE,SWE,10183175,0,0,0,0,12,12
870,2020-01-21,21,1,2020,0,0,Sweden,SE,SWE,10183175,0,0,0,0,12,12
871,2020-01-22,22,1,2020,0,0,Sweden,SE,SWE,10183175,0,0,0,0,12,12
872,2020-01-23,23,1,2020,0,0,Sweden,SE,SWE,10183175,0,0,0,0,12,12
873,2020-01-24,24,1,2020,0,0,Sweden,SE,SWE,10183175,0,0,0,0,12,12
874,2020-01-25,25,1,2020,0,0,Sweden,SE,SWE,10183175,0,0,0,0,12,12
875,2020-01-26,26,1,2020,0,0,Sweden,SE,SWE,10183175,0,0,0,0,12,12
876,2020-01-27,27,1,2020,0,0,Sweden,SE,SWE,10183175,0,0,0,0,12,12
877,2020-01-28,28,1,2020,0,0,Sweden,SE,SWE,10183175,0,0,0,0,12,12
878,2020-01-29,29,1,2020,0,0,Sweden,SE,SWE,10183175,0,0,0,0,12,12
879,2020-01-30,30,1,2020,0,0,Sweden,SE,SWE,10183175,0,0,0,0,12,12
880,2020-01-31,31,1,2020,0,0,Sweden,SE,SWE,10183175,0,0,0,0,12,12
881,2020-02-01,1,2,2020,1,0,Sweden,SE,SWE,10183175,1,0,0,0,12,12
882,2020-02-02,2,2,2020,0,0,Sweden,SE,SWE,10183175,1,0,0,0,12,12
883,2020-02-03,3,2,2020,0,0,Sweden,SE,SWE,10183175,1,0,0,0,12,12
884,2020-02-04,4,2,2020,0,0,Sweden,SE,SWE,10183175,1,0,0,0,12,12
885,2020-02-05,5,2,2020,0,0,Sweden,SE,SWE,10183175,1,0,0,0,12,12
886,2020-02-06,6,2,2020,0,0,Sweden,SE,SWE,10183175,1,0,0,0,12,12
887,2020-02-07,7,2,2020,0,0,Sweden,SE,SWE,10183175,1,0,0,0,12,12
888,2020-02-08,8,2,2020,0,0,Sweden,SE,SWE,10183175,1,0,0,0,12,12
889,2020-02-09,9,2,2020,0,0,Sweden,SE,SWE,10183175,1,0,0,0,12,12
890,2020-02-10,10,2,2020,0,0,Sweden,SE,SWE,10183175,1,0,0,0,12,12
891,2020-02-11,11,2,2020,0,0,Sweden,SE,SWE,10183175,1,0,0,0,12,12
892,2020-02-12,12,2,2020,0,0,Sweden,SE,SWE,10183175,1,0,0,0,12,12
893,2020-02-13,13,2,2020,0,0,Sweden,SE,SWE,10183175,1,0,0,0,12,12
894,2020-02-14,14,2,2020,0,0,Sweden,SE,SWE,10183175,1,0,0,0,12,12
895,2020-02-15,15,2,2020,0,0,Sweden,SE,SWE,10183175,1,0,0,0,12,12
896,2020-02-16,16,2,2020,0,0,Sweden,SE,SWE,10183175,1,0,0,0,12,12
897,2020-02-17,17,2,2020,0,0,Sweden,SE,SWE,10183175,1,0,0,0,12,12
898,2020-02-18,18,2,2020,0,0,Sweden,SE,SWE,10183175,1,0,0,0,12,12
899,2020-02-19,19,2,2020,0,0,Sweden,SE,SWE,10183175,1,0,0,0,12,12
900,2020-02-20,20,2,2020,0,0,Sweden,SE,SWE,10183175,1,0,0,0,12,12
901,2020-02-21,21,2,2020,0,0,Sweden,SE,SWE,10183175,1,0,0,0,12,12
902,2020-02-22,22,2,2020,0,0,Sweden,SE,SWE,10183175,1,0,0,0,12,12
903,2020-02-23,23,2,2020,0,0,Sweden,SE,SWE,10183175,1,0,0,0,12,12
904,2020-02-24,24,2,2020,0,0,Sweden,SE,SWE,10183175,1,0,0,0,12,12
905,2020-02-25,25,2,2020,0,0,Sweden,SE,SWE,10183175,1,0,0,0,12,12
906,2020-02-26,26,2,2020,0,0,Sweden,SE,SWE,10183175,1,0,0,0,12,12
907,2020-02-27,27,2,2020,1,0,Sweden,SE,SWE,10183175,2,0,0,0,12,12
908,2020-02-28,28,2,2020,5,0,Sweden,SE,SWE,10183175,7,0,0,0,12,12
909,2020-02-29,29,2,2020,5,0,Sweden,SE,SWE,10183175,12,0,1,0,2,12
910,2020-03-01,1,3,2020,1,0,Sweden,SE,SWE,10183175,13,0,2,0,3,12
911,2020-03-02,2,3,2020,1,0,Sweden,SE,SWE,10183175,14,0,3,0,3,12
912,2020-03-03,3,3,2020,1,0,Sweden,SE,SWE,10183175,15,0,4,0,4,12
913,2020-03-04,4,3,2020,9,0,Sweden,SE,SWE,10183175,24,0,5,0,4,12
914,2020-03-05,5,3,2020,11,0,Sweden,SE,SWE,10183175,35,0,6,0,2,12
915,2020-03-06,6,3,2020,26,0,Sweden,SE,SWE,10183175,61,0,7,0,2,12
916,2020-03-07,7,3,2020,76,0,Sweden,SE,SWE,10183175,137,0,8,0,1,12
917,2020-03-08,8,3,2020,24,0,Sweden,SE,SWE,10183175,161,0,9,0,2,12
918,2020-03-09,9,3,2020,42,0,Sweden,SE,SWE,10183175,203,0,10,0,3,12
919,2020-03-10,10,3,2020,45,0,Sweden,SE,SWE,10183175,248,0,11,0,4,12
920,2020-03-11,11,3,2020,78,0,Sweden,SE,SWE,10183175,326,0,12,0,3,12
921,2020-03-12,12,3,2020,136,1,Sweden,SE,SWE,10183175,462,1,13,0,3,12
922,2020-03-13,13,3,2020,158,0,Sweden,SE,SWE,10183175,620,1,14,0,3,12
923,2020-03-14,14,3,2020,155,0,Sweden,SE,SWE,10183175,775,1,15,0,3,12
924,2020-03-15,15,3,2020,149,0,Sweden,SE,SWE,10183175,924,1,16,0,3,12
925,2020-03-16,16,3,2020,108,2,Sweden,SE,SWE,10183175,1032,3,17,0,4,12
926,2020-03-17,17,3,2020,89,4,Sweden,SE,SWE,10183175,1121,7,18,1,5,1
927,2020-03-18,18,3,2020,46,1,Sweden,SE,SWE,10183175,1167,8,19,2,6,2
928,2020-03-19,19,3,2020,134,2,Sweden,SE,SWE,10183175,1301,10,20,3,6,3
929,2020-03-20,20,3,2020,122,0,Sweden,SE,SWE,10183175,1423,10,21,4,7,4
930,2020-03-21,21,3,2020,200,6,Sweden,SE,SWE,10183175,1623,16,22,5,7,3
931,2020-03-22,22,3,2020,123,4,Sweden,SE,SWE,10183175,1746,20,23,6,8,2
932,2020-03-23,23,3,2020,160,1,Sweden,SE,SWE,10183175,1906,21,24,7,8,3
933,2020-03-24,24,3,2020,110,4,Sweden,SE,SWE,10183175,2016,25,25,8,9,4
934,2020-03-25,25,3,2020,256,11,Sweden,SE,SWE,10183175,2272,36,26,9,8,4
935,2020-03-26,26,3,2020,238,6,Sweden,SE,SWE,10183175,2510,42,27,10,8,3
936,2020-03-27,27,3,2020,296,24,Sweden,SE,SWE,10183175,2806,66,28,11,8,3
937,2020-03-28,28,3,2020,240,26,Sweden,SE,SWE,10183175,3046,92,29,12,8,2
938,2020-03-29,29,3,2020,401,10,Sweden,SE,SWE,10183175,3447,102,30,13,8,3
939,2020-03-30,30,3,2020,253,8,Sweden,SE,SWE,10183175,3700,110,31,14,8,4
940,2020-03-31,31,3,2020,328,36,Sweden,SE,SWE,10183175,4028,146,32,15,8,4
941,2020-04-01,1,4,2020,407,34,Sweden,SE,SWE,10183175,4435,180,33,16,8,5
942,2020-04-02,2,4,2020,512,59,Sweden,SE,SWE,10183175,4947,239,34,17,8,3
943,2020-04-03,3,4,2020,519,43,Sweden,SE,SWE,10183175,5466,282,35,18,8,4
944,2020-04-04,4,4,2020,612,51,Sweden,SE,SWE,10183175,6078,333,36,19,8,4
945,2020-04-05,5,4,2020,365,40,Sweden,SE,SWE,10183175,6443,373,37,20,8,4
946,2020-04-06,6,4,2020,387,28,Sweden,SE,SWE,10183175,6830,401,38,21,9,5
947,2020-04-07,7,4,2020,376,76,Sweden,SE,SWE,10183175,7206,477,39,22,9,6
948,2020-04-08,8,4,2020,487,114,Sweden,SE,SWE,10183175,7693,591,40,23,9,5
949,2020-04-09,9,4,2020,726,96,Sweden,SE,SWE,10183175,8419,687,41,24,9,5
950,2020-04-10,10,4,2020,722,106,Sweden,SE,SWE,10183175,9141,793,42,25,9,5
951,2020-04-11,11,4,2020,544,77,Sweden,SE,SWE,10183175,9685,870,43,26,10,5
952,2020-04-12,12,4,2020,466,17,Sweden,SE,SWE,10183175,10151,887,44,27,10,6
953,2020-04-13,13,4,2020,332,12,Sweden,SE,SWE,10183175,10483,899,45,28,11,7
954,2020-04-14,14,4,2020,465,20,Sweden,SE,SWE,10183175,10948,919,46,29,11,8
955,2019-12-31,31,12,2019,0,0,United_States_of_America,US,USA,327167434,0,0,0,0,12,12
956,2020-01-01,1,1,2020,0,0,United_States_of_America,US,USA,327167434,0,0,0,0,12,12
957,2020-01-02,2,1,2020,0,0,United_States_of_America,US,USA,327167434,0,0,0,0,12,12
958,2020-01-03,3,1,2020,0,0,United_States_of_America,US,USA,327167434,0,0,0,0,12,12
959,2020-01-04,4,1,2020,0,0,United_States_of_America,US,USA,327167434,0,0,0,0,12,12
960,2020-01-05,5,1,2020,0,0,United_States_of_America,US,USA,327167434,0,0,0,0,12,12
961,2020-01-06,6,1,2020,0,0,United_States_of_America,US,USA,327167434,0,0,0,0,12,12
962,2020-01-07,7,1,2020,0,0,United_States_of_America,US,USA,327167434,0,0,0,0,12,12
963,2020-01-08,8,1,2020,0,0,United_States_of_America,US,USA,327167434,0,0,0,0,12,12
964,2020-01-09,9,1,2020,0,0,United_States_of_America,US,USA,327167434,0,0,0,0,12,12
965,2020-01-10,10,1,2020,0,0,United_States_of_America,US,USA,327167434,0,0,0,0,12,12
966,2020-01-11,11,1,2020,0,0,United_States_of_America,US,USA,327167434,0,0,0,0,12,12
967,2020-01-12,12,1,2020,0,0,United_States_of_America,US,USA,327167434,0,0,0,0,12,12
968,2020-01-13,13,1,2020,0,0,United_States_of_America,US,USA,327167434,0,0,0,0,12,12
969,2020-01-14,14,1,2020,0,0,United_States_of_America,US,USA,327167434,0,0,0,0,12,12
970,2020-01-15,15,1,2020,0,0,United_States_of_America,US,USA,327167434,0,0,0,0,12,12
971,2020-01-16,16,1,2020,0,0,United_States_of_America,US,USA,327167434,0,0,0,0,12,12
972,2020-01-17,17,1,2020,0,0,United_States_of_America,US,USA,327167434,0,0,0,0,12,12
973,2020-01-18,18,1,2020,0,0,United_States_of_America,US,USA,327167434,0,0,0,0,12,12
974,2020-01-19,19,1,2020,0,0,United_States_of_America,US,USA,327167434,0,0,0,0,12,12
975,2020-01-20,20,1,2020,0,0,United_States_of_America,US,USA,327167434,0,0,0,0,12,12
976,2020-01-21,21,1,2020,1,0,United_States_of_America,US,USA,327167434,1,0,0,0,12,12
977,2020-01-22,22,1,2020,0,0,United_States_of_America,US,USA,327167434,1,0,0,0,12,12
978,2020-01-23,23,1,2020,0,0,United_States_of_America,US,USA,327167434,1,0,0,0,12,12
979,2020-01-24,24,1,2020,0,0,United_States_of_America,US,USA,327167434,1,0,0,0,12,12
980,2020-01-25,25,1,2020,1,0,United_States_of_America,US,USA,327167434,2,0,0,0,12,12
981,2020-01-26,26,1,2020,0,0,United_States_of_America,US,USA,327167434,2,0,0,0,12,12
982,2020-01-27,27,1,2020,3,0,United_States_of_America,US,USA,327167434,5,0,0,0,12,12
983,2020-01-28,28,1,2020,0,0,United_States_of_America,US,USA,327167434,5,0,0,0,12,12
984,2020-01-29,29,1,2020,0,0,United_States_of_America,US,USA,327167434,5,0,0,0,12,12
985,2020-01-30,30,1,2020,0,0,United_States_of_America,US,USA,327167434,5,0,0,0,12,12
986,2020-01-31,31,1,2020,1,0,United_States_of_America,US,USA,327167434,6,0,0,0,12,12
987,2020-02-01,1,2,2020,1,0,United_States_of_America,US,USA,327167434,7,0,0,0,12,12
988,2020-02-02,2,2,2020,1,0,United_States_of_America,US,USA,327167434,8,0,0,0,12,12
989,2020-02-03,3,2,2020,3,0,United_States_of_America,US,USA,327167434,11,0,1,0,4,12
990,2020-02-04,4,2,2020,0,0,United_States_of_America,US,USA,327167434,11,0,2,0,5,12
991,2020-02-05,5,2,2020,0,0,United_States_of_America,US,USA,327167434,11,0,3,0,6,12
992,2020-02-06,6,2,2020,1,0,United_States_of_America,US,USA,327167434,12,0,4,0,6,12
993,2020-02-07,7,2,2020,0,0,United_States_of_America,US,USA,327167434,12,0,5,0,7,12
994,2020-02-08,8,2,2020,0,0,United_States_of_America,US,USA,327167434,12,0,6,0,8,12
995,2020-02-09,9,2,2020,0,0,United_States_of_America,US,USA,327167434,12,0,7,0,9,12
996,2020-02-10,10,2,2020,0,0,United_States_of_America,US,USA,327167434,12,0,8,0,10,12
997,2020-02-11,11,2,2020,1,0,United_States_of_America,US,USA,327167434,13,0,9,0,11,12
998,2020-02-12,12,2,2020,0,0,United_States_of_America,US,USA,327167434,13,0,10,0,11,12
999,2020-02-13,13,2,2020,1,0,United_States_of_America,US,USA,327167434,14,0,11,0,11,12
1000,2020-02-14,14,2,2020,1,0,United_States_of_America,US,USA,327167434,15,0,12,0,11,12
1001,2020-02-15,15,2,2020,0,0,United_States_of_America,US,USA,327167434,15,0,13,0,11,12
1002,2020-02-16,16,2,2020,0,0,United_States_of_America,US,USA,327167434,15,0,14,0,11,12
1003,2020-02-17,17,2,2020,0,0,United_States_of_America,US,USA,327167434,15,0,15,0,11,12
1004,2020-02-18,18,2,2020,0,0,United_States_of_America,US,USA,327167434,15,0,16,0,11,12
1005,2020-02-19,19,2,2020,0,0,United_States_of_America,US,USA,327167434,15,0,17,0,11,12
1006,2020-02-20,20,2,2020,0,0,United_States_of_America,US,USA,327167434,15,0,18,0,11,12
1007,2020-02-21,21,2,2020,1,0,United_States_of_America,US,USA,327167434,16,0,19,0,11,12
1008,2020-02-22,22,2,2020,19,0,United_States_of_America,US,USA,327167434,35,0,20,0,1,12
1009,2020-02-23,23,2,2020,0,0,United_States_of_America,US,USA,327167434,35,0,21,0,2,12
1010,2020-02-24,24,2,2020,0,0,United_States_of_America,US,USA,327167434,35,0,22,0,3,12
1011,2020-02-25,25,2,2020,18,0,United_States_of_America,US,USA,327167434,53,0,23,0,4,12
1012,2020-02-26,26,2,2020,0,0,United_States_of_America,US,USA,327167434,53,0,24,0,5,12
1013,2020-02-27,27,2,2020,6,0,United_States_of_America,US,USA,327167434,59,0,25,0,6,12
1014,2020-02-28,28,2,2020,1,0,United_States_of_America,US,USA,327167434,60,0,26,0,7,12
1015,2020-02-29,29,2,2020,6,0,United_States_of_America,US,USA,327167434,66,0,27,0,8,12
1016,2020-03-01,1,3,2020,3,1,United_States_of_America,US,USA,327167434,69,1,28,0,9,12
1017,2020-03-02,2,3,2020,20,1,United_States_of_America,US,USA,327167434,89,2,29,0,7,12
1018,2020-03-03,3,3,2020,14,4,United_States_of_America,US,USA,327167434,103,6,30,1,8,1
1019,2020-03-04,4,3,2020,22,3,United_States_of_America,US,USA,327167434,125,9,31,2,5,2
1020,2020-03-05,5,3,2020,34,2,United_States_of_America,US,USA,327167434,159,11,32,3,4,3
1021,2020-03-06,6,3,2020,74,1,United_States_of_America,US,USA,327167434,233,12,33,4,3,3
1022,2020-03-07,7,3,2020,105,2,United_States_of_America,US,USA,327167434,338,14,34,5,2,4
1023,2020-03-08,8,3,2020,95,3,United_States_of_America,US,USA,327167434,433,17,35,6,3,5
1024,2020-03-09,9,3,2020,121,4,United_States_of_America,US,USA,327167434,554,21,36,7,3,5
1025,2020-03-10,10,3,2020,200,5,United_States_of_America,US,USA,327167434,754,26,37,8,3,4
1026,2020-03-11,11,3,2020,271,2,United_States_of_America,US,USA,327167434,1025,28,38,9,3,4
1027,2020-03-12,12,3,2020,287,2,United_States_of_America,US,USA,327167434,1312,30,39,10,3,5
1028,2020-03-13,13,3,2020,351,10,United_States_of_America,US,USA,327167434,1663,40,40,11,3,5
1029,2020-03-14,14,3,2020,511,7,United_States_of_America,US,USA,327167434,2174,47,41,12,3,5
1030,2020-03-15,15,3,2020,777,10,United_States_of_America,US,USA,327167434,2951,57,42,13,3,4
1031,2020-03-16,16,3,2020,823,12,United_States_of_America,US,USA,327167434,3774,69,43,14,3,4
1032,2020-03-17,17,3,2020,887,16,United_States_of_America,US,USA,327167434,4661,85,44,15,3,4
1033,2020-03-18,18,3,2020,1766,23,United_States_of_America,US,USA,327167434,6427,108,45,16,3,4
1034,2020-03-19,19,3,2020,2988,42,United_States_of_America,US,USA,327167434,9415,150,46,17,2,3
1035,2020-03-20,20,3,2020,4835,0,United_States_of_America,US,USA,327167434,14250,150,47,18,2,4
1036,2020-03-21,21,3,2020,5374,110,United_States_of_America,US,USA,327167434,19624,260,48,19,2,3
1037,2020-03-22,22,3,2020,7123,80,United_States_of_America,US,USA,327167434,26747,340,49,20,3,2
1038,2020-03-23,23,3,2020,8459,131,United_States_of_America,US,USA,327167434,35206,471,50,21,3,3
1039,2020-03-24,24,3,2020,11236,119,United_States_of_America,US,USA,327167434,46442,590,51,22,3,3
1040,2020-03-25,25,3,2020,8789,211,United_States_of_America,US,USA,327167434,55231,801,52,23,3,3
1041,2020-03-26,26,3,2020,13963,249,United_States_of_America,US,USA,327167434,69194,1050,53,24,4,3
1042,2020-03-27,27,3,2020,16797,246,United_States_of_America,US,USA,327167434,85991,1296,54,25,4,3
1043,2020-03-28,28,3,2020,18695,411,United_States_of_America,US,USA,327167434,104686,1707,55,26,4,3
1044,2020-03-29,29,3,2020,19979,484,United_States_of_America,US,USA,327167434,124665,2191,56,27,4,3
1045,2020-03-30,30,3,2020,18360,318,United_States_of_America,US,USA,327167434,143025,2509,57,28,4,4
1046,2020-03-31,31,3,2020,21595,661,United_States_of_America,US,USA,327167434,164620,3170,58,29,5,4
1047,2020-04-01,1,4,2020,24998,909,United_States_of_America,US,USA,327167434,189618,4079,59,30,5,4
1048,2020-04-02,2,4,2020,27103,1059,United_States_of_America,US,USA,327167434,216721,5138,60,31,5,3
1049,2020-04-03,3,4,2020,28819,915,United_States_of_America,US,USA,327167434,245540,6053,61,32,6,4
1050,2020-04-04,4,4,2020,32425,1104,United_States_of_America,US,USA,327167434,277965,7157,62,33,6,4
1051,2020-04-05,5,4,2020,34272,1344,United_States_of_America,US,USA,327167434,312237,8501,63,34,6,4
1052,2020-04-06,6,4,2020,25398,1146,United_States_of_America,US,USA,327167434,337635,9647,64,35,6,5
1053,2020-04-07,7,4,2020,30561,1342,United_States_of_America,US,USA,327167434,368196,10989,65,36,7,5
1054,2020-04-08,8,4,2020,30613,1906,United_States_of_America,US,USA,327167434,398809,12895,66,37,7,5
1055,2020-04-09,9,4,2020,33323,1922,United_States_of_America,US,USA,327167434,432132,14817,67,38,8,5
1056,2020-04-10,10,4,2020,33901,1873,United_States_of_America,US,USA,327167434,466033,16690,68,39,8,6
1057,2020-04-11,11,4,2020,35527,2087,United_States_of_America,US,USA,327167434,501560,18777,69,40,8,6
1058,2020-04-12,12,4,2020,28391,1831,United_States_of_America,US,USA,327167434,529951,20608,70,41,9,6
1059,2020-04-13,13,4,2020,27620,1500,United_States_of_America,US,USA,327167434,557571,22108,71,42,9,6
1060,2020-04-14,14,4,2020,25023,1541,United_States_of_America,US,USA,327167434,582594,23649,72,43,10,7