State,Total_Cases,New_Cases,Avg_7days,Avg_5days,Dates,Per100,Deaths,Days_100,DeathsDays_5,GrowthRate,New_deaths,Death_7days,DeathPer100,Population
Baden-Wuerttemberg,827,0,0,0,2020-03-15,5,2,1,0,0.0,0,0,0.0,11069533
Baden-Wuerttemberg,1105,278,0,0,2020-03-16,10,2,2,0,0.0,0,0,0.0,11069533
Baden-Wuerttemberg,1479,417,0,0,2020-03-17,13,2,3,0,0.0,0,0,0.0,11069533
Baden-Wuerttemberg,1609,130,0,0,2020-03-18,15,2,4,0,0.0,0,0,0.0,11069533
Baden-Wuerttemberg,2155,546,0,0,2020-03-19,19,6,5,1,0.0,4,0,0.1,11069533
Baden-Wuerttemberg,2746,591,0,392,2020-03-20,25,10,6,2,0.0,4,0,0.1,11069533
Baden-Wuerttemberg,3668,922,412,521,2020-03-21,33,16,7,3,0.0,6,2,0.1,11069533
Baden-Wuerttemberg,3807,139,432,466,2020-03-22,34,21,8,4,22.2,5,2.7,0.2,11069533
Baden-Wuerttemberg,3811,4,393,440,2020-03-23,34,21,9,5,16.6,0,2.7,0.2,11069533
Baden-Wuerttemberg,5348,1537,553,639,2020-03-24,48,30,10,6,20.1,9,4.0,0.3,11069533
Baden-Wuerttemberg,6069,721,637,665,2020-03-25,55,37,11,7,19.3,7,5.0,0.3,11069533
Baden-Wuerttemberg,7283,1214,733,723,2020-03-26,66,56,12,8,18.6,19,7.1,0.5,11069533
Baden-Wuerttemberg,8161,878,774,871,2020-03-27,74,70,13,9,16.5,14,8.6,0.6,11069533
Baden-Wuerttemberg,9781,1620,873,1194,2020-03-28,88,101,14,10,16.0,31,12.1,0.9,11069533
Baden-Wuerttemberg,9794,13,855,889,2020-03-29,88,101,15,11,13.5,0,11.4,0.9,11069533
Baden-Wuerttemberg,10943,1149,1019,975,2020-03-30,99,119,16,12,14.2,18,14.0,1.1,11069533
Baden-Wuerttemberg,12334,1391,998,1010,2020-03-31,111,165,17,13,12.2,46,19.3,1.5,11069533
Baden-Wuerttemberg,13410,1076,1049,1050,2020-04-01,121,197,18,14,11.4,32,22.9,1.8,11069533
Baden-Wuerttemberg,14662,1252,1054,976,2020-04-02,132,241,19,15,10.3,44,26.4,2.2,11069533
Baden-Wuerttemberg,16059,1397,1128,1253,2020-04-03,145,285,20,16,10.0,44,30.7,2.6,11069533
Baden-Wuerttemberg,17014,955,1033,1214,2020-04-04,154,316,21,17,8.3,31,30.7,2.9,11069533
Baden-Wuerttemberg,18614,1600,1260,1256,2020-04-05,168,367,22,18,9.4,51,38.0,3.3,11069533
Baden-Wuerttemberg,19395,781,1207,1197,2020-04-06,175,387,23,19,8.2,20,38.3,3.5,11069533
Baden-Wuerttemberg,20141,746,1115,1096,2020-04-07,182,433,24,20,7.0,46,38.3,3.9,11069533
Baden-Wuerttemberg,20680,539,1039,924,2020-04-08,187,464,25,21,6.1,31,38.1,4.2,11069533
Baden-Wuerttemberg,21603,923,992,918,2020-04-09,195,519,26,22,5.5,55,39.7,4.7,11069533
Baden-Wuerttemberg,22433,830,911,764,2020-04-10,203,570,27,23,4.8,51,40.7,5.1,11069533
Baden-Wuerttemberg,23617,1184,943,844,2020-04-11,213,622,28,24,4.7,52,43.7,5.6,11069533
Baden-Wuerttemberg,24078,461,781,787,2020-04-12,218,649,29,25,3.7,27,40.3,5.9,11069533
Baden-Wuerttemberg,24570,592,754,798,2020-04-13,222,677,30,26,3.5,28,41.4,6.1,11069533
Baden-Wuerttemberg,25040,470,714,707,2020-04-14,226,711,31,27,3.2,34,39.7,6.4,11069533
Baden-Wuerttemberg,25438,398,694,621,2020-04-15,230,767,32,28,3.0,56,43.3,6.9,11069533
Baden-Wuerttemberg,25881,443,625,473,2020-04-16,234,802,33,29,2.6,35,40.4,7.2,11069533
Baden-Wuerttemberg,26543,662,601,513,2020-04-17,240,872,34,30,2.5,70,43.1,7.9,11069533
Baden-Wuerttemberg,27258,715,534,538,2020-04-18,246,919,35,31,2.1,47,42.4,8.3,11069533
Baden-Wuerttemberg,27883,625,558,569,2020-04-19,252,968,36,32,2.2,49,45.6,8.7,11069533
Baden-Wuerttemberg,28253,370,526,563,2020-04-20,255,982,37,33,2.0,14,43.6,8.9,11069533
Baden-Wuerttemberg,28712,459,525,566,2020-04-21,259,1031,38,34,2.0,49,45.7,9.3,11069533
Baden-Wuerttemberg,28898,186,494,471,2020-04-22,261,1063,39,35,1.8,32,42.3,9.6,11069533
Baden-Wuerttemberg,29443,545,509,437,2020-04-23,266,1113,40,36,1.8,50,44.4,10.1,11069533
Baden-Wuerttemberg,29792,349,464,382,2020-04-24,269,1153,41,37,1.6,40,40.1,10.4,11069533
Baden-Wuerttemberg,30169,377,416,383,2020-04-25,273,1189,42,38,1.5,36,38.6,10.7,11069533
Baden-Wuerttemberg,30761,592,411,410,2020-04-26,278,1237,43,39,1.4,48,38.4,11.2,11069533
Baden-Wuerttemberg,31043,282,399,429,2020-04-27,280,1249,44,40,1.4,12,38.1,11.3,11069533
Baden-Wuerttemberg,31196,153,355,351,2020-04-28,282,1269,45,41,1.2,20,34.0,11.5,11069533
Baden-Wuerttemberg,31336,140,348,309,2020-04-29,283,1299,46,42,1.2,30,33.7,11.7,11069533
Baden-Wuerttemberg,31609,273,309,288,2020-04-30,286,1353,47,43,1.0,54,34.3,12.2,11069533
Baden-Wuerttemberg,31919,310,304,232,2020-05-01,288,1385,48,44,1.0,32,33.1,12.5,11069533
Baden-Wuerttemberg,32146,227,282,221,2020-05-02,290,1402,49,45,0.9,17,30.4,12.7,11069533
Baden-Wuerttemberg,32291,145,219,219,2020-05-03,292,1412,50,46,0.7,10,25.0,12.8,11069533
Baden-Wuerttemberg,32411,120,195,215,2020-05-04,293,1421,51,47,0.6,9,24.6,12.8,11069533
Baden-Wuerttemberg,32482,71,184,175,2020-05-05,293,1452,52,48,0.6,31,26.1,13.1,11069533
Baden-Wuerttemberg,32576,94,177,131,2020-05-06,294,1481,53,49,0.6,29,26.0,13.4,11069533
Baden-Wuerttemberg,32762,186,165,123,2020-05-07,296,1497,54,50,0.5,16,20.6,13.5,11069533
Baden-Wuerttemberg,32898,136,140,121,2020-05-08,297,1515,55,51,0.4,18,18.6,13.7,11069533
Baden-Wuerttemberg,33105,207,137,139,2020-05-09,299,1534,56,52,0.4,19,18.9,13.9,11069533
Baden-Wuerttemberg,33287,182,142,161,2020-05-10,301,1542,57,53,0.4,8,18.6,13.9,11069533
Baden-Wuerttemberg,33190,-97,111,123,2020-05-11,300,1545,58,54,0.3,3,17.7,14.0,11069533
Baden-Wuerttemberg,33359,169,125,119,2020-05-12,301,1568,59,55,0.4,23,16.6,14.2,11069533
Baden-Wuerttemberg,33518,159,135,124,2020-05-13,303,1594,60,56,0.4,26,16.1,14.4,11069533
Baden-Wuerttemberg,33670,152,130,113,2020-05-14,304,1608,61,57,0.4,14,15.9,14.5,11069533
Baden-Wuerttemberg,33851,181,136,113,2020-05-15,306,1628,62,58,0.4,20,16.1,14.7,11069533
Baden-Wuerttemberg,33893,42,113,141,2020-05-16,306,1644,63,59,0.3,16,15.7,14.9,11069533
Baden-Wuerttemberg,33950,57,95,118,2020-05-17,307,1648,64,60,0.3,4,15.1,14.9,11069533
Baden-Wuerttemberg,34000,50,116,96,2020-05-18,307,1652,65,61,0.3,4,15.3,14.9,11069533
Baden-Wuerttemberg,34034,34,96,73,2020-05-19,307,1653,66,62,0.3,1,12.1,14.9,11069533
Baden-Wuerttemberg,34115,81,85,53,2020-05-20,308,1672,67,63,0.3,19,11.1,15.1,11069533
Baden-Wuerttemberg,34175,60,72,56,2020-05-21,309,1680,68,64,0.2,8,10.3,15.2,11069533
Baden-Wuerttemberg,34174,-1,46,45,2020-05-22,309,1680,69,65,0.1,0,7.4,15.2,11069533
Baden-Wuerttemberg,34345,171,65,69,2020-05-23,310,1692,70,66,0.2,12,6.9,15.3,11069533
Baden-Wuerttemberg,34399,54,64,73,2020-05-24,311,1697,71,67,0.2,5,7.0,15.3,11069533
Bavaria,886,0,0,0,2020-03-15,6,4,1,0,0.0,0,0,0.0,13076721
Bavaria,1067,181,0,0,2020-03-16,7,4,2,0,0.0,0,0,0.0,13076721
Bavaria,1109,144,0,0,2020-03-17,9,4,3,0,0.0,0,0,0.0,13076721
Bavaria,1243,134,0,0,2020-03-18,10,4,4,0,0.0,0,0,0.0,13076721
Bavaria,1692,449,0,0,2020-03-19,13,8,5,1,0.0,4,0,0.1,13076721
Bavaria,2401,709,0,323,2020-03-20,18,12,6,2,0.0,4,0,0.1,13076721
Bavaria,2960,559,311,399,2020-03-21,23,19,7,3,0.0,7,2.1,0.1,13076721
Bavaria,3650,690,409,508,2020-03-22,28,21,8,4,25.2,2,2.4,0.2,13076721
Bavaria,4892,1242,561,730,2020-03-23,37,26,9,5,27.8,5,3.1,0.2,13076721
Bavaria,5754,862,664,812,2020-03-24,44,30,10,6,25.9,4,3.7,0.2,13076721
Bavaria,6558,804,759,831,2020-03-25,50,37,11,7,23.5,7,4.7,0.3,13076721
Bavaria,7993,1435,900,1007,2020-03-26,61,47,12,8,22.6,10,5.6,0.4,13076721
Bavaria,9481,1488,1011,1166,2020-03-27,73,55,13,9,20.7,8,6.1,0.4,13076721
Bavaria,11150,1669,1170,1252,2020-03-28,85,77,14,10,19.8,22,8.3,0.6,13076721
Bavaria,12881,1731,1319,1425,2020-03-29,99,107,15,11,18.7,30,12.3,0.8,13076721
Bavaria,13989,1108,1300,1486,2020-03-30,107,127,16,12,15.5,20,14.4,1.0,13076721
Bavaria,14810,821,1294,1363,2020-03-31,113,162,17,13,13.4,35,18.9,1.2,13076721
Bavaria,16497,1687,1420,1403,2020-04-01,126,225,18,14,12.9,63,26.9,1.7,13076721
Bavaria,18496,1999,1500,1469,2020-04-02,141,268,19,15,12.1,43,31.6,2.0,13076721
Bavaria,20237,1741,1537,1471,2020-04-03,155,307,20,16,11.1,39,36.0,2.3,13076721
Bavaria,21908,1671,1537,1584,2020-04-04,168,349,21,17,10.0,42,38.9,2.7,13076721
Bavaria,23846,1938,1566,1807,2020-04-05,182,396,22,18,9.2,47,41.3,3.0,13076721
Bavaria,24974,1128,1569,1695,2020-04-06,191,437,23,19,8.5,41,44.3,3.3,13076721
Bavaria,26163,1189,1622,1533,2020-04-07,200,481,24,20,8.1,44,45.6,3.7,13076721
Bavaria,27564,1401,1581,1465,2020-04-08,211,564,25,21,7.3,83,48.4,4.3,13076721
Bavaria,28827,1263,1476,1384,2020-04-09,220,635,26,22,6.3,71,52.4,4.9,13076721
Bavaria,30363,1536,1447,1303,2020-04-10,232,703,27,23,5.8,68,56.6,5.4,13076721
Bavaria,31453,1090,1364,1296,2020-04-11,241,747,28,24,5.2,44,56.9,5.7,13076721
Bavaria,32282,829,1205,1224,2020-04-12,247,786,29,25,4.4,39,55.7,6.0,13076721
Bavaria,33015,733,1149,1090,2020-04-13,252,820,30,26,4.0,34,54.7,6.3,13076721
Bavaria,33569,554,1058,948,2020-04-14,257,872,31,27,3.5,52,55.9,6.7,13076721
Bavaria,34294,725,961,786,2020-04-15,262,954,32,28,3.1,82,55.7,7.3,13076721
Bavaria,35142,848,902,738,2020-04-16,269,1049,33,29,2.8,95,59.1,8.0,13076721
Bavaria,36027,885,809,749,2020-04-17,276,1137,34,30,2.5,88,62.0,8.7,13076721
Bavaria,36881,854,775,773,2020-04-18,282,1198,35,31,2.3,61,64.4,9.2,13076721
Bavaria,37407,526,732,768,2020-04-19,286,1256,36,32,2.1,58,67.1,9.6,13076721
Bavaria,37849,442,691,711,2020-04-20,289,1286,37,33,2.0,30,66.6,9.8,13076721
Bavaria,38310,461,677,634,2020-04-21,293,1336,38,34,1.9,50,66.3,10.2,13076721
Bavaria,38814,504,646,557,2020-04-22,297,1424,39,35,1.8,88,67.1,10.9,13076721
Bavaria,39395,581,608,503,2020-04-23,301,1476,40,36,1.6,52,61.0,11.3,13076721
Bavaria,39939,544,559,506,2020-04-24,305,1525,41,37,1.5,49,55.4,11.7,13076721
Bavaria,40547,608,524,540,2020-04-25,310,1566,42,38,1.4,41,52.6,12.0,13076721
Bavaria,40912,365,501,520,2020-04-26,313,1596,43,39,1.3,30,48.6,12.2,13076721
Bavaria,41070,158,460,451,2020-04-27,314,1621,44,40,1.2,25,47.9,12.4,13076721
Bavaria,41406,336,442,402,2020-04-28,317,1681,45,41,1.1,60,49.3,12.9,13076721
Bavaria,41830,424,431,378,2020-04-29,320,1754,46,42,1.1,73,47.1,13.4,13076721
Bavaria,42080,250,384,307,2020-04-30,322,1799,47,43,0.9,45,46.1,13.8,13076721
Bavaria,42489,409,364,315,2020-05-01,325,1850,48,44,0.9,51,46.4,14.1,13076721
Bavaria,42658,169,302,318,2020-05-02,326,1885,49,45,0.7,35,45.6,14.4,13076721
Bavaria,42792,134,269,277,2020-05-03,327,1910,50,46,0.6,25,44.9,14.6,13076721
Bavaria,42997,205,275,233,2020-05-04,329,1926,51,47,0.7,16,43.6,14.7,13076721
Bavaria,43162,165,251,216,2020-05-05,330,1949,52,48,0.6,23,38.3,14.9,13076721
Bavaria,43371,209,220,176,2020-05-06,332,2001,53,49,0.5,52,35.3,15.3,13076721
Bavaria,43658,287,225,200,2020-05-07,334,2050,54,50,0.5,49,35.9,15.7,13076721
Bavaria,43905,247,202,223,2020-05-08,336,2114,55,51,0.5,64,37.7,16.2,13076721
Bavaria,44169,264,216,234,2020-05-09,338,2147,56,52,0.5,33,37.4,16.4,13076721
Bavaria,44265,96,210,221,2020-05-10,339,2153,57,53,0.5,6,34.7,16.5,13076721
Bavaria,44368,103,196,199,2020-05-11,339,2155,58,54,0.4,2,32.7,16.5,13076721
Bavaria,44593,225,204,187,2020-05-12,341,2182,59,55,0.5,27,33.3,16.7,13076721
Bavaria,44802,209,204,179,2020-05-13,343,2209,60,56,0.5,27,29.7,16.9,13076721
Bavaria,44980,178,189,162,2020-05-14,344,2229,61,57,0.4,20,25.6,17.0,13076721
Bavaria,45143,163,177,176,2020-05-15,345,2260,62,58,0.4,31,20.9,17.3,13076721
Bavaria,45340,197,167,194,2020-05-16,347,2273,63,59,0.4,13,18.0,17.4,13076721
Bavaria,45427,87,166,167,2020-05-17,347,2283,64,60,0.4,10,18.6,17.5,13076721
Bavaria,45507,80,163,141,2020-05-18,348,2287,65,61,0.4,4,18.9,17.5,13076721
Bavaria,45639,132,149,132,2020-05-19,349,2314,66,62,0.3,27,18.9,17.7,13076721
Bavaria,45766,127,138,125,2020-05-20,350,2339,67,63,0.3,25,18.6,17.9,13076721
Bavaria,45929,163,136,118,2020-05-21,351,2348,68,64,0.3,9,17.0,18.0,13076721
Bavaria,46024,95,126,119,2020-05-22,352,2358,69,65,0.3,10,14.0,18.0,13076721
Bavaria,46132,108,113,125,2020-05-23,353,2367,70,66,0.2,9,13.4,18.1,13076721
Bavaria,46206,74,111,113,2020-05-24,353,2377,71,67,0.2,10,13.4,18.2,13076721
Berlin,265,0,0,0,2020-03-15,7,0,1,0,0.0,0,0,0.0,3714286
Berlin,300,35,0,0,2020-03-16,8,0,2,0,0.0,0,0,0.0,3714286
Berlin,345,45,0,0,2020-03-17,9,0,3,0,0.0,0,0,0.0,3714286
Berlin,391,46,0,0,2020-03-18,10,0,4,0,0.0,0,0,0.0,3714286
Berlin,573,182,0,0,2020-03-19,15,0,5,0,0.0,0,0,0.0,3714286
Berlin,731,158,0,93,2020-03-20,20,0,6,0,0.0,0,0,0.0,3714286
Berlin,866,135,86,113,2020-03-21,23,1,7,0,0.0,1,0.1,0.0,3714286
Berlin,1024,158,108,136,2020-03-22,27,1,8,0,21.9,0,0.1,0.0,3714286
Berlin,1077,53,111,137,2020-03-23,29,1,9,0,18.4,0,0.1,0.0,3714286
Berlin,1220,143,125,129,2020-03-24,33,1,10,0,17.5,0,0.1,0.0,3714286
Berlin,1428,208,148,139,2020-03-25,38,2,11,0,17.6,1,0.3,0.1,3714286
Berlin,1656,228,155,158,2020-03-26,44,4,12,0,15.7,2,0.6,0.1,3714286
Berlin,1955,299,175,186,2020-03-27,52,8,13,1,15.3,4,1.1,0.2,3714286
Berlin,2161,206,185,217,2020-03-28,58,8,14,2,14.0,0,1.0,0.2,3714286
Berlin,2360,199,191,228,2020-03-29,63,9,15,3,12.7,1,1.1,0.2,3714286
Berlin,2464,104,198,207,2020-03-30,66,11,16,4,11.7,2,1.4,0.3,3714286
Berlin,2575,111,194,184,2020-03-31,69,13,17,5,10.2,2,1.7,0.3,3714286
Berlin,2754,179,189,160,2020-04-01,73,16,18,6,9.1,3,2.0,0.4,3714286
Berlin,2970,216,188,162,2020-04-02,79,19,19,7,8.3,3,2.1,0.5,3714286
Berlin,3202,232,178,168,2020-04-03,85,20,20,8,7.2,1,1.7,0.5,3714286
Berlin,3471,269,187,201,2020-04-04,93,22,21,9,7.1,2,2.0,0.6,3714286
Berlin,3613,142,179,208,2020-04-05,96,24,22,10,6.3,2,2.1,0.6,3714286
Berlin,3670,57,172,183,2020-04-06,98,26,23,11,5.7,2,2.1,0.7,3714286
Berlin,3845,175,181,175,2020-04-07,103,28,24,12,5.7,2,2.1,0.8,3714286
Berlin,4028,183,182,165,2020-04-08,107,32,25,13,5.4,4,2.3,0.9,3714286
Berlin,4202,174,176,146,2020-04-09,112,37,26,14,5.0,5,2.6,1.0,3714286
Berlin,4349,147,164,147,2020-04-10,116,42,27,15,4.4,5,3.1,1.1,3714286
Berlin,4458,109,141,158,2020-04-11,119,46,28,16,3.6,4,3.4,1.2,3714286
Berlin,4567,109,136,144,2020-04-12,122,50,29,17,3.4,4,3.7,1.3,3714286
Berlin,4601,34,133,115,2020-04-13,123,51,30,18,3.2,1,3.6,1.4,3714286
Berlin,4668,67,118,93,2020-04-14,125,56,31,19,2.7,5,4.0,1.5,3714286
Berlin,4722,54,99,75,2020-04-15,126,62,32,20,2.2,6,4.3,1.7,3714286
Berlin,4848,126,92,78,2020-04-16,129,74,33,21,2.0,12,5.3,2.0,3714286
Berlin,4945,97,85,76,2020-04-17,132,84,34,22,1.9,10,6.0,2.3,3714286
Berlin,5066,121,87,93,2020-04-18,135,91,35,23,1.9,7,6.4,2.4,3714286
Berlin,5159,93,85,98,2020-04-19,138,92,36,24,1.8,1,6.0,2.5,3714286
Berlin,5196,37,85,95,2020-04-20,139,94,37,25,1.7,2,6.1,2.5,3714286
Berlin,5237,41,81,78,2020-04-21,140,97,38,26,1.6,3,5.9,2.6,3714286
Berlin,5312,75,84,73,2020-04-22,142,105,39,27,1.7,8,6.1,2.8,3714286
Berlin,5324,12,68,52,2020-04-23,146,105,40,28,1.3,0,4.4,2.8,3714286
Berlin,5459,135,73,60,2020-04-24,150,112,41,29,1.4,7,4.0,3.0,3714286
Berlin,5525,66,66,66,2020-04-25,147,113,42,30,1.2,1,3.1,3.0,3714286
Berlin,5600,75,63,73,2020-04-26,149,123,43,31,1.2,10,4.4,3.3,3714286
Berlin,5638,38,63,65,2020-04-27,150,125,44,32,1.2,2,4.4,3.4,3714286
Berlin,5669,31,62,69,2020-04-28,151,127,45,33,1.1,2,4.3,3.4,3714286
Berlin,5734,65,60,55,2020-04-29,153,137,46,34,1.1,10,4.6,3.7,3714286
Berlin,5827,93,72,60,2020-04-30,155,147,47,35,1.3,10,6.0,4.0,3714286
Berlin,5887,60,61,57,2020-05-01,157,149,48,36,1.1,2,5.3,4.0,3714286
Berlin,5943,56,60,61,2020-05-02,159,152,49,37,1.0,3,5.6,4.1,3714286
Berlin,5976,33,54,61,2020-05-03,159,154,50,38,0.9,2,4.4,4.1,3714286
Berlin,6010,34,53,55,2020-05-04,160,154,51,39,0.9,0,4.1,4.1,3714286
Berlin,6042,32,53,43,2020-05-05,161,154,52,40,0.9,0,3.9,4.1,3714286
Berlin,6092,50,51,41,2020-05-06,163,159,53,41,0.9,5,3.1,4.3,3714286
Berlin,6149,57,46,41,2020-05-07,164,162,54,42,0.8,3,2.1,4.4,3714286
Berlin,6209,60,46,47,2020-05-08,166,163,55,43,0.8,1,2.0,4.4,3714286
Berlin,6242,33,43,46,2020-05-09,167,164,56,44,0.7,1,1.7,4.4,3714286
Berlin,6261,19,41,44,2020-05-10,167,165,57,45,0.7,1,1.6,4.4,3714286
Berlin,6272,11,37,36,2020-05-11,167,165,58,46,0.6,0,1.6,4.4,3714286
Berlin,6274,2,33,25,2020-05-12,167,165,59,47,0.5,0,1.6,4.4,3714286
Berlin,6298,24,29,18,2020-05-13,168,170,60,48,0.5,5,1.6,4.6,3714286
Berlin,6342,44,28,20,2020-05-14,169,173,61,49,0.4,3,1.6,4.7,3714286
Berlin,6397,55,27,27,2020-05-15,171,177,62,50,0.4,4,2.0,4.8,3714286
Berlin,6428,31,27,31,2020-05-16,171,181,63,51,0.4,4,2.4,4.9,3714286
Berlin,6447,19,27,35,2020-05-17,172,182,64,52,0.4,1,2.4,4.9,3714286
Berlin,6458,11,27,32,2020-05-18,172,182,65,53,0.4,0,2.4,4.9,3714286
Berlin,6478,20,29,27,2020-05-19,173,182,66,54,0.5,0,2.4,4.9,3714286
Berlin,6507,29,30,22,2020-05-20,174,186,67,55,0.5,4,2.3,5.0,3714286
Berlin,6555,48,30,25,2020-05-21,175,186,68,56,0.5,0,1.9,5.0,3714286
Berlin,6585,30,27,28,2020-05-22,176,190,69,57,0.4,4,1.9,5.1,3714286
Berlin,6614,29,27,31,2020-05-23,176,190,70,58,0.4,0,1.3,5.1,3714286
Berlin,6637,23,27,32,2020-05-24,177,191,71,59,0.4,1,1.3,5.1,3714286
Hamburg,162,0,0,0,2020-03-15,9,0,1,0,0.0,0,0,0.0,1841179
Hamburg,260,98,0,0,2020-03-16,14,0,2,0,0.0,0,0,0.0,1841179
Hamburg,310,55,0,0,2020-03-17,17,0,3,0,0.0,0,0,0.0,1841179
Hamburg,358,48,0,0,2020-03-18,19,0,4,0,0.0,0,0,0.0,1841179
Hamburg,432,74,0,0,2020-03-19,23,0,5,0,0.0,0,0,0.0,1841179
Hamburg,586,154,0,86,2020-03-20,32,0,6,0,0.0,0,0,0.0,1841179
Hamburg,587,1,61,66,2020-03-21,32,0,7,0,0.0,0,0.0,0.0,1841179
Hamburg,872,285,102,112,2020-03-22,47,0,8,0,26.5,0,0.0,0.0,1841179
Hamburg,943,71,98,117,2020-03-23,51,0,9,0,20.2,0,0.0,0.0,1841179
Hamburg,1043,100,105,122,2020-03-24,57,0,10,0,17.9,0,0.0,0.0,1841179
Hamburg,1262,219,129,135,2020-03-25,69,0,11,0,18.8,0,0.0,0.0,1841179
Hamburg,1265,3,119,136,2020-03-26,69,0,12,0,14.6,0,0.0,0.0,1841179
Hamburg,1693,428,158,164,2020-03-27,92,2,13,0,16.9,2,0.3,0.1,1841179
Hamburg,1765,72,168,164,2020-03-28,96,2,14,0,15.4,0,0.3,0.1,1841179
Hamburg,1846,81,139,161,2020-03-29,100,4,15,0,11.0,2,0.6,0.2,1841179
Hamburg,2053,207,159,158,2020-03-30,112,5,16,1,11.3,1,0.7,0.3,1841179
Hamburg,2191,138,164,185,2020-03-31,119,9,17,2,10.5,4,1.3,0.5,1841179
Hamburg,2311,120,150,124,2020-04-01,126,14,18,3,8.7,5,2.0,0.8,1841179
Hamburg,2406,95,163,128,2020-04-02,131,14,19,4,8.7,0,2.0,0.8,1841179
Hamburg,2596,190,129,150,2020-04-03,141,16,20,5,6.3,2,2.0,0.9,1841179
Hamburg,2697,101,133,129,2020-04-04,146,16,21,6,6.1,0,2.0,0.9,1841179
Hamburg,2945,248,157,151,2020-04-05,160,19,22,7,6.8,3,2.1,1.0,1841179
Hamburg,2993,48,134,136,2020-04-06,163,19,23,8,5.5,0,2.0,1.0,1841179
Hamburg,3059,66,124,131,2020-04-07,166,20,24,9,4.8,1,1.6,1.1,1841179
Hamburg,3165,106,122,114,2020-04-08,172,23,25,10,4.5,3,1.3,1.2,1841179
Hamburg,3320,155,131,125,2020-04-09,180,44,26,11,4.6,21,4.3,2.4,1841179
Hamburg,3551,231,136,121,2020-04-10,193,53,27,12,4.6,9,5.3,2.9,1841179
Hamburg,3663,112,138,134,2020-04-11,199,56,28,13,4.4,3,5.7,3.0,1841179
Hamburg,3742,79,114,137,2020-04-12,203,56,29,14,3.5,0,5.3,3.0,1841179
Hamburg,3770,28,111,121,2020-04-13,205,56,30,15,3.3,0,5.3,3.0,1841179
Hamburg,3808,38,107,98,2020-04-14,207,59,31,16,3.1,3,5.6,3.2,1841179
Hamburg,3869,61,101,64,2020-04-15,210,67,32,17,2.8,8,6.3,3.6,1841179
Hamburg,3953,84,90,58,2020-04-16,215,80,33,18,2.5,13,5.1,4.3,1841179
Hamburg,4005,52,65,53,2020-04-17,218,84,34,19,1.7,4,4.4,4.6,1841179
Hamburg,4118,113,65,70,2020-04-18,224,90,35,20,1.7,6,4.9,4.9,1841179
Hamburg,4167,49,61,72,2020-04-19,226,91,36,21,1.6,1,5.0,4.9,1841179
Hamburg,4185,18,59,63,2020-04-20,227,91,37,22,1.5,0,5.0,4.9,1841179
Hamburg,4204,19,57,50,2020-04-21,228,91,38,23,1.4,0,4.6,4.9,1841179
Hamburg,4204,0,48,40,2020-04-22,228,91,39,24,1.2,0,3.4,4.9,1841179
Hamburg,4286,82,48,34,2020-04-23,232,113,40,25,1.2,22,4.7,6.1,1841179
Hamburg,4358,72,50,38,2020-04-24,237,122,41,26,1.2,9,5.4,6.6,1841179
Hamburg,4400,42,40,43,2020-04-25,239,139,42,27,1.0,17,7.0,7.5,1841179
Hamburg,4429,29,37,45,2020-04-26,241,140,43,28,0.9,1,7.0,7.6,1841179
Hamburg,4475,46,41,54,2020-04-27,243,142,44,29,1.0,2,7.3,7.7,1841179
Hamburg,4505,30,43,44,2020-04-28,245,142,45,30,1.0,0,7.3,7.7,1841179
Hamburg,4525,20,46,33,2020-04-29,246,153,46,31,1.0,11,8.9,8.3,1841179
Hamburg,4562,37,39,32,2020-04-30,248,155,47,32,0.9,2,6.0,8.4,1841179
Hamburg,4604,42,35,35,2020-05-01,250,163,48,33,0.8,8,5.9,8.9,1841179
Hamburg,4609,5,30,27,2020-05-02,250,163,49,34,0.7,0,3.4,8.9,1841179
Hamburg,4631,22,29,25,2020-05-03,252,164,50,35,0.6,1,3.4,8.9,1841179
Hamburg,4636,5,23,22,2020-05-04,252,166,51,36,0.5,2,3.4,9.0,1841179
Hamburg,4644,8,20,16,2020-05-05,252,172,52,37,0.4,6,4.3,9.3,1841179
Hamburg,4664,20,20,12,2020-05-06,253,190,53,38,0.4,18,5.3,10.3,1841179
Hamburg,4704,40,20,19,2020-05-07,255,194,54,39,0.4,4,5.6,10.5,1841179
Hamburg,4753,49,21,24,2020-05-08,258,201,55,40,0.5,7,5.4,10.9,1841179
Hamburg,4772,19,23,27,2020-05-09,259,204,56,41,0.5,3,5.9,11.1,1841179
Hamburg,4772,0,20,26,2020-05-10,259,204,57,42,0.4,0,5.7,11.1,1841179
Hamburg,4780,8,21,23,2020-05-11,260,204,58,43,0.4,0,5.4,11.1,1841179
Hamburg,4960,180,45,51,2020-05-12,269,216,59,44,1.0,12,6.3,11.7,1841179
Hamburg,4972,12,44,44,2020-05-13,270,223,60,45,0.9,7,4.7,12.1,1841179
Hamburg,4976,4,39,41,2020-05-14,270,228,61,46,0.8,5,4.9,12.4,1841179
Hamburg,4981,5,33,42,2020-05-15,271,228,62,47,0.7,0,3.9,12.4,1841179
Hamburg,5017,36,35,47,2020-05-16,272,231,63,48,0.7,3,3.9,12.5,1841179
Hamburg,5029,12,37,14,2020-05-17,273,232,64,49,0.7,1,4.0,12.6,1841179
Hamburg,5037,8,37,13,2020-05-18,274,232,65,50,0.7,0,4.0,12.6,1841179
Hamburg,5042,5,12,13,2020-05-19,274,232,66,51,0.2,0,2.3,12.6,1841179
Hamburg,5042,0,10,12,2020-05-20,274,236,67,52,0.2,4,1.9,12.8,1841179
Hamburg,5053,11,11,7,2020-05-21,274,239,68,53,0.2,3,1.6,13.0,1841179
Hamburg,5059,6,11,6,2020-05-22,275,240,69,54,0.2,1,1.7,13.0,1841179
Hamburg,5063,4,7,5,2020-05-23,275,240,70,55,0.1,0,1.3,13.0,1841179
Hamburg,5066,3,5,5,2020-05-24,275,241,71,56,0.1,1,1.3,13.1,1841179
Hesse,286,0,0,0,2020-03-15,3,0,1,0,0.0,0,0,0.0,6265809
Hesse,342,56,0,0,2020-03-16,4,0,2,0,0.0,0,0,0.0,6265809
Hesse,373,132,0,0,2020-03-17,6,0,3,0,0.0,0,0,0.0,6265809
Hesse,432,59,0,0,2020-03-18,7,0,4,0,0.0,0,0,0.0,6265809
Hesse,682,250,0,0,2020-03-19,11,0,5,0,0.0,0,0,0.0,6265809
Hesse,813,131,0,126,2020-03-20,13,1,6,0,0.0,1,0,0.0,6265809
Hesse,1080,267,128,168,2020-03-21,17,2,7,0,0.0,1,0.3,0.0,6265809
Hesse,1175,95,141,160,2020-03-22,19,2,8,0,24.7,0,0.3,0.0,6265809
Hesse,1347,172,158,183,2020-03-23,21,3,9,0,22.6,1,0.4,0.0,6265809
Hesse,1620,273,178,188,2020-03-24,26,4,10,0,21.1,1,0.6,0.1,6265809
Hesse,1754,134,189,188,2020-03-25,28,4,11,0,18.5,0,0.6,0.1,6265809
Hesse,2157,403,211,215,2020-03-26,34,6,12,1,17.4,2,0.9,0.1,6265809
Hesse,2323,166,216,230,2020-03-27,37,7,13,2,15.2,1,0.9,0.1,6265809
Hesse,2604,281,218,251,2020-03-28,42,9,14,3,13.3,2,1.0,0.1,6265809
Hesse,2645,1,204,197,2020-03-29,42,9,15,4,11.0,0,1.0,0.1,6265809
Hesse,3091,486,249,267,2020-03-30,49,13,16,5,12.1,4,1.4,0.2,6265809
Hesse,3283,192,238,225,2020-03-31,52,17,17,6,10.3,4,1.9,0.3,6265809
Hesse,3445,162,242,224,2020-04-01,55,21,18,7,9.5,4,2.4,0.3,6265809
Hesse,3707,262,221,221,2020-04-02,59,27,19,8,7.9,6,3.0,0.4,6265809
Hesse,3993,286,239,278,2020-04-03,64,33,20,9,7.9,6,3.7,0.5,6265809
Hesse,4279,286,239,238,2020-04-04,68,42,21,10,7.4,9,4.7,0.7,6265809
Hesse,4575,296,281,258,2020-04-05,73,56,22,11,8.1,14,6.7,0.9,6265809
Hesse,4674,99,226,278,2020-04-06,75,61,23,12,6.0,5,6.9,1.0,6265809
Hesse,4837,163,222,226,2020-04-07,77,73,24,14,5.6,12,8.0,1.2,6265809
Hesse,4965,128,217,194,2020-04-08,79,84,25,15,5.2,11,9.0,1.3,6265809
Hesse,5242,277,219,193,2020-04-09,84,100,26,16,4.9,16,10.4,1.6,6265809
Hesse,5694,452,243,224,2020-04-10,91,111,27,17,5.2,11,11.1,1.8,6265809
Hesse,5808,114,218,227,2020-04-11,93,120,28,18,4.5,9,11.1,1.9,6265809
Hesse,5859,51,183,204,2020-04-12,94,123,29,19,3.6,3,9.6,2.0,6265809
Hesse,6114,255,206,230,2020-04-13,98,135,30,20,3.9,12,10.6,2.2,6265809
Hesse,6183,69,192,188,2020-04-14,99,147,31,21,3.5,12,10.6,2.3,6265809
Hesse,6347,164,197,131,2020-04-15,101,173,32,22,3.5,26,12.7,2.8,6265809
Hesse,6470,123,175,132,2020-04-16,103,187,33,23,3.0,14,12.4,3.0,6265809
Hesse,6705,235,144,169,2020-04-17,107,197,34,24,2.4,10,12.3,3.1,6265809
Hesse,6916,211,158,160,2020-04-18,110,212,35,25,2.5,15,13.1,3.4,6265809
Hesse,7108,192,178,185,2020-04-19,113,230,36,26,2.8,18,15.3,3.7,6265809
Hesse,7177,69,152,166,2020-04-20,115,240,37,27,2.3,10,15.0,3.8,6265809
Hesse,7231,54,150,152,2020-04-21,115,251,38,28,2.2,11,14.9,4.0,6265809
Hesse,7380,149,148,135,2020-04-22,118,265,39,29,2.2,14,13.1,4.2,6265809
Hesse,7593,213,160,135,2020-04-23,121,286,40,30,2.3,21,14.1,4.6,6265809
Hesse,7712,119,144,121,2020-04-24,123,296,41,31,2.0,10,14.1,4.7,6265809
Hesse,7837,125,132,132,2020-04-25,125,305,42,32,1.8,9,13.3,4.9,6265809
Hesse,7946,109,120,143,2020-04-26,127,315,43,33,1.6,10,12.1,5.0,6265809
Hesse,7979,33,115,120,2020-04-27,127,320,44,34,1.5,5,11.4,5.1,6265809
Hesse,8026,47,114,87,2020-04-28,128,333,45,35,1.5,13,11.7,5.3,6265809
Hesse,8184,158,115,94,2020-04-29,131,346,46,36,1.5,13,11.6,5.5,6265809
Hesse,8304,120,102,93,2020-04-30,133,353,47,37,1.3,7,9.6,5.6,6265809
Hesse,8376,72,95,86,2020-05-01,134,360,48,38,1.2,7,9.1,5.7,6265809
Hesse,8486,110,93,101,2020-05-02,135,364,49,39,1.1,4,8.4,5.8,6265809
Hesse,8524,38,83,100,2020-05-03,136,370,50,40,1.0,6,7.9,5.9,6265809
Hesse,8549,25,81,73,2020-05-04,136,372,51,41,1.0,2,7.4,5.9,6265809
Hesse,8585,36,80,56,2020-05-05,137,381,52,42,1.0,9,6.9,6.1,6265809
Hesse,8642,57,65,53,2020-05-06,138,386,53,43,0.8,5,5.7,6.2,6265809
Hesse,8736,94,62,50,2020-05-07,139,396,54,44,0.7,10,6.1,6.3,6265809
Hesse,8850,114,68,65,2020-05-08,141,403,55,45,0.8,7,6.1,6.4,6265809
Hesse,8916,66,61,73,2020-05-09,142,408,56,46,0.7,5,6.3,6.5,6265809
Hesse,8998,82,68,83,2020-05-10,144,411,57,47,0.8,3,5.9,6.6,6265809
Hesse,9012,14,66,74,2020-05-11,144,412,58,48,0.8,1,5.7,6.6,6265809
Hesse,9031,19,64,59,2020-05-12,144,415,59,49,0.7,3,4.9,6.6,6265809
Hesse,9087,56,64,47,2020-05-13,145,419,60,50,0.7,4,4.7,6.7,6265809
Hesse,9169,82,62,51,2020-05-14,146,423,61,51,0.7,4,3.9,6.8,6265809
Hesse,9204,35,51,41,2020-05-15,147,429,62,52,0.6,6,3.7,6.8,6265809
Hesse,9261,57,49,50,2020-05-16,148,432,63,53,0.5,3,3.4,6.9,6265809
Hesse,9317,56,46,57,2020-05-17,149,435,64,54,0.5,3,3.4,6.9,6265809
Hesse,9337,20,46,50,2020-05-18,149,439,65,55,0.5,4,3.9,7.0,6265809
Hesse,9368,31,48,40,2020-05-19,150,442,66,56,0.5,3,3.9,7.1,6265809
Hesse,9483,115,57,56,2020-05-20,151,446,67,57,0.6,4,3.9,7.1,6265809
Hesse,9574,91,58,63,2020-05-21,153,451,68,58,0.6,5,4.0,7.2,6265809
Hesse,9656,82,65,68,2020-05-22,154,457,69,59,0.7,6,4.0,7.3,6265809
Hesse,9670,14,58,67,2020-05-23,154,458,70,60,0.6,1,3.7,7.3,6265809
Hesse,9762,92,64,79,2020-05-24,156,460,71,61,0.7,2,3.6,7.3,6265809
Lower_Saxony,287,0,0,0,2020-03-15,3,0,1,0,0.0,0,0,0.0,7982448
Lower_Saxony,391,104,0,0,2020-03-16,3,0,2,0,0.0,0,0,0.0,7982448
Lower_Saxony,325,53,0,0,2020-03-17,4,0,3,0,0.0,0,0,0.0,7982448
Lower_Saxony,478,153,0,0,2020-03-18,6,0,4,0,0.0,0,0,0.0,7982448
Lower_Saxony,669,191,0,0,2020-03-19,8,0,5,0,0.0,0,0,0.0,7982448
Lower_Saxony,803,134,0,127,2020-03-20,10,0,6,0,0.0,0,0,0.0,7982448
Lower_Saxony,1023,220,122,150,2020-03-21,13,0,7,0,0.0,0,0.0,0.0,7982448
Lower_Saxony,1306,283,163,196,2020-03-22,16,1,8,0,28.6,1,0.1,0.0,7982448
Lower_Saxony,1483,177,173,201,2020-03-23,19,4,9,0,24.2,3,0.6,0.1,7982448
Lower_Saxony,1764,281,206,219,2020-03-24,22,6,10,1,23.6,2,0.9,0.1,7982448
Lower_Saxony,2140,376,237,267,2020-03-25,27,7,11,2,22.1,1,1.0,0.1,7982448
Lower_Saxony,2357,207,240,265,2020-03-26,29,8,12,3,18.3,1,1.1,0.1,7982448
Lower_Saxony,2810,463,287,301,2020-03-27,35,10,13,4,18.5,2,1.4,0.1,7982448
Lower_Saxony,3150,340,304,333,2020-03-28,39,12,14,5,16.5,2,1.7,0.2,7982448
Lower_Saxony,3450,300,306,337,2020-03-29,43,21,15,6,14.3,9,2.9,0.3,7982448
Lower_Saxony,3732,282,321,318,2020-03-30,47,26,16,7,13.1,5,3.1,0.3,7982448
Lower_Saxony,4063,331,328,343,2020-03-31,51,34,17,8,11.8,8,4.0,0.4,7982448
Lower_Saxony,4382,319,320,314,2020-04-01,55,42,18,9,10.3,8,5.0,0.5,7982448
Lower_Saxony,4695,313,335,309,2020-04-02,59,45,19,10,9.8,3,5.3,0.6,7982448
Lower_Saxony,5081,386,324,326,2020-04-03,64,65,20,11,8.6,20,7.9,0.8,7982448
Lower_Saxony,5571,490,346,368,2020-04-04,70,85,21,12,8.5,20,10.4,1.1,7982448
Lower_Saxony,5712,141,323,330,2020-04-05,72,89,22,13,7.3,4,9.7,1.1,7982448
Lower_Saxony,5960,248,318,379,2020-04-06,75,92,23,14,6.7,3,9.4,1.2,7982448
Lower_Saxony,6200,240,305,301,2020-04-07,78,111,24,15,6.0,19,11.0,1.4,7982448
Lower_Saxony,6385,185,286,261,2020-04-08,80,121,25,16,5.3,10,11.3,1.5,7982448
Lower_Saxony,6804,419,301,247,2020-04-09,85,141,26,17,5.3,20,13.7,1.8,7982448
Lower_Saxony,7114,310,290,280,2020-04-10,89,161,27,18,4.9,20,13.7,2.0,7982448
Lower_Saxony,7343,229,253,277,2020-04-11,92,171,28,19,4.1,10,12.3,2.1,7982448
Lower_Saxony,7602,259,270,280,2020-04-12,95,189,29,20,4.2,18,14.3,2.4,7982448
Lower_Saxony,7723,121,252,268,2020-04-13,97,201,30,21,3.7,12,15.6,2.5,7982448
Lower_Saxony,7885,162,241,216,2020-04-14,99,211,31,22,3.4,10,14.3,2.6,7982448
Lower_Saxony,8019,134,233,181,2020-04-15,100,224,32,23,3.2,13,14.7,2.8,7982448
Lower_Saxony,8188,169,198,169,2020-04-16,103,248,33,24,2.6,24,15.3,3.1,7982448
Lower_Saxony,8442,254,190,168,2020-04-17,106,274,34,25,2.5,26,16.1,3.4,7982448
Lower_Saxony,8649,207,187,185,2020-04-18,108,281,35,26,2.4,7,15.7,3.5,7982448
Lower_Saxony,8797,148,171,182,2020-04-19,110,288,36,27,2.1,7,14.1,3.6,7982448
Lower_Saxony,8900,103,168,176,2020-04-20,111,291,37,28,2.0,3,12.9,3.6,7982448
Lower_Saxony,9098,198,173,182,2020-04-21,114,306,38,29,2.1,15,13.6,3.8,7982448
Lower_Saxony,9236,138,174,159,2020-04-22,116,328,39,30,2.0,22,14.9,4.1,7982448
Lower_Saxony,9391,155,172,148,2020-04-23,118,340,40,31,2.0,12,13.1,4.3,7982448
Lower_Saxony,9544,153,157,149,2020-04-24,120,364,41,32,1.8,24,12.9,4.6,7982448
Lower_Saxony,9691,147,149,158,2020-04-25,121,377,42,33,1.6,13,13.7,4.7,7982448
Lower_Saxony,9785,94,141,137,2020-04-26,123,384,43,34,1.5,7,13.7,4.8,7982448
Lower_Saxony,9847,62,135,122,2020-04-27,123,391,44,35,1.4,7,14.3,4.9,7982448
Lower_Saxony,9926,79,118,107,2020-04-28,124,394,45,36,1.2,3,12.6,4.9,7982448
Lower_Saxony,9972,46,105,86,2020-04-29,125,406,46,37,1.1,12,11.1,5.1,7982448
Lower_Saxony,10067,95,97,75,2020-04-30,126,416,47,38,1.0,10,10.9,5.2,7982448
Lower_Saxony,10141,74,85,71,2020-05-01,127,429,48,39,0.9,13,9.3,5.4,7982448
Lower_Saxony,10246,105,79,80,2020-05-02,128,451,49,40,0.8,22,10.6,5.6,7982448
Lower_Saxony,10283,37,71,71,2020-05-03,129,453,50,41,0.7,2,9.9,5.7,7982448
Lower_Saxony,10325,42,68,71,2020-05-04,129,456,51,42,0.7,3,9.3,5.7,7982448
Lower_Saxony,10380,55,65,63,2020-05-05,130,463,52,43,0.6,7,9.9,5.8,7982448
Lower_Saxony,10453,73,69,62,2020-05-06,131,470,53,44,0.7,7,9.1,5.9,7982448
Lower_Saxony,10564,111,71,64,2020-05-07,132,478,54,45,0.7,8,8.9,6.0,7982448
Lower_Saxony,10686,122,78,81,2020-05-08,134,493,55,46,0.8,15,9.1,6.2,7982448
Lower_Saxony,10803,117,80,96,2020-05-09,135,496,56,47,0.8,3,6.4,6.2,7982448
Lower_Saxony,10827,24,78,89,2020-05-10,136,498,57,48,0.7,2,6.4,6.2,7982448
Lower_Saxony,10854,27,76,80,2020-05-11,136,498,58,49,0.7,0,6.0,6.2,7982448
Lower_Saxony,10895,41,74,66,2020-05-12,137,507,59,50,0.7,9,6.3,6.4,7982448
Lower_Saxony,10903,8,64,43,2020-05-13,137,508,60,51,0.6,1,5.4,6.4,7982448
Lower_Saxony,11003,100,63,40,2020-05-14,138,524,61,52,0.6,16,6.6,6.6,7982448
Lower_Saxony,11087,84,57,52,2020-05-15,139,534,62,53,0.5,10,5.9,6.7,7982448
Lower_Saxony,11092,5,41,48,2020-05-16,139,535,63,54,0.4,1,5.6,6.7,7982448
Lower_Saxony,11155,63,47,52,2020-05-17,140,544,64,55,0.4,9,6.6,6.8,7982448
Lower_Saxony,11167,12,45,53,2020-05-18,140,545,65,56,0.4,1,6.7,6.8,7982448
Lower_Saxony,11207,40,45,41,2020-05-19,140,548,66,57,0.4,3,5.9,6.9,7982448
Lower_Saxony,11288,81,55,40,2020-05-20,141,557,67,58,0.5,9,7.0,7.0,7982448
Lower_Saxony,11362,74,51,54,2020-05-21,142,566,68,59,0.5,9,6.0,7.1,7982448
Lower_Saxony,11420,58,48,53,2020-05-22,143,568,69,60,0.4,2,4.9,7.1,7982448
Lower_Saxony,11521,101,61,71,2020-05-23,144,571,70,61,0.5,3,5.1,7.2,7982448
Lower_Saxony,11578,57,60,74,2020-05-24,145,572,71,62,0.5,1,4.0,7.2,7982448
North_Rhine-Westphalia,1407,0,0,0,2020-03-15,8,6,1,1,0.0,0,0,0.0,17932651
North_Rhine-Westphalia,1541,134,0,0,2020-03-16,9,6,2,2,0.0,0,0,0.0,17932651
North_Rhine-Westphalia,2105,564,0,0,2020-03-17,12,6,3,3,0.0,0,0,0.0,17932651
North_Rhine-Westphalia,2372,267,0,0,2020-03-18,13,6,4,4,0.0,0,0,0.0,17932651
North_Rhine-Westphalia,3033,661,0,0,2020-03-19,17,6,5,5,0.0,0,0,0.0,17932651
North_Rhine-Westphalia,3497,464,0,418,2020-03-20,20,6,6,6,0.0,0,0,0.0,17932651
North_Rhine-Westphalia,3542,45,305,400,2020-03-21,20,6,7,7,0.0,0,0.0,0.0,17932651
North_Rhine-Westphalia,3545,3,305,288,2020-03-22,20,6,8,8,12.2,22,3.1,0.0,17932651
North_Rhine-Westphalia,5615,2070,582,649,2020-03-23,31,28,9,9,20.7,5,3.9,0.2,17932651
North_Rhine-Westphalia,6318,703,602,657,2020-03-24,35,33,10,10,17.8,10,5.3,0.2,17932651
North_Rhine-Westphalia,7197,879,689,740,2020-03-25,40,43,11,11,17.3,10,6.7,0.2,17932651
North_Rhine-Westphalia,7924,727,699,876,2020-03-26,44,53,12,12,14.9,19,9.4,0.3,17932651
North_Rhine-Westphalia,9235,1311,820,1138,2020-03-27,51,72,13,13,15.2,8,10.6,0.4,17932651
North_Rhine-Westphalia,10607,1472,1024,1018,2020-03-28,59,80,14,14,16.5,18,13.1,0.4,17932651
North_Rhine-Westphalia,11400,793,1136,1036,2020-03-29,64,98,15,15,15.8,3,10.4,0.5,17932651
North_Rhine-Westphalia,12178,778,952,1016,2020-03-30,68,101,16,16,11.4,16,12.0,0.6,17932651
North_Rhine-Westphalia,13225,1047,1001,1080,2020-03-31,74,117,17,17,10.8,17,13.0,0.7,17932651
North_Rhine-Westphalia,14351,1126,1036,1043,2020-04-01,80,134,18,18,10.1,27,15.4,0.7,17932651
North_Rhine-Westphalia,15427,1076,1086,964,2020-04-02,86,161,19,19,9.6,17,15.1,0.9,17932651
North_Rhine-Westphalia,16606,1179,1067,1041,2020-04-03,93,178,20,20,8.6,22,17.1,1.0,17932651
North_Rhine-Westphalia,17885,1279,1040,1141,2020-04-04,100,200,21,21,7.8,45,21.0,1.1,17932651
North_Rhine-Westphalia,18735,850,1048,1102,2020-04-05,104,245,22,22,7.3,10,22.0,1.4,17932651
North_Rhine-Westphalia,19384,649,1029,1007,2020-04-06,108,255,23,23,6.6,27,23.6,1.4,17932651
North_Rhine-Westphalia,20200,836,999,959,2020-04-07,113,282,24,24,6.1,66,30.6,1.6,17932651
North_Rhine-Westphalia,20929,709,940,865,2020-04-08,117,348,25,25,5.4,36,31.9,1.9,17932651
North_Rhine-Westphalia,21961,1032,933,815,2020-04-09,122,384,26,26,5.1,62,38.3,2.1,17932651
North_Rhine-Westphalia,23028,1067,917,859,2020-04-10,128,446,27,27,4.7,26,38.9,2.5,17932651
North_Rhine-Westphalia,23644,616,823,852,2020-04-11,132,472,28,28,4.1,23,35.7,2.6,17932651
North_Rhine-Westphalia,24267,623,790,809,2020-04-12,135,495,29,29,3.7,23,37.6,2.8,17932651
North_Rhine-Westphalia,24883,616,786,791,2020-04-13,139,518,30,30,3.6,23,37.0,2.9,17932651
North_Rhine-Westphalia,25300,417,726,668,2020-04-14,141,545,31,31,3.2,27,31.4,3.0,17932651
North_Rhine-Westphalia,25835,535,701,561,2020-04-15,144,607,32,32,3.0,62,35.1,3.4,17932651
North_Rhine-Westphalia,26383,548,632,548,2020-04-16,147,663,33,33,2.6,56,34.3,3.7,17932651
North_Rhine-Westphalia,27030,647,572,553,2020-04-17,151,726,34,34,2.3,63,39.6,4.0,17932651
North_Rhine-Westphalia,28006,976,623,625,2020-04-18,156,791,35,35,2.5,65,45.6,4.4,17932651
North_Rhine-Westphalia,28471,465,601,634,2020-04-19,159,814,36,36,2.3,23,45.6,4.5,17932651
North_Rhine-Westphalia,28971,500,584,627,2020-04-20,162,857,37,37,2.2,43,48.4,4.8,17932651
North_Rhine-Westphalia,29389,418,584,601,2020-04-21,164,896,38,38,2.2,39,50.1,5.0,17932651
North_Rhine-Westphalia,30185,796,621,631,2020-04-22,168,964,39,39,2.2,68,51.0,5.4,17932651
North_Rhine-Westphalia,30854,669,639,570,2020-04-23,171,999,40,40,2.3,35,48.0,5.6,17932651
North_Rhine-Westphalia,31106,522,621,581,2020-04-24,173,1052,41,41,2.1,53,46.6,5.9,17932651
North_Rhine-Westphalia,31465,359,533,553,2020-04-25,175,1084,42,42,1.8,32,41.9,6.0,17932651
North_Rhine-Westphalia,31669,204,495,510,2020-04-26,177,1096,43,43,1.6,12,40.3,6.1,17932651
North_Rhine-Westphalia,31879,210,454,393,2020-04-27,178,1131,44,44,1.5,35,39.1,6.3,17932651
North_Rhine-Westphalia,32184,305,438,320,2020-04-28,180,1171,45,45,1.4,40,39.3,6.5,17932651
North_Rhine-Westphalia,32429,245,359,265,2020-04-29,181,1200,46,46,1.1,29,33.7,6.7,17932651
North_Rhine-Westphalia,32687,258,300,244,2020-04-30,182,1219,47,47,0.9,19,31.4,6.8,17932651
North_Rhine-Westphalia,33058,371,279,278,2020-05-01,184,1261,48,48,0.9,42,29.9,7.0,17932651
North_Rhine-Westphalia,33216,158,250,267,2020-05-02,185,1268,49,49,0.8,7,26.3,7.1,17932651
North_Rhine-Westphalia,33428,212,251,249,2020-05-03,186,1287,50,50,0.8,19,27.3,7.2,17932651
North_Rhine-Westphalia,33560,132,240,226,2020-05-04,187,1290,51,51,0.7,3,22.7,7.2,17932651
North_Rhine-Westphalia,33728,168,221,208,2020-05-05,188,1332,52,52,0.7,42,23.0,7.4,17932651
North_Rhine-Westphalia,33977,249,221,184,2020-05-06,189,1358,53,53,0.7,26,22.6,7.6,17932651
North_Rhine-Westphalia,34249,272,223,207,2020-05-07,191,1372,54,54,0.7,14,21.9,7.7,17932651
North_Rhine-Westphalia,34522,273,209,219,2020-05-08,193,1397,55,55,0.6,25,19.4,7.8,17932651
North_Rhine-Westphalia,34817,295,229,251,2020-05-09,194,1424,56,56,0.7,27,22.3,7.9,17932651
North_Rhine-Westphalia,34964,147,219,247,2020-05-10,195,1425,57,57,0.6,1,19.7,7.9,17932651
North_Rhine-Westphalia,35132,168,225,231,2020-05-11,196,1437,58,58,0.7,12,21.0,8.0,17932651
North_Rhine-Westphalia,35333,201,229,217,2020-05-12,197,1456,59,59,0.7,19,17.7,8.1,17932651
North_Rhine-Westphalia,35555,222,225,207,2020-05-13,198,1473,60,60,0.6,17,16.4,8.2,17932651
North_Rhine-Westphalia,35741,186,213,185,2020-05-14,199,1483,61,61,0.6,10,15.9,8.3,17932651
North_Rhine-Westphalia,35967,226,206,201,2020-05-15,201,1493,62,62,0.6,10,13.7,8.3,17932651
North_Rhine-Westphalia,36065,98,178,187,2020-05-16,201,1500,63,63,0.5,7,10.9,8.4,17932651
North_Rhine-Westphalia,36286,221,189,191,2020-05-17,202,1505,64,64,0.5,5,11.4,8.4,17932651
North_Rhine-Westphalia,36365,79,176,162,2020-05-18,203,1512,65,65,0.5,7,10.7,8.4,17932651
North_Rhine-Westphalia,36485,120,165,149,2020-05-19,203,1525,66,66,0.5,13,9.9,8.5,17932651
North_Rhine-Westphalia,36766,281,173,160,2020-05-20,205,1537,67,67,0.5,12,9.1,8.6,17932651
North_Rhine-Westphalia,36912,146,167,169,2020-05-21,206,1546,68,68,0.5,9,9.0,8.6,17932651
North_Rhine-Westphalia,37010,98,149,145,2020-05-22,206,1547,69,69,0.4,1,7.7,8.6,17932651
North_Rhine-Westphalia,37139,129,153,155,2020-05-23,207,1555,70,70,0.4,8,7.9,8.7,17932651
North_Rhine-Westphalia,37223,84,134,148,2020-05-24,208,1563,71,71,0.4,8,8.3,8.7,17932651
Rhineland-Palatinate,168,0,0,0,2020-03-15,4,0,1,0,0.0,0,0,0.0,4084844
Rhineland-Palatinate,325,157,0,0,2020-03-16,8,0,2,0,0.0,0,0,0.0,4084844
Rhineland-Palatinate,442,117,0,0,2020-03-17,11,0,3,0,0.0,0,0,0.0,4084844
Rhineland-Palatinate,474,32,0,0,2020-03-18,12,0,4,0,0.0,0,0,0.0,4084844
Rhineland-Palatinate,637,163,0,0,2020-03-19,16,0,5,0,0.0,0,0,0.0,4084844
Rhineland-Palatinate,801,164,0,127,2020-03-20,20,1,6,0,0.0,1,0,0.0,4084844
Rhineland-Palatinate,938,137,110,123,2020-03-21,23,1,7,0,0.0,0,0.1,0.0,4084844
Rhineland-Palatinate,1053,115,126,122,2020-03-22,26,2,8,0,23.4,1,0.3,0.0,4084844
Rhineland-Palatinate,1177,124,122,141,2020-03-23,29,2,9,0,18.2,0,0.3,0.0,4084844
Rhineland-Palatinate,1370,193,133,147,2020-03-24,34,5,10,1,16.8,3,0.7,0.1,4084844
Rhineland-Palatinate,1591,221,160,158,2020-03-25,39,5,11,2,17.3,0,0.7,0.1,4084844
Rhineland-Palatinate,1816,225,168,176,2020-03-26,44,6,12,3,15.6,1,0.9,0.1,4084844
Rhineland-Palatinate,1971,155,167,184,2020-03-27,48,8,13,4,13.4,2,1.0,0.2,4084844
Rhineland-Palatinate,2212,241,182,207,2020-03-28,54,11,14,5,12.8,3,1.4,0.3,4084844
Rhineland-Palatinate,2396,184,192,205,2020-03-29,59,12,15,6,12.0,1,1.4,0.3,4084844
Rhineland-Palatinate,2584,188,201,199,2020-03-30,63,18,16,7,11.2,6,2.3,0.4,4084844
Rhineland-Palatinate,2726,142,194,182,2020-03-31,67,19,17,8,9.7,1,2.0,0.5,4084844
Rhineland-Palatinate,2899,173,187,186,2020-04-01,71,23,18,9,8.6,4,2.6,0.6,4084844
Rhineland-Palatinate,3132,233,188,184,2020-04-02,77,26,19,10,7.9,3,2.9,0.6,4084844
Rhineland-Palatinate,3362,230,199,193,2020-04-03,82,26,20,11,7.8,0,2.6,0.6,4084844
Rhineland-Palatinate,3504,142,185,184,2020-04-04,86,29,21,12,6.7,3,2.6,0.7,4084844
Rhineland-Palatinate,3663,159,181,187,2020-04-05,90,32,22,13,6.1,3,2.9,0.8,4084844
Rhineland-Palatinate,3882,219,185,197,2020-04-06,95,32,23,14,5.9,0,2.0,0.8,4084844
Rhineland-Palatinate,3992,110,181,172,2020-04-07,98,34,24,15,5.5,2,2.1,0.8,4084844
Rhineland-Palatinate,4148,156,178,157,2020-04-08,102,45,25,16,5.1,11,3.1,1.1,4084844
Rhineland-Palatinate,4336,188,172,166,2020-04-09,106,50,26,17,4.7,5,3.4,1.2,4084844
Rhineland-Palatinate,4440,104,154,155,2020-04-10,109,51,27,18,4.0,1,3.6,1.2,4084844
Rhineland-Palatinate,4622,182,160,148,2020-04-11,113,59,28,19,4.0,8,4.3,1.4,4084844
Rhineland-Palatinate,4734,112,153,148,2020-04-12,116,64,29,20,3.7,5,4.6,1.6,4084844
Rhineland-Palatinate,4810,76,133,132,2020-04-13,118,68,30,21,3.1,4,5.1,1.7,4084844
Rhineland-Palatinate,4880,70,127,109,2020-04-14,119,70,31,22,2.9,2,5.1,1.7,4084844
Rhineland-Palatinate,5004,124,122,113,2020-04-15,123,77,32,23,2.7,7,4.6,1.9,4084844
Rhineland-Palatinate,5087,83,107,93,2020-04-16,125,87,33,24,2.3,10,5.3,2.1,4084844
Rhineland-Palatinate,5211,124,110,95,2020-04-17,128,92,34,25,2.3,5,5.9,2.3,4084844
Rhineland-Palatinate,5324,113,100,103,2020-04-18,130,99,35,26,2.0,7,5.7,2.4,4084844
Rhineland-Palatinate,5432,108,100,110,2020-04-19,133,106,36,27,2.0,7,6.0,2.6,4084844
Rhineland-Palatinate,5523,91,102,104,2020-04-20,135,107,37,28,2.0,1,5.6,2.6,4084844
Rhineland-Palatinate,5561,38,97,95,2020-04-21,136,116,38,29,1.9,9,6.6,2.8,4084844
Rhineland-Palatinate,5593,32,84,76,2020-04-22,137,122,39,30,1.6,6,6.4,3.0,4084844
Rhineland-Palatinate,5643,50,79,64,2020-04-23,138,131,40,31,1.5,9,6.3,3.2,4084844
Rhineland-Palatinate,5731,88,74,60,2020-04-24,140,136,41,32,1.4,5,6.3,3.3,4084844
Rhineland-Palatinate,5767,36,63,49,2020-04-25,141,138,42,33,1.1,2,5.6,3.4,4084844
Rhineland-Palatinate,5835,68,58,55,2020-04-26,143,147,43,34,1.0,9,5.9,3.6,4084844
Rhineland-Palatinate,5879,44,51,57,2020-04-27,144,152,44,35,0.9,5,6.4,3.7,4084844
Rhineland-Palatinate,5928,49,52,57,2020-04-28,145,157,45,36,0.9,5,5.9,3.8,4084844
Rhineland-Palatinate,5982,54,56,50,2020-04-29,146,161,46,37,1.0,4,5.6,3.9,4084844
Rhineland-Palatinate,6029,47,55,52,2020-04-30,148,166,47,38,0.9,5,5.0,4.1,4084844
Rhineland-Palatinate,6086,57,51,50,2020-05-01,149,172,48,39,0.9,6,5.1,4.2,4084844
Rhineland-Palatinate,6099,13,47,44,2020-05-02,149,173,49,40,0.8,1,5.0,4.2,4084844
Rhineland-Palatinate,6133,34,43,41,2020-05-03,150,176,50,41,0.7,3,4.1,4.3,4084844
Rhineland-Palatinate,6150,17,39,34,2020-05-04,151,177,51,42,0.6,1,3.6,4.3,4084844
Rhineland-Palatinate,6160,10,33,26,2020-05-05,151,182,52,43,0.5,5,3.6,4.5,4084844
Rhineland-Palatinate,6191,31,30,21,2020-05-06,152,187,53,44,0.5,5,3.7,4.6,4084844
Rhineland-Palatinate,6213,22,26,23,2020-05-07,152,189,54,45,0.4,2,3.3,4.6,4084844
Rhineland-Palatinate,6241,28,22,22,2020-05-08,153,192,55,46,0.4,3,2.9,4.7,4084844
Rhineland-Palatinate,6282,41,26,26,2020-05-09,154,195,56,47,0.4,3,3.1,4.8,4084844
Rhineland-Palatinate,6291,9,23,26,2020-05-10,154,195,57,48,0.4,0,2.7,4.8,4084844
Rhineland-Palatinate,6313,22,23,24,2020-05-11,155,195,58,49,0.4,0,2.6,4.8,4084844
Rhineland-Palatinate,6355,42,28,28,2020-05-12,156,206,59,50,0.4,11,3.4,5.0,4084844
Rhineland-Palatinate,6360,5,24,24,2020-05-13,156,207,60,51,0.4,1,2.9,5.1,4084844
Rhineland-Palatinate,6382,22,24,20,2020-05-14,156,212,61,52,0.4,5,3.3,5.2,4084844
Rhineland-Palatinate,6413,31,25,24,2020-05-15,157,213,62,53,0.4,1,3.0,5.2,4084844
Rhineland-Palatinate,6449,36,24,27,2020-05-16,158,216,63,54,0.4,3,3.0,5.3,4084844
Rhineland-Palatinate,6449,0,23,19,2020-05-17,158,216,64,55,0.4,0,3.0,5.3,4084844
Rhineland-Palatinate,6490,41,25,26,2020-05-18,159,217,65,56,0.4,1,3.1,5.3,4084844
Rhineland-Palatinate,6520,30,24,28,2020-05-19,160,222,66,57,0.4,5,2.3,5.4,4084844
Rhineland-Palatinate,6529,9,24,23,2020-05-20,160,222,67,58,0.4,0,2.1,5.4,4084844
Rhineland-Palatinate,6555,26,25,21,2020-05-21,160,224,68,59,0.4,2,1.7,5.5,4084844
Rhineland-Palatinate,6566,11,22,23,2020-05-22,161,224,69,60,0.3,0,1.6,5.5,4084844
Rhineland-Palatinate,6582,16,19,18,2020-05-23,161,226,70,61,0.3,2,1.4,5.5,4084844
Rhineland-Palatinate,6590,8,20,14,2020-05-24,161,227,71,62,0.3,1,1.6,5.6,4084844
Saarland,32,0,0,0,2020-03-15,3,0,0,0,0.0,0.0,0,0.0,990509
Saarland,32,0,0,0,2020-03-16,3,0,0,0,0.0,0,0,0.0,990509
Saarland,75,43,0,0,2020-03-17,8,0,0,0,0.0,0,0,0.0,990509
Saarland,88,13,0,0,2020-03-18,9,0,0,0,0.0,0,0,0.0,990509
Saarland,99,11,0,13,2020-03-19,10,0,0,0,0.0,0,0,0.0,990509
Saarland,146,47,0,23,2020-03-20,15,0,1,0,0.0,0,0,0.0,990509
Saarland,187,41,22,31,2020-03-21,19,0,2,0,0.0,0,0.0,0.0,990509
Saarland,187,0,22,22,2020-03-22,19,0,3,0,23.5,0,0.0,0.0,990509
Saarland,200,13,24,22,2020-03-23,20,0,4,0,20.6,0,0.0,0.0,990509
Saarland,337,137,37,48,2020-03-24,34,1,5,0,26.7,1,0.1,0.1,990509
Saarland,403,66,45,51,2020-03-25,41,2,6,0,25.3,1,0.3,0.2,990509
Saarland,433,30,48,49,2020-03-26,44,2,7,0,21.4,0,0.3,0.2,990509
Saarland,505,72,51,64,2020-03-27,51,2,8,0,19.0,0,0.3,0.2,990509
Saarland,550,45,52,70,2020-03-28,56,2,9,0,16.1,0,0.3,0.2,990509
Saarland,560,10,53,45,2020-03-29,57,2,10,0,14.3,0,0.3,0.2,990509
Saarland,706,146,72,61,2020-03-30,71,7,11,1,16.9,5,1.0,0.7,990509
Saarland,782,76,64,70,2020-03-31,79,7,12,2,12.7,0,0.9,0.7,990509
Saarland,829,47,61,65,2020-04-01,84,8,13,3,10.8,1,0.9,0.8,990509
Saarland,1020,191,84,94,2020-04-02,103,11,14,4,13.4,3,1.3,1.1,990509
Saarland,1079,59,82,104,2020-04-03,109,12,15,5,11.6,1,1.4,1.2,990509
Saarland,1265,255,112,126,2020-04-04,128,14,16,6,14.2,2,1.7,1.4,990509
Saarland,1358,93,124,129,2020-04-05,137,14,17,7,13.9,0,1.7,1.4,990509
Saarland,1483,125,121,145,2020-04-06,150,14,18,8,12.0,0,1.0,1.4,990509
Saarland,1532,49,117,116,2020-04-07,155,16,19,9,10.5,2,1.3,1.6,990509
Saarland,1637,105,125,125,2020-04-08,165,23,20,10,10.2,7,2.1,2.3,990509
Saarland,1693,56,106,86,2020-04-09,171,23,21,11,7.9,0,1.7,2.3,990509
Saarland,1854,161,121,99,2020-04-10,187,36,22,12,8.4,13,3.4,3.6,990509
Saarland,2016,162,107,107,2020-04-11,204,41,23,13,6.9,5,3.9,4.1,990509
Saarland,2058,42,100,105,2020-04-12,208,43,24,14,6.0,2,4.1,4.3,990509
Saarland,2079,21,85,88,2020-04-13,210,44,25,15,4.9,1,4.3,4.4,990509
Saarland,2112,33,83,84,2020-04-14,213,52,26,16,4.5,8,5.1,5.2,990509
Saarland,2145,33,73,58,2020-04-15,217,58,27,17,3.8,6,5.0,5.9,990509
Saarland,2201,56,73,37,2020-04-16,222,71,28,18,3.6,13,6.9,7.2,990509
Saarland,2254,53,57,39,2020-04-17,228,76,29,19,2.8,5,5.7,7.7,990509
Saarland,2289,35,39,42,2020-04-18,231,86,30,20,1.8,10,6.4,8.7,990509
Saarland,2303,14,35,38,2020-04-19,233,91,31,21,1.6,5,6.9,9.2,990509
Saarland,2314,11,34,34,2020-04-20,234,91,32,22,1.5,0,6.7,9.2,990509
Saarland,2328,14,31,25,2020-04-21,235,93,33,23,1.4,2,5.9,9.4,990509
Saarland,2367,39,32,23,2020-04-22,239,97,34,24,1.4,4,5.6,9.8,990509
Saarland,2395,28,28,21,2020-04-23,242,99,35,25,1.2,2,4.0,10.0,990509
Saarland,2445,50,27,28,2020-04-24,247,105,36,26,1.2,6,4.1,10.6,990509
Saarland,2468,23,26,31,2020-04-25,249,107,37,27,1.1,2,3.0,10.8,990509
Saarland,2482,14,26,31,2020-04-26,251,107,38,28,1.1,0,2.3,10.8,990509
Saarland,2503,21,27,27,2020-04-27,253,121,39,29,1.1,14,4.3,12.2,990509
Saarland,2509,6,26,23,2020-04-28,253,123,40,30,1.1,2,4.3,12.4,990509
Saarland,2514,5,21,14,2020-04-29,254,129,41,31,0.9,6,4.6,13.0,990509
Saarland,2552,38,22,17,2020-04-30,258,131,42,32,0.9,2,4.6,13.2,990509
Saarland,2581,29,19,20,2020-05-01,261,135,43,33,0.8,4,4.3,13.6,990509
Saarland,2597,16,18,19,2020-05-02,262,135,44,34,0.7,0,4.0,13.6,990509
Saarland,2605,8,18,19,2020-05-03,263,138,45,35,0.7,3,4.4,13.9,990509
Saarland,2608,3,15,19,2020-05-04,263,139,46,36,0.6,1,2.6,14.0,990509
Saarland,2618,10,16,13,2020-05-05,264,139,47,37,0.6,0,2.3,14.0,990509
Saarland,2627,9,16,9,2020-05-06,265,141,48,38,0.6,2,1.7,14.2,990509
Saarland,2655,28,15,12,2020-05-07,268,143,49,39,0.6,2,1.7,14.4,990509
Saarland,2658,3,11,11,2020-05-08,268,140,50,40,0.4,-3,0.7,14.1,990509
Saarland,2660,2,9,10,2020-05-09,269,142,51,41,0.3,2,1.0,14.3,990509
Saarland,2663,3,8,9,2020-05-10,269,142,52,42,0.3,0,0.6,14.3,990509
Saarland,2665,2,8,8,2020-05-11,269,142,53,43,0.3,0,0.4,14.3,990509
Saarland,2665,0,7,2,2020-05-12,269,144,54,44,0.3,2,0.7,14.5,990509
Saarland,2667,2,6,2,2020-05-13,269,144,55,45,0.2,0,0.4,14.5,990509
Saarland,2677,10,3,3,2020-05-14,270,145,56,46,0.1,1,0.3,14.6,990509
Saarland,2684,7,4,4,2020-05-15,271,147,57,47,0.1,2,1.0,14.8,990509
Saarland,2688,4,4,5,2020-05-16,271,149,58,48,0.1,2,1.0,15.0,990509
Saarland,2696,8,5,6,2020-05-17,272,149,59,49,0.2,0,1.0,15.0,990509
Saarland,2696,0,4,6,2020-05-18,272,149,60,50,0.2,0,1.0,15.0,990509
Saarland,2699,3,5,4,2020-05-19,272,154,61,51,0.2,5,1.4,15.5,990509
Saarland,2703,4,5,4,2020-05-20,273,154,62,52,0.2,0,1.4,15.5,990509
Saarland,2706,3,4,4,2020-05-21,273,157,63,53,0.2,3,1.7,15.9,990509
Saarland,2707,1,3,2,2020-05-22,273,157,64,54,0.1,0,1.4,15.9,990509
Saarland,2709,2,3,3,2020-05-23,274,157,65,55,0.1,0,1.1,15.9,990509
Saarland,2713,4,2,3,2020-05-24,274,157,66,56,0.1,0,1.1,15.9,990509
Saxony,130,0,0,0,2020-03-15,2,0,1,0,0.0,0,0,0.0,4077937
Saxony,140,10,0,0,2020-03-16,3,0,2,0,0.0,0,0,0.0,4077937
Saxony,182,79,0,0,2020-03-17,5,0,3,0,0.0,0,0,0.0,4077937
Saxony,198,16,0,0,2020-03-18,5,0,4,0,0.0,0,0,0.0,4077937
Saxony,275,77,0,0,2020-03-19,7,0,5,0,0.0,0,0,0.0,4077937
Saxony,394,119,0,60,2020-03-20,10,0,6,0,0.0,0,0,0.0,4077937
Saxony,567,173,68,93,2020-03-21,14,0,7,0,0.0,0,0.0,0.0,4077937
Saxony,606,39,73,85,2020-03-22,15,0,8,0,27.2,0,0.0,0.0,4077937
Saxony,653,47,79,91,2020-03-23,16,0,9,0,23.3,0,0.0,0.0,4077937
Saxony,811,158,90,107,2020-03-24,20,1,10,0,21.9,1,0.1,0.0,4077937
Saxony,959,148,109,113,2020-03-25,24,6,11,1,21.7,5,0.9,0.1,4077937
Saxony,1141,182,124,115,2020-03-26,28,7,12,2,20.3,1,1.0,0.2,4077937
Saxony,1305,164,130,140,2020-03-27,32,7,13,3,17.8,0,1.0,0.2,4077937
Saxony,1432,127,124,156,2020-03-28,35,9,14,4,14.3,2,1.3,0.2,4077937
Saxony,1617,185,144,161,2020-03-29,40,9,15,5,14.6,0,1.3,0.2,4077937
Saxony,1795,178,163,167,2020-03-30,44,9,16,6,14.4,0,1.3,0.2,4077937
Saxony,1882,87,153,148,2020-03-31,46,12,17,7,11.8,3,1.6,0.3,4077937
Saxony,2034,152,154,146,2020-04-01,50,17,18,8,10.6,5,1.6,0.4,4077937
Saxony,2183,149,149,150,2020-04-02,54,18,19,9,9.3,1,1.6,0.4,4077937
Saxony,2336,153,147,144,2020-04-03,57,21,20,10,8.4,3,2.0,0.5,4077937
Saxony,2591,255,166,159,2020-04-04,64,24,21,11,8.7,3,2.1,0.6,4077937
Saxony,2741,150,161,172,2020-04-05,67,32,22,12,7.8,8,3.3,0.8,4077937
Saxony,2903,162,158,174,2020-04-06,71,34,23,13,7.1,2,3.6,0.8,4077937
Saxony,2997,94,159,163,2020-04-07,73,38,24,14,6.7,4,3.7,0.9,4077937
Saxony,3144,105,153,153,2020-04-08,77,50,25,15,6.0,12,4.7,1.2,4077937
Saxony,3261,117,148,126,2020-04-09,80,52,26,16,5.5,2,4.9,1.3,4077937
Saxony,3402,141,146,124,2020-04-10,83,59,27,17,5.1,7,5.4,1.4,4077937
Saxony,3565,163,133,124,2020-04-11,87,65,28,18,4.4,6,5.9,1.6,4077937
Saxony,3600,35,117,112,2020-04-12,88,67,29,19,3.7,2,5.0,1.6,4077937
Saxony,3655,55,101,102,2020-04-13,90,68,30,20,3.1,1,4.9,1.7,4077937
Saxony,3751,96,102,98,2020-04-14,92,70,31,21,3.0,2,4.6,1.7,4077937
Saxony,3819,68,96,83,2020-04-15,94,73,32,22,2.8,3,3.3,1.8,4077937
Saxony,3955,136,99,78,2020-04-16,97,94,33,23,2.8,21,6.0,2.3,4077937
Saxony,4048,93,92,90,2020-04-17,99,95,34,24,2.5,1,5.1,2.3,4077937
Saxony,4140,92,82,97,2020-04-18,102,103,35,25,2.2,8,5.4,2.5,4077937
Saxony,4190,50,84,88,2020-04-19,103,107,36,26,2.2,4,5.7,2.6,4077937
Saxony,4229,39,82,82,2020-04-20,104,109,37,27,2.1,2,5.9,2.7,4077937
Saxony,4253,24,72,60,2020-04-21,104,117,38,28,1.8,8,6.7,2.9,4077937
Saxony,4273,20,65,45,2020-04-22,105,122,39,29,1.6,5,7.0,3.0,4077937
Saxony,4327,54,53,37,2020-04-23,106,127,40,30,1.3,5,4.7,3.1,4077937
Saxony,4377,50,47,37,2020-04-24,107,135,41,31,1.1,8,5.7,3.3,4077937
Saxony,4406,29,38,35,2020-04-25,108,141,42,32,0.9,6,5.4,3.5,4077937
Saxony,4428,22,34,35,2020-04-26,109,147,43,33,0.8,6,5.7,3.6,4077937
Saxony,4458,30,33,37,2020-04-27,109,147,44,34,0.8,0,5.4,3.6,4077937
Saxony,4490,32,34,33,2020-04-28,110,148,45,35,0.8,1,4.4,3.6,4077937
Saxony,4509,19,34,26,2020-04-29,111,153,46,36,0.8,5,4.4,3.8,4077937
Saxony,4561,52,33,31,2020-04-30,112,156,47,37,0.8,3,4.1,3.8,4077937
Saxony,4592,31,31,33,2020-05-01,113,162,48,38,0.7,6,3.9,4.0,4077937
Saxony,4617,25,30,32,2020-05-02,113,163,49,39,0.7,1,3.1,4.0,4077937
Saxony,4696,79,38,41,2020-05-03,115,165,50,40,0.8,2,2.6,4.0,4077937
Saxony,4702,6,35,39,2020-05-04,115,167,51,41,0.8,2,2.9,4.1,4077937
Saxony,4745,43,36,37,2020-05-05,116,171,52,42,0.8,4,3.3,4.2,4077937
Saxony,4784,39,39,38,2020-05-06,117,177,53,43,0.8,6,3.4,4.3,4077937
Saxony,4836,52,39,44,2020-05-07,119,181,54,44,0.8,4,3.6,4.4,4077937
Saxony,4839,3,35,29,2020-05-08,119,184,55,45,0.7,3,3.1,4.5,4077937
Saxony,4873,34,37,34,2020-05-09,119,186,56,46,0.8,2,3.3,4.6,4077937
Saxony,4886,13,27,28,2020-05-10,120,187,57,47,0.6,1,3.1,4.6,4077937
Saxony,4915,29,30,26,2020-05-11,121,187,58,48,0.6,0,2.9,4.6,4077937
Saxony,4947,32,29,22,2020-05-12,121,190,59,49,0.6,3,2.7,4.7,4077937
Saxony,4962,15,25,25,2020-05-13,122,191,60,50,0.5,1,2.0,4.7,4077937
Saxony,5031,69,28,32,2020-05-14,123,195,61,51,0.6,4,2.0,4.8,4077937
Saxony,5061,30,32,35,2020-05-15,124,195,62,52,0.6,0,1.6,4.8,4077937
Saxony,5089,28,31,35,2020-05-16,125,197,63,53,0.6,2,1.6,4.8,4077937
Saxony,5115,26,33,34,2020-05-17,125,196,64,54,0.7,-1,1.3,4.8,4077937
Saxony,5125,10,30,33,2020-05-18,126,196,65,55,0.6,0,1.3,4.8,4077937
Saxony,5133,8,27,20,2020-05-19,126,198,66,56,0.5,2,1.1,4.9,4077937
Saxony,5150,17,27,18,2020-05-20,126,198,67,57,0.5,0,1.0,4.9,4077937
Saxony,5185,35,22,19,2020-05-21,127,201,68,58,0.4,3,0.9,4.9,4077937
Saxony,5197,12,19,16,2020-05-22,127,203,69,59,0.4,2,1.1,5.0,4077937
Saxony,5219,22,19,19,2020-05-23,128,204,70,60,0.4,1,1.0,5.0,4077937
Saxony,5221,2,15,18,2020-05-24,128,204,71,61,0.3,0,1.1,5.0,4077937
Bremen,53,0,0,0,2020-03-15,8,0,0,0,0.0,0,0,0.0,682986
Bremen,56,3,0,0,2020-03-16,8,0,0,0,0.0,0,0,0.0,682986
Bremen,57,1,0,0,2020-03-17,8,0,0,0,0.0,0,0,0.0,682986
Bremen,69,12,0,0,2020-03-18,10,0,0,0,0.0,0,0,0.0,682986
Bremen,80,11,0,5.4,2020-03-19,12,0,0,0,0.0,0,0,0.0,682986
Bremen,121,41,0,13.6,2020-03-20,18,0,1,0,0.0,0,0,0.0,682986
Bremen,142,21,12.7,17.2,2020-03-21,21,0,2,0,0.0,0,0,0.0,682986
Bremen,165,23,16.0,21.6,2020-03-22,24,0,3,0,19.4,0,0.0,0.0,682986
Bremen,170,5,16.3,20.2,2020-03-23,25,0,4,0,16.5,0,0.0,0.0,682986
Bremen,183,13,18.0,20.6,2020-03-24,27,0,5,0,15.7,0,0.0,0.0,682986
Bremen,200,17,18.7,15.8,2020-03-25,29,0,6,0,14.1,0,0.0,0.0,682986
Bremen,211,11,18.7,13.8,2020-03-26,31,1,7,0,12.3,1,0.1,0.1,682986
Bremen,241,30,17.1,15.2,2020-03-27,35,1,8,0,10.1,0,0.1,0.1,682986
Bremen,260,19,16.9,18,2020-03-28,38,2,9,0,9.0,1,0.3,0.3,682986
Bremen,275,15,15.7,18.4,2020-03-29,40,2,10,0,7.7,0,0.3,0.3,682986
Bremen,286,11,16.6,17.2,2020-03-30,42,2,11,0,7.5,0,0.3,0.3,682986
Bremen,294,8,15.9,16.6,2020-03-31,43,4,12,0,6.7,2,0.6,0.6,682986
Bremen,311,17,15.9,14,2020-04-01,46,5,13,1,6.3,1,0.7,0.7,682986
Bremen,327,16,16.6,13.4,2020-04-02,48,6,14,2,6.2,1,0.7,0.9,682986
Bremen,341,14,14.3,13.2,2020-04-03,50,6,15,3,5.0,0,0.7,0.9,682986
Bremen,354,13,13.4,13.6,2020-04-04,52,6,16,4,4.5,0,0.6,0.9,682986
Bremen,394,40,17.0,20,2020-04-05,58,6,17,5,5.4,0,0.6,0.9,682986
Bremen,397,3,15.9,17.2,2020-04-06,58,8,18,6,4.8,2,0.9,1.2,682986
Bremen,399,2,15.0,14.4,2020-04-07,58,9,19,7,4.3,1,0.7,1.3,682986
Bremen,424,25,16.1,16.6,2020-04-08,62,10,20,8,4.5,1,0.7,1.5,682986
Bremen,445,21,16.9,18.2,2020-04-09,65,11,21,9,4.5,1,0.7,1.6,682986
Bremen,454,9,16.1,12,2020-04-10,67,13,22,10,4.1,2,1.0,1.9,682986
Bremen,469,15,16.4,14.4,2020-04-11,69,15,23,11,4.0,2,1.3,2.2,682986
Bremen,480,11,12.3,16.2,2020-04-12,70,15,24,12,2.9,0,1.3,2.2,682986
Bremen,486,6,12.7,12.4,2020-04-13,71,17,25,13,2.9,2,1.3,2.5,682986
Bremen,492,6,13.3,9.4,2020-04-14,72,20,26,14,2.9,3,1.6,2.9,682986
Bremen,500,8,10.9,9.2,2020-04-15,73,21,27,15,2.3,1,1.6,3.1,682986
Bremen,507,7,8.9,7.6,2020-04-16,74,21,28,16,1.9,0,1.4,3.1,682986
Bremen,556,49,14.6,15.2,2020-04-17,81,22,29,17,3.0,1,1.3,3.2,682986
Bremen,567,11,14.0,16.2,2020-04-18,83,24,30,18,2.8,2,1.3,3.5,682986
Bremen,585,18,15.0,18.6,2020-04-19,86,25,31,19,2.9,1,1.4,3.7,682986
Bremen,604,19,16.9,20.8,2020-04-20,88,25,32,20,3.2,0,1.1,3.7,682986
Bremen,609,5,16.7,20.4,2020-04-21,89,25,33,21,3.1,0,0.7,3.7,682986
Bremen,624,15,17.7,13.6,2020-04-22,91,26,34,22,3.2,1,0.7,3.8,682986
Bremen,672,48,23.6,21,2020-04-23,98,27,35,23,4.1,1,0.9,4.0,682986
Bremen,707,35,21.6,24.4,2020-04-24,104,27,36,24,3.6,0,0.7,4.0,682986
Bremen,719,12,21.7,23,2020-04-25,105,27,37,25,3.5,0,0.4,4.0,682986
Bremen,739,20,22.0,26,2020-04-26,108,27,38,26,3.4,0,0.3,4.0,682986
Bremen,754,15,21.4,26,2020-04-27,110,27,39,27,3.2,0,0.3,4.0,682986
Bremen,759,5,21.4,17.4,2020-04-28,111,27,40,28,3.1,0,0.3,4.0,682986
Bremen,797,38,24.7,18,2020-04-29,117,29,41,29,3.5,2,0.4,4.2,682986
Bremen,827,30,22.1,21.6,2020-04-30,121,29,42,30,3.0,0,0.3,4.2,682986
Bremen,859,32,21.7,24,2020-05-01,126,30,43,31,2.9,1,0.4,4.4,682986
Bremen,871,12,21.7,23.4,2020-05-02,128,30,44,32,2.8,0,0.4,4.4,682986
Bremen,875,4,19.4,23.2,2020-05-03,128,30,45,33,2.4,0,0.4,4.4,682986
Bremen,893,18,19.9,19.2,2020-05-04,131,30,46,34,2.4,0,0.4,4.4,682986
Bremen,895,2,19.4,13.6,2020-05-05,131,31,47,35,2.3,1,0.6,4.5,682986
Bremen,916,21,17.0,11.4,2020-05-06,134,31,48,36,2.0,0,0.3,4.5,682986
Bremen,963,47,19.4,18.4,2020-05-07,141,32,49,37,2.2,1,0.4,4.7,682986
Bremen,997,34,19.7,24.4,2020-05-08,146,32,50,38,2.2,0,0.3,4.7,682986
Bremen,1024,27,22,26,2020-05-09,150,32,51,39,2.4,0,0.3,4.7,682986
Bremen,1043,19,24,30,2020-05-10,153,32,52,40,2.6,0,0.3,4.7,682986
Bremen,1055,12,23,28,2020-05-11,154,34,53,41,2.4,2,0.6,5.0,682986
Bremen,1058,3,23,19,2020-05-12,155,35,54,42,2.4,1,0.6,5.1,682986
Bremen,1077,19,23,16,2020-05-13,158,36,55,43,2.3,1,0.7,5.3,682986
Bremen,1104,27,20,16,2020-05-14,162,37,56,44,2.0,1,0.7,5.4,682986
Bremen,1129,25,19,17,2020-05-15,165,37,57,45,1.8,0,0.7,5.4,682986
Bremen,1150,21,18,19,2020-05-16,168,37,58,46,1.7,0,0.7,5.4,682986
Bremen,1164,14,17,21,2020-05-17,170,37,59,47,1.6,0,0.7,5.4,682986
Bremen,1171,7,17,19,2020-05-18,172,38,60,48,1.5,1,0.6,5.6,682986
Bremen,1237,66,26,27,2020-05-19,181,38,61,49,2.3,0,0.4,5.6,682986
Bremen,1256,19,26,25,2020-05-20,184,38,62,50,2.2,0,0.3,5.6,682986
Bremen,1273,17,24,25,2020-05-21,186,39,63,51,2.1,1,0.3,5.7,682986
Bremen,1291,18,23,25,2020-05-22,189,39,64,52,1.9,0,0.3,5.7,682986
Bremen,1296,5,21,25,2020-05-23,190,41,65,53,1.7,2,0.6,6.0,682986
Bremen,1299,3,19,12,2020-05-24,190,41,66,54,1.6,0,0.6,6.0,682986
Brandenburg,65,0,0,0,2020-03-15,2,0,0,0,0.0,0,0,0.0,2511917
Brandenburg,65,0,0,0,2020-03-16,3,0,0,0,0.0,0,0,0.0,2511917
Brandenburg,73,8,0,0,2020-03-17,3,0,0,0,0.0,0,0,0.0,2511917
Brandenburg,92,19,0,0,2020-03-18,4,0,0,0,0.0,0,0,0.0,2511917
Brandenburg,134,42,0,13.8,2020-03-19,5,0,1,0,0.0,0,0,0.0,2511917
Brandenburg,192,58,0,25.4,2020-03-20,8,0,2,0,0.0,0,0,0.0,2511917
Brandenburg,254,62,27.0,37.8,2020-03-21,10,0,3,0,0.0,0,0.0,0.0,2511917
Brandenburg,274,20,29.9,40.2,2020-03-22,11,0,4,0,23.9,0,0.0,0.0,2511917
Brandenburg,288,14,31.9,39.2,2020-03-23,11,0,5,0,20.6,0,0.0,0.0,2511917
Brandenburg,343,55,38.6,41.8,2020-03-24,14,0,6,0,20.7,0,0.0,0.0,2511917
Brandenburg,429,86,48.1,47.4,2020-03-25,17,1,7,0,21.4,1,0.1,0.0,2511917
Brandenburg,477,48,49.0,44.6,2020-03-26,19,1,8,0,17.9,0,0.1,0.0,2511917
Brandenburg,537,60,49.3,52.6,2020-03-27,21,1,9,0,15.3,0,0.1,0.0,2511917
Brandenburg,645,108,55.9,71.4,2020-03-28,26,1,10,0,15.0,0,0.1,0.0,2511917
Brandenburg,721,76,63.9,75.6,2020-03-29,29,1,11,0,14.9,0,0.1,0.0,2511917
Brandenburg,761,40,67.6,66.4,2020-03-30,30,2,12,0,13.8,1,0.3,0.1,2511917
Brandenburg,798,37,65.0,64.2,2020-03-31,32,2,13,0,11.6,0,0.3,0.1,2511917
Brandenburg,881,83,64.6,68.8,2020-04-01,35,4,14,0,10.3,2,0.4,0.2,2511917
Brandenburg,995,114,74.0,70,2020-04-02,40,7,15,1,10.7,3,0.9,0.3,2511917
Brandenburg,1075,80,76.9,70.8,2020-04-03,43,9,16,2,10.1,2,1.1,0.4,2511917
Brandenburg,1211,136,80.9,90,2020-04-04,48,12,17,3,9.6,3,1.6,0.5,2511917
Brandenburg,1305,94,83.4,101.4,2020-04-05,52,17,18,4,9.1,5,2.3,0.7,2511917
Brandenburg,1345,40,83.4,92.8,2020-04-06,54,19,19,5,8.3,2,2.4,0.8,2511917
Brandenburg,1384,39,83.7,77.8,2020-04-07,55,20,20,6,7.7,1,2.6,0.8,2511917
Brandenburg,1472,88,84.4,79.4,2020-04-08,59,22,21,7,7.2,2,2.6,0.9,2511917
Brandenburg,1578,106,83.3,73.4,2020-04-09,63,30,22,8,6.6,8,3.3,1.2,2511917
Brandenburg,1691,113,88.0,77.2,2020-04-10,67,37,23,9,6.6,7,4.0,1.5,2511917
Brandenburg,1764,73,79.0,83.8,2020-04-11,70,37,24,10,5.5,0,3.6,1.5,2511917
Brandenburg,1857,93,78.9,94.6,2020-04-12,74,38,25,11,5.2,1,3.0,1.5,2511917
Brandenburg,1880,23,76.4,81.6,2020-04-13,75,38,26,12,4.8,0,2.7,1.5,2511917
Brandenburg,1916,36,76.0,67.6,2020-04-14,76,40,27,13,4.6,2,2.9,1.6,2511917
Brandenburg,1950,34,68.3,51.8,2020-04-15,78,42,28,14,3.9,2,2.9,1.7,2511917
Brandenburg,2058,108,68.6,58.8,2020-04-16,82,54,29,15,3.8,12,3.4,2.1,2511917
Brandenburg,2120,62,61.3,52.6,2020-04-17,84,60,30,16,3.3,6,3.3,2.4,2511917
Brandenburg,2161,41,56.7,56.2,2020-04-18,86,62,31,17,2.9,2,3.6,2.5,2511917
Brandenburg,2221,60,52.0,61,2020-04-19,88,66,32,18,2.6,4,4.0,2.6,2511917
Brandenburg,2238,17,51.1,57.6,2020-04-20,89,66,33,19,2.5,0,4.0,2.6,2511917
Brandenburg,2275,37,51.3,43.4,2020-04-21,91,67,34,20,2.4,1,3.9,2.7,2511917
Brandenburg,2389,114,62.7,53.8,2020-04-22,95,74,35,21,2.9,7,4.6,2.9,2511917
Brandenburg,2447,58,55.6,57.2,2020-04-23,97,84,36,22,2.5,10,4.3,3.3,2511917
Brandenburg,2536,89,59.4,63,2020-04-24,101,90,37,23,2.6,6,4.3,3.6,2511917
Brandenburg,2627,91,66.6,77.8,2020-04-25,105,97,38,24,2.9,7,5.0,3.9,2511917
Brandenburg,2694,67,67.6,83.8,2020-04-26,107,100,39,25,2.8,3,4.9,4.0,2511917
Brandenburg,2721,27,69.0,66.4,2020-04-27,108,100,40,26,2.8,0,4.9,4.0,2511917
Brandenburg,2747,26,67.4,60,2020-04-28,109,106,41,27,2.7,6,5.6,4.2,2511917
Brandenburg,2768,21,54.1,46.4,2020-04-29,110,109,42,28,2.1,3,5.0,4.3,2511917
Brandenburg,2831,63,54.9,40.8,2020-04-30,113,113,43,29,2.1,4,4.1,4.5,2511917
Brandenburg,2872,41,48.0,35.6,2020-05-01,114,120,44,30,1.8,7,4.3,4.8,2511917
Brandenburg,2886,14,37.0,33,2020-05-02,115,122,45,31,1.3,2,3.6,4.9,2511917
Brandenburg,2905,19,30.1,31.6,2020-05-03,116,122,46,32,1.1,0,3.1,4.9,2511917
Brandenburg,2914,9,27.6,29.2,2020-05-04,116,122,47,33,1.0,0,3.1,4.9,2511917
Brandenburg,2940,26,27.6,21.8,2020-05-05,117,123,48,34,1.0,1,2.4,4.9,2511917
Brandenburg,2969,29,28.7,19.4,2020-05-06,118,127,49,35,1.0,4,2.6,5.1,2511917
Brandenburg,2999,30,24.0,22.6,2020-05-07,119,129,50,36,0.8,2,2.3,5.1,2511917
Brandenburg,3037,38,23.6,26.4,2020-05-08,121,131,51,37,0.8,2,1.6,5.2,2511917
Brandenburg,3098,61,30,37,2020-05-09,123,133,52,38,1.0,2,1.6,5.3,2511917
Brandenburg,3101,3,28,32,2020-05-10,123,134,53,39,0.9,1,1.7,5.3,2511917
Brandenburg,3106,5,27,27,2020-05-11,124,134,54,40,0.9,0,1.7,5.3,2511917
Brandenburg,3111,5,24,22,2020-05-12,124,136,55,41,0.8,2,1.9,5.4,2511917
Brandenburg,3125,14,22,18,2020-05-13,124,137,56,42,0.7,1,1.4,5.5,2511917
Brandenburg,3135,10,19,7,2020-05-14,125,138,57,43,0.6,1,1.3,5.5,2511917
Brandenburg,3158,23,17,11,2020-05-15,126,148,58,44,0.6,10,2.4,5.9,2511917
Brandenburg,3169,11,10,13,2020-05-16,126,149,59,45,0.3,1,2.3,5.9,2511917
Brandenburg,3171,2,10,12,2020-05-17,126,149,60,46,0.3,0,2.1,5.9,2511917
Brandenburg,3172,1,9,9,2020-05-18,126,149,61,47,0.3,0,2.1,5.9,2511917
Brandenburg,3185,13,11,10,2020-05-19,127,150,62,48,0.3,1,2.0,6.0,2511917
Brandenburg,3193,8,10,7,2020-05-20,127,151,63,49,0.3,1,2.0,6.0,2511917
Brandenburg,3205,12,10,7,2020-05-21,128,151,64,50,0.3,0,1.9,6.0,2511917
Brandenburg,3211,6,8,8,2020-05-22,128,152,65,51,0.2,1,0.6,6.1,2511917
Brandenburg,3213,2,6,8,2020-05-23,128,154,66,52,0.2,2,0.7,6.1,2511917
Brandenburg,3214,1,6,6,2020-05-24,128,154,67,53,0.2,0,0.7,6.1,2511917
Macklenburg-WPomerania,36,0,0,0,2020-03-15,2,0,0,0,0.0,0,0,0.0,1609675
Macklenburg-WPomerania,36,0,0,0,2020-03-16,2,0,0,0,0.0,0,0,0.0,1609675
Macklenburg-WPomerania,45,9,0,0,2020-03-17,3,0,0,0,0.0,0,0,0.0,1609675
Macklenburg-WPomerania,56,11,0,0,2020-03-18,4,0,0,0,0.0,0,0,0.0,1609675
Macklenburg-WPomerania,98,42,0,12.4,2020-03-19,6,0,0,0,0.0,0,0,0.0,1609675
Macklenburg-WPomerania,131,33,0,19,2020-03-20,8,0,1,0,0.0,0,0,0.0,1609675
Macklenburg-WPomerania,165,34,18.4,25.8,2020-03-21,10,0,2,0,0.0,0,0.0,0.0,1609675
Macklenburg-WPomerania,172,7,19.4,25.4,2020-03-22,11,0,3,0,24.0,0,0.0,0.0,1609675
Macklenburg-WPomerania,172,0,19.4,23.2,2020-03-23,11,0,4,0,19.3,0,0.0,0.0,1609675
Macklenburg-WPomerania,199,27,22.0,20.2,2020-03-24,12,0,5,0,18.4,0,0.0,0.0,1609675
Macklenburg-WPomerania,218,19,23.1,17.4,2020-03-25,14,0,6,0,16.3,0,0.0,0.0,1609675
Macklenburg-WPomerania,244,26,20.9,15.8,2020-03-26,15,0,7,0,12.6,0,0.0,0.0,1609675
Macklenburg-WPomerania,259,15,18.3,17.4,2020-03-27,16,0,8,0,9.8,0,0.0,0.0,1609675
Macklenburg-WPomerania,308,49,20.4,27.2,2020-03-28,19,0,9,0,10.0,0,0.0,0.0,1609675
Macklenburg-WPomerania,348,40,25.1,29.8,2020-03-29,22,1,10,0,11.2,1,0.1,0.1,1609675
Macklenburg-WPomerania,356,8,26.3,27.6,2020-03-30,22,1,11,0,10.5,0,0.1,0.1,1609675
Macklenburg-WPomerania,366,10,23.9,24.4,2020-03-31,23,1,12,0,8.6,0,0.1,0.1,1609675
Macklenburg-WPomerania,406,40,26.9,29.4,2020-04-01,25,3,13,0,9.0,2,0.4,0.2,1609675
Macklenburg-WPomerania,438,32,27.7,26,2020-04-02,27,3,14,0,8.5,0,0.4,0.2,1609675
Macklenburg-WPomerania,468,30,29.9,24,2020-04-03,29,4,15,0,8.4,1,0.6,0.2,1609675
Macklenburg-WPomerania,501,33,27.6,29,2020-04-04,31,5,16,1,7.2,1,0.7,0.3,1609675
Macklenburg-WPomerania,523,22,25.0,31.4,2020-04-05,32,5,17,2,6.1,0,0.6,0.3,1609675
Macklenburg-WPomerania,528,5,24.6,24.4,2020-04-06,33,6,18,3,5.6,1,0.7,0.4,1609675
Macklenburg-WPomerania,531,3,23.6,18.6,2020-04-07,33,8,19,4,5.1,2,1.0,0.5,1609675
Macklenburg-WPomerania,555,24,21.3,17.4,2020-04-08,34,11,20,5,4.4,3,1.1,0.7,1609675
Macklenburg-WPomerania,572,17,19.1,14.2,2020-04-09,36,11,21,6,3.8,0,1.1,0.7,1609675
Macklenburg-WPomerania,586,14,16.9,12.6,2020-04-10,36,11,22,7,3.2,0,1.0,0.7,1609675
Macklenburg-WPomerania,601,15,14.3,14.6,2020-04-11,37,11,23,8,2.6,0,0.9,0.7,1609675
Macklenburg-WPomerania,605,4,11.7,14.8,2020-04-12,38,11,24,9,2.1,0,0.9,0.7,1609675
Macklenburg-WPomerania,618,13,12.9,12.6,2020-04-13,38,11,25,10,2.3,0,0.7,0.7,1609675
Macklenburg-WPomerania,619,1,12.6,9.4,2020-04-14,38,11,26,11,2.2,0,0.4,0.7,1609675
Macklenburg-WPomerania,624,5,9.9,7.6,2020-04-15,39,11,27,12,1.7,0,0.0,0.7,1609675
Macklenburg-WPomerania,634,10,8.9,6.6,2020-04-16,39,13,28,13,1.5,2,0.3,0.8,1609675
Macklenburg-WPomerania,634,0,6.9,5.8,2020-04-17,39,13,29,14,1.1,0,0.3,0.8,1609675
Macklenburg-WPomerania,645,11,6.3,5.4,2020-04-18,40,14,30,15,1.0,1,0.4,0.9,1609675
Macklenburg-WPomerania,651,6,6.6,6.4,2020-04-19,40,15,31,16,1.1,1,0.6,0.9,1609675
Macklenburg-WPomerania,653,2,5.0,5.8,2020-04-20,41,15,32,17,0.8,0,0.6,0.9,1609675
Macklenburg-WPomerania,655,2,5.1,4.2,2020-04-21,41,15,33,18,0.8,0,0.6,0.9,1609675
Macklenburg-WPomerania,656,1,4.6,4.4,2020-04-22,41,15,34,19,0.7,0,0.6,0.9,1609675
Macklenburg-WPomerania,659,3,3.6,2.8,2020-04-23,41,15,35,20,0.6,0,0.3,0.9,1609675
Macklenburg-WPomerania,661,2,3.9,2,2020-04-24,41,16,36,21,0.6,1,0.4,1.0,1609675
Macklenburg-WPomerania,667,6,3.1,2.8,2020-04-25,41,16,37,22,0.5,0,0.3,1.0,1609675
Macklenburg-WPomerania,673,6,3.1,3.6,2020-04-26,42,16,38,23,0.5,0,0.1,1.0,1609675
Macklenburg-WPomerania,674,1,3.0,3.6,2020-04-27,42,16,39,24,0.5,0,0.1,1.0,1609675
Macklenburg-WPomerania,675,1,2.9,3.2,2020-04-28,42,17,40,25,0.4,1,0.3,1.1,1609675
Macklenburg-WPomerania,687,12,4.4,5.2,2020-04-29,43,17,41,26,0.7,0,0.3,1.1,1609675
Macklenburg-WPomerania,690,3,4.4,4.6,2020-04-30,43,17,42,27,0.7,0,0.3,1.1,1609675
Macklenburg-WPomerania,693,3,4.6,4,2020-05-01,43,18,43,28,0.7,1,0.3,1.1,1609675
Macklenburg-WPomerania,695,2,4.0,4.2,2020-05-02,43,18,44,29,0.6,0,0.3,1.1,1609675
Macklenburg-WPomerania,698,3,3.6,4.6,2020-05-03,43,18,45,30,0.5,0,0.3,1.1,1609675
Macklenburg-WPomerania,699,1,3.6,2.4,2020-05-04,43,18,46,31,0.5,0,0.3,1.1,1609675
Macklenburg-WPomerania,703,4,4.0,2.6,2020-05-05,44,19,47,32,0.6,1,0.3,1.2,1609675
Macklenburg-WPomerania,711,8,3.4,3.6,2020-05-06,44,19,48,33,0.5,0,0.3,1.2,1609675
Macklenburg-WPomerania,715,4,3.6,4,2020-05-07,44,19,49,34,0.5,0,0.3,1.2,1609675
Macklenburg-WPomerania,718,3,3.6,4,2020-05-08,45,19,50,35,0.5,0,0.1,1.2,1609675
Macklenburg-WPomerania,722,4,4,5,2020-05-09,45,19,51,36,0.5,0,0.1,1.2,1609675
Macklenburg-WPomerania,726,4,4,5,2020-05-10,45,19,52,37,0.6,0,0.1,1.2,1609675
Macklenburg-WPomerania,728,2,4,3,2020-05-11,45,19,53,38,0.6,0,0.1,1.2,1609675
Macklenburg-WPomerania,729,1,4,3,2020-05-12,45,20,54,39,0.5,1,0.1,1.2,1609675
Macklenburg-WPomerania,736,7,4,4,2020-05-13,46,20,55,40,0.5,0,0.1,1.2,1609675
Macklenburg-WPomerania,739,3,3,3,2020-05-14,46,20,56,41,0.5,0,0.1,1.2,1609675
Macklenburg-WPomerania,740,1,3,3,2020-05-15,46,20,57,42,0.4,0,0.1,1.2,1609675
Macklenburg-WPomerania,746,6,3,4,2020-05-16,46,20,58,43,0.5,0,0.1,1.2,1609675
Macklenburg-WPomerania,748,2,3,4,2020-05-17,47,20,59,44,0.4,0,0.1,1.2,1609675
Macklenburg-WPomerania,752,4,3,3,2020-05-18,47,20,60,45,0.5,0,0.1,1.2,1609675
Macklenburg-WPomerania,752,0,3,3,2020-05-19,47,20,61,46,0.4,0,0.0,1.2,1609675
Macklenburg-WPomerania,755,3,3,3,2020-05-20,47,20,62,47,0.4,0,0.0,1.2,1609675
Macklenburg-WPomerania,762,7,3,3,2020-05-21,47,20,63,48,0.4,0,0.0,1.2,1609675
Macklenburg-WPomerania,763,1,3,3,2020-05-22,47,20,64,49,0.4,0,0.0,1.2,1609675
Macklenburg-WPomerania,763,0,2,2,2020-05-23,47,20,65,50,0.3,0,0.0,1.2,1609675
Macklenburg-WPomerania,760,-3,2,2,2020-05-24,47,20,66,51,0.2,0,0.0,1.2,1609675
Saxony-Anhalt,40,0,0,0,2020-03-15,2,0,0,0,0.0,0,0.3,0.0,2208321
Saxony-Anhalt,40,0,0,0,2020-03-16,2,0,0,0,0.0,0,0,0.0,2208321
Saxony-Anhalt,58,18,0,0,2020-03-17,3,0,0,0,0.0,0,0,0.0,2208321
Saxony-Anhalt,105,47,0,0,2020-03-18,5,0,1,0,0.0,0,0,0.0,2208321
Saxony-Anhalt,140,35,0,20,2020-03-19,6,0,2,0,0.0,0,0,0.0,2208321
Saxony-Anhalt,180,40,0,28,2020-03-20,8,0,3,0,0.0,0,0,0.0,2208321
Saxony-Anhalt,188,8,21.1,29.6,2020-03-21,9,0,4,0,0.0,0,0,0.0,2208321
Saxony-Anhalt,211,23,24.4,30.6,2020-03-22,10,0,5,0,22.8,0,0.0,0.0,2208321
Saxony-Anhalt,212,1,24.6,21.4,2020-03-23,10,0,6,0,18.7,0,0.0,0.0,2208321
Saxony-Anhalt,321,109,37.6,36.2,2020-03-24,15,0,7,0,24.0,0,0.0,0.0,2208321
Saxony-Anhalt,375,54,38.6,39,2020-03-25,17,1,8,0,19.9,1,0.1,0.0,2208321
Saxony-Anhalt,418,43,39.7,46,2020-03-26,19,1,9,0,17.1,0,0.1,0.0,2208321
Saxony-Anhalt,458,40,39.7,49.4,2020-03-27,21,2,10,0,14.6,1,0.3,0.1,2208321
Saxony-Anhalt,458,0,38.6,49.2,2020-03-28,21,2,11,0,12.4,0,0.3,0.1,2208321
Saxony-Anhalt,592,134,54.4,54.2,2020-03-29,27,2,12,0,15.5,0,0.3,0.1,2208321
Saxony-Anhalt,592,0,54.3,43.4,2020-03-30,27,2,13,0,13.4,0,0.3,0.1,2208321
Saxony-Anhalt,680,88,51.3,52.4,2020-03-31,31,6,14,0,11.2,4,0.9,0.3,2208321
Saxony-Anhalt,750,70,53.6,58.4,2020-04-01,34,7,15,0,10.5,1,0.9,0.3,2208321
Saxony-Anhalt,804,54,55.1,69.2,2020-04-02,36,8,16,0,9.8,1,1.0,0.4,2208321
Saxony-Anhalt,836,32,54.0,48.8,2020-04-03,38,11,17,1,8.7,3,1.3,0.5,2208321
Saxony-Anhalt,896,60,62.6,60.8,2020-04-04,41,11,18,2,9.3,0,1.3,0.5,2208321
Saxony-Anhalt,919,23,46.7,47.8,2020-04-05,42,12,19,3,6.3,1,1.4,0.5,2208321
Saxony-Anhalt,956,37,52.0,41.2,2020-04-06,43,12,20,4,6.6,0,1.4,0.5,2208321
Saxony-Anhalt,987,31,43.9,36.6,2020-04-07,45,12,21,5,5.3,0,0.9,0.5,2208321
Saxony-Anhalt,1020,33,38.6,36.8,2020-04-08,46,16,22,6,4.4,4,1.3,0.7,2208321
Saxony-Anhalt,1075,55,38.7,35.8,2020-04-09,49,16,23,7,4.2,0,1.1,0.7,2208321
Saxony-Anhalt,1121,46,40.7,40.4,2020-04-10,51,18,24,8,4.3,2,1.0,0.8,2208321
Saxony-Anhalt,1135,14,34.1,35.8,2020-04-11,51,18,25,9,3.4,0,1.0,0.8,2208321
Saxony-Anhalt,1166,31,35.3,35.8,2020-04-12,53,21,26,10,3.4,3,1.3,1.0,2208321
Saxony-Anhalt,1193,27,33.9,34.6,2020-04-13,54,24,27,11,3.2,3,1.7,1.1,2208321
Saxony-Anhalt,1207,14,31.4,26.4,2020-04-14,55,25,28,12,2.9,1,1.9,1.1,2208321
Saxony-Anhalt,1223,16,29.0,20.4,2020-04-15,55,26,29,13,2.6,1,1.4,1.2,2208321
Saxony-Anhalt,1248,25,24.7,22.6,2020-04-16,57,26,30,14,2.1,0,1.4,1.2,2208321
Saxony-Anhalt,1279,31,22.6,22.6,2020-04-17,58,28,31,15,1.9,2,1.4,1.3,2208321
Saxony-Anhalt,1315,36,25.7,24.4,2020-04-18,60,29,32,16,2.1,1,1.6,1.3,2208321
Saxony-Anhalt,1350,35,26.3,28.6,2020-04-19,61,30,33,17,2.1,1,1.3,1.4,2208321
Saxony-Anhalt,1369,19,25.1,29.2,2020-04-20,62,30,34,18,2.0,0,0.9,1.4,2208321
Saxony-Anhalt,1383,14,25.1,27,2020-04-21,63,32,35,19,2.0,2,1.0,1.4,2208321
Saxony-Anhalt,1395,12,24.6,23.2,2020-04-22,63,33,36,20,1.9,1,1.0,1.5,2208321
Saxony-Anhalt,1425,30,25.3,22,2020-04-23,65,34,37,21,1.9,1,1.1,1.5,2208321
Saxony-Anhalt,1436,11,22.4,17.2,2020-04-24,65,35,38,22,1.6,1,1.0,1.6,2208321
Saxony-Anhalt,1480,44,23.6,22.2,2020-04-25,67,35,39,23,1.7,0,0.9,1.6,2208321
Saxony-Anhalt,1494,14,20.6,22.2,2020-04-26,68,36,40,24,1.5,1,0.9,1.6,2208321
Saxony-Anhalt,1515,21,20.9,24,2020-04-27,69,36,41,25,1.5,0,0.9,1.6,2208321
Saxony-Anhalt,1520,5,19.6,19,2020-04-28,69,39,42,26,1.4,3,1.0,1.8,2208321
Saxony-Anhalt,1525,5,18.6,17.8,2020-04-29,69,39,43,27,1.3,0,0.9,1.8,2208321
Saxony-Anhalt,1549,24,17.7,13.8,2020-04-30,70,43,44,28,1.2,4,1.3,1.9,2208321
Saxony-Anhalt,1564,15,18.3,14,2020-05-01,71,44,45,29,1.2,1,1.3,2.0,2208321
Saxony-Anhalt,1571,7,13.0,11.2,2020-05-02,71,44,46,30,0.9,0,1.3,2.0,2208321
Saxony-Anhalt,1576,5,11.7,11.2,2020-05-03,71,44,47,31,0.8,0,1.1,2.0,2208321
Saxony-Anhalt,1578,2,9.0,10.6,2020-05-04,71,45,48,32,0.6,1,1.3,2.0,2208321
Saxony-Anhalt,1585,7,9.3,7.2,2020-05-05,72,46,49,33,0.6,1,1.0,2.1,2208321
Saxony-Anhalt,1590,5,9.3,5.2,2020-05-06,72,46,50,34,0.6,0,1.0,2.1,2208321
Saxony-Anhalt,1602,12,7.6,6.2,2020-05-07,73,48,51,35,0.5,2,0.7,2.2,2208321
Saxony-Anhalt,1615,13,7.3,7.8,2020-05-08,73,48,52,36,0.5,0,0.6,2.2,2208321
Saxony-Anhalt,1637,22,9,12,2020-05-09,74,48,53,37,0.6,0,0.6,2.2,2208321
Saxony-Anhalt,1640,3,9,11,2020-05-10,74,48,54,38,0.6,0,0.6,2.2,2208321
Saxony-Anhalt,1643,3,9,11,2020-05-11,74,48,55,39,0.6,0,0.4,2.2,2208321
Saxony-Anhalt,1648,5,9,9,2020-05-12,75,50,56,40,0.6,2,0.6,2.3,2208321
Saxony-Anhalt,1650,2,9,7,2020-05-13,75,52,57,41,0.5,2,0.9,2.4,2208321
Saxony-Anhalt,1656,6,8,4,2020-05-14,75,52,58,42,0.5,0,0.6,2.4,2208321
Saxony-Anhalt,1668,12,8,6,2020-05-15,76,54,59,43,0.5,2,0.9,2.4,2208321
Saxony-Anhalt,1676,8,6,7,2020-05-16,76,54,60,44,0.3,0,0.9,2.4,2208321
Saxony-Anhalt,1676,0,5,6,2020-05-17,76,54,61,45,0.3,0,0.9,2.4,2208321
Saxony-Anhalt,1678,2,5,6,2020-05-18,76,54,62,46,0.3,0,0.9,2.4,2208321
Saxony-Anhalt,1679,1,4,5,2020-05-19,76,54,63,47,0.3,0,0.6,2.4,2208321
Saxony-Anhalt,1680,1,4,2,2020-05-20,76,54,64,48,0.3,0,0.3,2.4,2208321
Saxony-Anhalt,1689,9,5,3,2020-05-21,76,54,65,49,0.3,0,0.3,2.4,2208321
Saxony-Anhalt,1692,3,3,3,2020-05-22,77,54,66,50,0.2,0,0.0,2.4,2208321
Saxony-Anhalt,1692,0,2,3,2020-05-23,77,54,67,51,0.1,0,0.0,2.4,2208321
Saxony-Anhalt,1694,2,3,3,2020-05-24,77,54,68,52,0.2,0,0.0,2.4,2208321
Schleswig-Holstein,103,0,0,0,2020-03-15,3,0,1,0,0,0,0,0.0,2896712
Schleswig-Holstein,123,20,0,0,2020-03-16,4,0,2,0,0,0,0,0.0,2896712
Schleswig-Holstein,127,23,0,0,2020-03-17,4,0,3,0,0,0,0,0.0,2896712
Schleswig-Holstein,159,32,0,0,2020-03-18,6,0,4,0,0,0,0,0.0,2896712
Schleswig-Holstein,202,43,0,0,2020-03-19,7,0,5,0,0,0,0,0.0,2896712
Schleswig-Holstein,266,64,0,36,2020-03-20,9,1,6,0,0,1,0,0.0,2896712
Schleswig-Holstein,308,42,32,41,2020-03-21,11,1,7,0,0,0,0.1,0.0,2896712
Schleswig-Holstein,347,39,38,44,2020-03-22,12,1,8,0,20.4,0,0.1,0.0,2896712
Schleswig-Holstein,383,36,40,45,2020-03-23,13,1,9,0,18.2,0,0.1,0.0,2896712
Schleswig-Holstein,478,95,50,55,2020-03-24,17,2,10,0,19.6,1,0.3,0.1,2896712
Schleswig-Holstein,577,99,60,62,2020-03-25,20,3,11,0,19.5,1,0.4,0.1,2896712
Schleswig-Holstein,675,98,68,73,2020-03-26,23,3,12,0,18.5,0,0.4,0.1,2896712
Schleswig-Holstein,812,137,78,93,2020-03-27,28,4,13,0,18.0,1,0.4,0.1,2896712
Schleswig-Holstein,915,103,87,106,2020-03-28,32,4,14,0,17.0,0,0.4,0.1,2896712
Schleswig-Holstein,1005,90,94,105,2020-03-29,35,6,15,1,15.7,2,0.7,0.2,2896712
Schleswig-Holstein,1049,44,95,94,2020-03-30,36,7,16,2,13.7,1,0.9,0.2,2896712
Schleswig-Holstein,1120,71,92,89,2020-03-31,39,9,17,3,11.6,2,1.0,0.3,2896712
Schleswig-Holstein,1246,126,96,87,2020-04-01,43,10,18,4,10.9,1,1.0,0.3,2896712
Schleswig-Holstein,1335,89,94,84,2020-04-02,46,11,19,5,9.7,1,1.1,0.4,2896712
Schleswig-Holstein,1443,108,90,88,2020-04-03,50,15,20,6,8.4,4,1.6,0.5,2896712
Schleswig-Holstein,1559,116,92,102,2020-04-04,54,17,21,7,7.9,2,1.9,0.6,2896712
Schleswig-Holstein,1631,72,89,102,2020-04-05,56,18,22,8,7.1,1,1.7,0.6,2896712
Schleswig-Holstein,1671,40,89,85,2020-04-06,58,20,23,9,6.6,2,1.9,0.7,2896712
Schleswig-Holstein,1730,59,87,79,2020-04-07,60,24,24,10,6.1,4,2.1,0.8,2896712
Schleswig-Holstein,1827,97,83,77,2020-04-08,63,28,25,11,5.5,4,2.6,1.0,2896712
Schleswig-Holstein,1932,105,85,75,2020-04-09,67,34,26,12,5.3,6,3.3,1.2,2896712
Schleswig-Holstein,2029,97,84,80,2020-04-10,70,38,27,13,5.0,4,3.3,1.3,2896712
Schleswig-Holstein,2065,36,72,79,2020-04-11,71,39,28,14,4.1,1,3.1,1.3,2896712
Schleswig-Holstein,2118,53,70,78,2020-04-12,73,41,29,15,3.8,2,3.3,1.4,2896712
Schleswig-Holstein,2134,16,66,61,2020-04-13,74,44,30,16,3.5,3,3.4,1.5,2896712
Schleswig-Holstein,2164,30,62,46,2020-04-14,75,49,31,17,3.1,5,3.6,1.7,2896712
Schleswig-Holstein,2245,81,60,43,2020-04-15,78,54,32,18,2.9,5,3.7,1.9,2896712
Schleswig-Holstein,2294,49,52,46,2020-04-16,79,55,33,19,2.5,1,3.0,1.9,2896712
Schleswig-Holstein,2349,81,49,51,2020-04-17,81,59,34,20,2.3,4,3.0,2.0,2896712
Schleswig-Holstein,2387,38,50,56,2020-04-18,82,61,35,21,2.3,2,3.1,2.1,2896712
Schleswig-Holstein,2417,30,46,56,2020-04-19,83,62,36,22,2.1,1,3.0,2.1,2896712
Schleswig-Holstein,2426,9,45,41,2020-04-20,84,67,37,23,2.0,5,3.3,2.3,2896712
Schleswig-Holstein,2414,-12,39,29,2020-04-21,83,70,38,24,1.7,3,3.0,2.4,2896712
Schleswig-Holstein,2496,82,40,29,2020-04-22,87,79,39,25,1.7,9,3.6,2.7,2896712
Schleswig-Holstein,2530,34,37,29,2020-04-23,87,84,40,26,1.6,5,4.1,2.9,2896712
Schleswig-Holstein,2557,27,30,28,2020-04-24,88,88,41,27,1.2,4,4.1,3.0,2896712
Schleswig-Holstein,2612,55,32,37,2020-04-25,90,95,42,28,1.3,7,4.9,3.3,2896712
Schleswig-Holstein,2630,18,30,43,2020-04-26,91,96,43,29,1.2,1,4.9,3.3,2896712
Schleswig-Holstein,2638,8,30,28,2020-04-27,91,98,44,30,1.2,2,4.4,3.4,2896712
Schleswig-Holstein,2653,15,34,25,2020-04-28,92,101,45,31,1.3,3,4.4,3.5,2896712
Schleswig-Holstein,2679,26,26,24,2020-04-29,92,103,46,32,1.0,2,3.4,3.6,2896712
Schleswig-Holstein,2690,11,23,16,2020-04-30,93,106,47,33,0.9,3,3.1,3.7,2896712
Schleswig-Holstein,2714,24,22,17,2020-05-01,94,110,48,34,0.9,4,3.1,3.8,2896712
Schleswig-Holstein,2728,14,17,18,2020-05-02,94,112,49,35,0.6,2,2.4,3.9,2896712
Schleswig-Holstein,2738,10,15,17,2020-05-03,95,113,50,36,0.6,1,2.4,3.9,2896712
Schleswig-Holstein,2788,50,21,22,2020-05-04,96,113,51,37,0.8,0,2.1,3.9,2896712
Schleswig-Holstein,2799,11,21,22,2020-05-05,97,118,52,38,0.8,5,2.4,4.1,2896712
Schleswig-Holstein,2815,16,19,20,2020-05-06,97,119,53,39,0.7,1,2.3,4.1,2896712
Schleswig-Holstein,2834,19,21,21,2020-05-07,98,120,54,40,0.7,1,2.0,4.1,2896712
Schleswig-Holstein,2860,26,21,24,2020-05-08,99,122,55,41,0.8,2,1.7,4.2,2896712
Schleswig-Holstein,2898,38,24,22,2020-05-09,100,122,56,42,0.9,0,1.4,4.2,2896712
Schleswig-Holstein,2938,40,29,28,2020-05-10,101,123,57,43,1.0,1,1.4,4.2,2896712
Schleswig-Holstein,2957,19,24,28,2020-05-11,102,124,58,44,0.8,1,1.6,4.3,2896712
Schleswig-Holstein,2956,-1,22,24,2020-05-12,102,125,59,45,0.8,1,1.0,4.3,2896712
Schleswig-Holstein,2972,16,22,22,2020-05-13,103,125,60,46,0.8,0,0.9,4.3,2896712
Schleswig-Holstein,2982,10,21,17,2020-05-14,103,125,61,47,0.7,0,0.7,4.3,2896712
Schleswig-Holstein,2988,6,18,10,2020-05-15,103,126,62,48,0.6,1,0.6,4.3,2896712
Schleswig-Holstein,2998,10,14,8,2020-05-16,103,126,63,49,0.5,0,0.6,4.3,2896712
Schleswig-Holstein,3000,2,9,9,2020-05-17,104,126,64,50,0.3,0,0.4,4.3,2896712
Schleswig-Holstein,3002,2,6,6,2020-05-18,104,126,65,51,0.2,0,0.3,4.3,2896712
Schleswig-Holstein,3002,0,7,4,2020-05-19,104,128,66,52,0.2,2,0.4,4.4,2896712
Schleswig-Holstein,3014,12,6,5,2020-05-20,104,131,67,53,0.2,3,0.9,4.5,2896712
Schleswig-Holstein,3021,7,6,5,2020-05-21,104,134,68,54,0.2,3,1.3,4.6,2896712
Schleswig-Holstein,3039,18,7,8,2020-05-22,105,134,69,55,0.2,0,1.1,4.6,2896712
Schleswig-Holstein,3062,23,9,12,2020-05-23,106,136,70,56,0.3,2,1.4,4.7,2896712
Schleswig-Holstein,3062,0,9,12,2020-05-24,106,137,71,57,0.3,1,1.6,4.7,2896712
Thuringia,36,0,0,0,2020-03-15,2,0,0,0,0.0,0,0.0,0.0,2143145
Thuringia,36,0,0,0,2020-03-16,2,0,0,0,0.0,0,0,0.0,2143145
Thuringia,51,15,0,0,2020-03-17,2,0,0,0,0.0,0,0,0.0,2143145
Thuringia,74,23,0,0,2020-03-18,4,0,0,0,0.0,0,0.0,0.0,2143145
Thuringia,98,24,0,12.4,2020-03-19,5,0,0,0,0.0,0,0.0,0.0,2143145
Thuringia,149,51,0,22.6,2020-03-20,7,0,1,0,0.0,0,0.0,0.0,2143145
Thuringia,187,38,21.6,30.2,2020-03-21,9,0,2,0,0.0,0,0.0,0.0,2143145
Thuringia,216,29,25.7,33,2020-03-22,10,0,3,0,28.5,0,0.0,0.0,2143145
Thuringia,249,33,30.4,35,2020-03-23,12,0,4,0,26.3,0,0.0,0.0,2143145
Thuringia,327,78,39.4,45.8,2020-03-24,15,1,5,0,27.0,1,0.1,0.0,2143145
Thuringia,394,67,45.7,49,2020-03-25,18,1,6,0,24.6,0,0.1,0.0,2143145
Thuringia,468,74,52.9,56.2,2020-03-26,22,3,7,0,22.8,2,0.4,0.1,2143145
Thuringia,542,74,56.1,65.2,2020-03-27,25,4,8,0,19.7,1,0.6,0.2,2143145
Thuringia,584,42,56.7,67,2020-03-28,27,5,9,1,16.7,1,0.7,0.2,2143145
Thuringia,697,113,68.7,74,2020-03-29,33,5,10,2,17.3,0,0.7,0.2,2143145
Thuringia,719,22,67.1,65,2020-03-30,34,5,11,3,14.4,0,0.7,0.2,2143145
Thuringia,784,65,65.3,63.2,2020-03-31,37,6,12,4,12.2,1,0.7,0.3,2143145
Thuringia,860,76,66.6,63.6,2020-04-01,40,6,13,5,11.1,0,0.7,0.3,2143145
Thuringia,925,65,65.3,68.2,2020-04-02,43,7,14,6,9.8,1,0.6,0.3,2143145
Thuringia,982,57,62.9,57,2020-04-03,46,9,15,7,8.6,2,0.7,0.4,2143145
Thuringia,1072,90,69.7,70.6,2020-04-04,50,10,16,8,8.8,1,0.7,0.5,2143145
Thuringia,1140,68,63.3,71.2,2020-04-05,53,10,17,9,7.3,0,0.7,0.5,2143145
Thuringia,1176,36,65.3,63.2,2020-04-06,55,12,18,10,7.1,2,1.0,0.6,2143145
Thuringia,1208,32,60.6,56.6,2020-04-07,56,18,19,11,6.1,6,1.7,0.8,2143145
Thuringia,1285,77,60.7,60.6,2020-04-08,60,20,20,12,5.8,2,2.0,0.9,2143145
Thuringia,1351,66,60.9,55.8,2020-04-09,63,20,21,13,5.5,0,1.9,0.9,2143145
Thuringia,1416,65,62.0,55.2,2020-04-10,66,24,22,14,5.3,4,2.1,1.1,2143145
Thuringia,1435,19,51.9,51.8,2020-04-11,67,25,23,15,4.2,1,2.1,1.2,2143145
Thuringia,1464,29,46.3,51.2,2020-04-12,68,25,24,16,3.6,0,2.1,1.2,2143145
Thuringia,1485,21,44.1,40,2020-04-13,69,27,25,17,3.3,2,2.1,1.3,2143145
Thuringia,1504,19,42.3,30.6,2020-04-14,70,31,26,18,3.1,4,1.9,1.4,2143145
Thuringia,1550,46,37.9,26.8,2020-04-15,72,38,27,19,2.7,7,2.6,1.8,2143145
Thuringia,1601,51,35.7,33.2,2020-04-16,75,45,28,20,2.4,7,3.6,2.1,2143145
Thuringia,1682,81,38.0,43.6,2020-04-17,78,49,29,21,2.5,4,3.6,2.3,2143145
Thuringia,1717,35,40.3,46.4,2020-04-18,80,50,30,22,2.6,1,3.6,2.3,2143145
Thuringia,1756,39,41.7,50.4,2020-04-19,82,53,31,23,2.7,3,4.0,2.5,2143145
Thuringia,1785,29,42.9,47,2020-04-20,83,53,32,24,2.7,0,3.7,2.5,2143145
Thuringia,1798,13,42.0,39.4,2020-04-21,84,55,33,25,2.5,2,3.4,2.6,2143145
Thuringia,1872,74,46.0,38,2020-04-22,87,61,34,26,2.7,6,3.3,2.8,2143145
Thuringia,1932,60,47.3,43,2020-04-23,90,61,35,27,2.7,0,2.3,2.8,2143145
Thuringia,2023,91,48.7,53.4,2020-04-24,94,65,36,28,2.7,4,2.3,3.0,2143145
Thuringia,2058,35,48.7,54.6,2020-04-25,96,71,37,29,2.6,6,3.0,3.3,2143145
Thuringia,2098,40,48.9,60,2020-04-26,98,73,38,30,2.6,2,2.9,3.4,2143145
Thuringia,2120,22,47.9,49.6,2020-04-27,99,74,39,31,2.5,1,3.0,3.5,2143145
Thuringia,2144,24,49.4,42.4,2020-04-28,100,78,40,32,2.5,4,3.3,3.6,2143145
Thuringia,2170,26,42.6,29.4,2020-04-29,101,80,41,33,2.1,2,2.7,3.7,2143145
Thuringia,2254,84,46.0,39.2,2020-04-30,105,85,42,34,2.2,5,3.4,4.0,2143145
Thuringia,2323,69,42.9,45,2020-05-01,108,93,43,35,2.0,8,4.0,4.3,2143145
Thuringia,2335,12,39.6,43,2020-05-02,109,93,44,36,1.8,0,3.1,4.3,2143145
Thuringia,2345,10,35.3,40.2,2020-05-03,109,93,45,37,1.6,0,2.9,4.3,2143145
Thuringia,2355,10,33.6,37,2020-05-04,110,96,46,38,1.5,3,3.1,4.5,2143145
Thuringia,2392,37,35.4,27.6,2020-05-05,112,99,47,39,1.6,3,3.0,4.6,2143145
Thuringia,2429,37,37.0,21.2,2020-05-06,113,104,48,40,1.6,5,3.4,4.9,2143145
Thuringia,2452,23,28.3,23.4,2020-05-07,114,109,49,41,1.2,5,3.4,5.1,2143145
Thuringia,2512,60,27.0,33.4,2020-05-08,117,112,50,42,1.1,3,2.7,5.2,2143145
Thuringia,2533,21,28,36,2020-05-09,118,115,51,43,1.2,3,3.1,5.4,2143145
Thuringia,2556,23,30,33,2020-05-10,119,117,52,44,1.2,2,3.4,5.5,2143145
Thuringia,2585,29,33,31,2020-05-11,121,118,53,45,1.3,1,3.1,5.5,2143145
Thuringia,2594,9,29,28,2020-05-12,121,118,54,46,1.2,0,2.7,5.5,2143145
Thuringia,2622,28,28,22,2020-05-13,122,126,55,47,1.1,8,3.1,5.9,2143145
Thuringia,2652,30,29,24,2020-05-14,124,131,56,48,1.1,5,3.1,6.1,2143145
Thuringia,2681,29,24,25,2020-05-15,125,135,57,49,0.9,4,3.3,6.3,2143145
Thuringia,2711,30,25,25,2020-05-16,126,137,58,50,1.0,2,3.1,6.4,2143145
Thuringia,2725,14,24,26,2020-05-17,127,138,59,51,0.9,1,3.0,6.4,2143145
Thuringia,2740,15,22,24,2020-05-18,128,139,60,52,0.8,1,3.0,6.5,2143145
Thuringia,2750,10,22,20,2020-05-19,128,147,61,53,0.8,8,4.1,6.9,2143145
Thuringia,2760,10,20,16,2020-05-20,129,149,62,54,0.7,2,3.3,7.0,2143145
Thuringia,2796,36,21,17,2020-05-21,130,151,63,55,0.8,2,2.9,7.0,2143145
Thuringia,2818,22,20,19,2020-05-22,131,151,64,56,0.7,0,2.3,7.0,2143145
Thuringia,2830,12,17,18,2020-05-23,132,151,65,57,0.6,0,2.0,7.0,2143145
Thuringia,2857,27,19,21,2020-05-24,133,152,66,58,0.7,1,2.0,7.1,2143145