dateRep,countryterritoryCode,cum_cases,cum_deaths,Days_10cases,Days_5deaths,cases_doubling,case_type
2019-12-31,BEL,0,0,0,0,12,cases
2020-01-01,BEL,0,0,0,0,12,cases
2020-01-02,BEL,0,0,0,0,12,cases
2020-01-03,BEL,0,0,0,0,12,cases
2020-01-04,BEL,0,0,0,0,12,cases
2020-01-05,BEL,0,0,0,0,12,cases
2020-01-06,BEL,0,0,0,0,12,cases
2020-01-07,BEL,0,0,0,0,12,cases
2020-01-08,BEL,0,0,0,0,12,cases
2020-01-09,BEL,0,0,0,0,12,cases
2020-01-10,BEL,0,0,0,0,12,cases
2020-01-11,BEL,0,0,0,0,12,cases
2020-01-12,BEL,0,0,0,0,12,cases
2020-01-13,BEL,0,0,0,0,12,cases
2020-01-14,BEL,0,0,0,0,12,cases
2020-01-15,BEL,0,0,0,0,12,cases
2020-01-16,BEL,0,0,0,0,12,cases
2020-01-17,BEL,0,0,0,0,12,cases
2020-01-18,BEL,0,0,0,0,12,cases
2020-01-19,BEL,0,0,0,0,12,cases
2020-01-20,BEL,0,0,0,0,12,cases
2020-01-21,BEL,0,0,0,0,12,cases
2020-01-22,BEL,0,0,0,0,12,cases
2020-01-23,BEL,0,0,0,0,12,cases
2020-01-24,BEL,0,0,0,0,12,cases
2020-01-25,BEL,0,0,0,0,12,cases
2020-01-26,BEL,0,0,0,0,12,cases
2020-01-27,BEL,0,0,0,0,12,cases
2020-01-28,BEL,0,0,0,0,12,cases
2020-01-29,BEL,0,0,0,0,12,cases
2020-01-30,BEL,0,0,0,0,12,cases
2020-01-31,BEL,0,0,0,0,12,cases
2020-02-01,BEL,0,0,0,0,12,cases
2020-02-02,BEL,0,0,0,0,12,cases
2020-02-03,BEL,0,0,0,0,12,cases
2020-02-04,BEL,1,0,0,0,12,cases
2020-02-05,BEL,1,0,0,0,12,cases
2020-02-06,BEL,1,0,0,0,12,cases
2020-02-07,BEL,1,0,0,0,12,cases
2020-02-08,BEL,1,0,0,0,12,cases
2020-02-09,BEL,1,0,0,0,12,cases
2020-02-10,BEL,1,0,0,0,12,cases
2020-02-11,BEL,1,0,0,0,12,cases
2020-02-12,BEL,1,0,0,0,12,cases
2020-02-13,BEL,1,0,0,0,12,cases
2020-02-14,BEL,1,0,0,0,12,cases
2020-02-15,BEL,1,0,0,0,12,cases
2020-02-16,BEL,1,0,0,0,12,cases
2020-02-17,BEL,1,0,0,0,12,cases
2020-02-18,BEL,1,0,0,0,12,cases
2020-02-19,BEL,1,0,0,0,12,cases
2020-02-20,BEL,1,0,0,0,12,cases
2020-02-21,BEL,1,0,0,0,12,cases
2020-02-22,BEL,1,0,0,0,12,cases
2020-02-23,BEL,1,0,0,0,12,cases
2020-02-24,BEL,1,0,0,0,12,cases
2020-02-25,BEL,1,0,0,0,12,cases
2020-02-26,BEL,1,0,0,0,12,cases
2020-02-27,BEL,1,0,0,0,12,cases
2020-02-28,BEL,1,0,0,0,12,cases
2020-02-29,BEL,1,0,0,0,12,cases
2020-03-01,BEL,1,0,0,0,12,cases
2020-03-02,BEL,2,0,0,0,12,cases
2020-03-03,BEL,8,0,0,0,12,cases
2020-03-04,BEL,13,0,1,0,2,cases
2020-03-05,BEL,23,0,2,0,2,cases
2020-03-06,BEL,50,0,3,0,1,cases
2020-03-07,BEL,109,0,4,0,1,cases
2020-03-08,BEL,169,0,5,0,2,cases
2020-03-09,BEL,200,0,6,0,3,cases
2020-03-10,BEL,239,0,7,0,3,cases
2020-03-11,BEL,267,0,8,0,4,cases
2020-03-12,BEL,314,3,9,0,5,cases
2020-03-13,BEL,399,3,10,0,5,cases
2020-03-14,BEL,559,3,11,0,3,cases
2020-03-15,BEL,689,4,12,0,3,cases
2020-03-16,BEL,886,4,13,0,3,cases
2020-03-17,BEL,1085,5,14,1,4,cases
2020-03-18,BEL,1243,5,15,2,4,cases
2020-03-19,BEL,1486,14,16,3,4,cases
2020-03-20,BEL,1795,21,17,4,4,cases
2020-03-21,BEL,2257,37,18,5,4,cases
2020-03-22,BEL,2815,67,19,6,4,cases
2020-03-23,BEL,3401,75,20,7,4,cases
2020-03-24,BEL,3743,88,21,8,4,cases
2020-03-25,BEL,4269,122,22,9,5,cases
2020-03-26,BEL,4937,178,23,10,5,cases
2020-03-27,BEL,6235,220,24,11,5,cases
2020-03-28,BEL,7284,289,25,12,5,cases
2020-03-29,BEL,9134,353,26,13,4,cases
2020-03-30,BEL,10836,431,27,14,4,cases
2020-03-31,BEL,11899,513,28,15,5,cases
2020-04-01,BEL,12775,705,29,16,5,cases
2020-04-02,BEL,13964,828,30,17,6,cases
2020-04-03,BEL,15348,1011,31,18,6,cases
2020-04-04,BEL,16770,1143,32,19,7,cases
2020-04-05,BEL,18431,1283,33,20,7,cases
2020-04-06,BEL,19691,1447,34,21,8,cases
2020-04-07,BEL,20814,1632,35,22,9,cases
2020-04-08,BEL,22194,2035,36,23,9,cases
2020-04-09,BEL,23403,2240,37,24,10,cases
2020-04-10,BEL,24983,2523,38,25,10,cases
2020-04-11,BEL,26667,3019,39,26,10,cases
2020-04-12,BEL,28018,3346,40,27,10,cases
2020-04-13,BEL,29647,3600,41,28,11,cases
2020-04-14,BEL,30589,3903,42,29,11,cases
2019-12-31,CAN,0,0,0,0,12,cases
2020-01-01,CAN,0,0,0,0,12,cases
2020-01-02,CAN,0,0,0,0,12,cases
2020-01-03,CAN,0,0,0,0,12,cases
2020-01-04,CAN,0,0,0,0,12,cases
2020-01-05,CAN,0,0,0,0,12,cases
2020-01-06,CAN,0,0,0,0,12,cases
2020-01-07,CAN,0,0,0,0,12,cases
2020-01-08,CAN,0,0,0,0,12,cases
2020-01-09,CAN,0,0,0,0,12,cases
2020-01-10,CAN,0,0,0,0,12,cases
2020-01-11,CAN,0,0,0,0,12,cases
2020-01-12,CAN,0,0,0,0,12,cases
2020-01-13,CAN,0,0,0,0,12,cases
2020-01-14,CAN,0,0,0,0,12,cases
2020-01-15,CAN,0,0,0,0,12,cases
2020-01-16,CAN,0,0,0,0,12,cases
2020-01-17,CAN,0,0,0,0,12,cases
2020-01-18,CAN,0,0,0,0,12,cases
2020-01-19,CAN,0,0,0,0,12,cases
2020-01-20,CAN,0,0,0,0,12,cases
2020-01-21,CAN,0,0,0,0,12,cases
2020-01-22,CAN,0,0,0,0,12,cases
2020-01-23,CAN,0,0,0,0,12,cases
2020-01-24,CAN,0,0,0,0,12,cases
2020-01-25,CAN,0,0,0,0,12,cases
2020-01-26,CAN,1,0,0,0,12,cases
2020-01-27,CAN,1,0,0,0,12,cases
2020-01-28,CAN,2,0,0,0,12,cases
2020-01-29,CAN,3,0,0,0,12,cases
2020-01-30,CAN,3,0,0,0,12,cases
2020-01-31,CAN,3,0,0,0,12,cases
2020-02-01,CAN,4,0,0,0,12,cases
2020-02-02,CAN,4,0,0,0,12,cases
2020-02-03,CAN,4,0,0,0,12,cases
2020-02-04,CAN,4,0,0,0,12,cases
2020-02-05,CAN,5,0,0,0,12,cases
2020-02-06,CAN,5,0,0,0,12,cases
2020-02-07,CAN,7,0,0,0,12,cases
2020-02-08,CAN,7,0,0,0,12,cases
2020-02-09,CAN,7,0,0,0,12,cases
2020-02-10,CAN,7,0,0,0,12,cases
2020-02-11,CAN,7,0,0,0,12,cases
2020-02-12,CAN,7,0,0,0,12,cases
2020-02-13,CAN,7,0,0,0,12,cases
2020-02-14,CAN,7,0,0,0,12,cases
2020-02-15,CAN,8,0,0,0,12,cases
2020-02-16,CAN,8,0,0,0,12,cases
2020-02-17,CAN,8,0,0,0,12,cases
2020-02-18,CAN,8,0,0,0,12,cases
2020-02-19,CAN,8,0,0,0,12,cases
2020-02-20,CAN,8,0,0,0,12,cases
2020-02-21,CAN,9,0,0,0,12,cases
2020-02-22,CAN,9,0,0,0,12,cases
2020-02-23,CAN,9,0,0,0,12,cases
2020-02-24,CAN,9,0,0,0,12,cases
2020-02-25,CAN,11,0,1,0,11,cases
2020-02-26,CAN,11,0,2,0,11,cases
2020-02-27,CAN,12,0,3,0,11,cases
2020-02-28,CAN,14,0,4,0,11,cases
2020-02-29,CAN,16,0,5,0,9,cases
2020-03-01,CAN,20,0,6,0,6,cases
2020-03-02,CAN,24,0,7,0,4,cases
2020-03-03,CAN,27,0,8,0,5,cases
2020-03-04,CAN,30,0,9,0,5,cases
2020-03-05,CAN,33,0,10,0,5,cases
2020-03-06,CAN,45,0,11,0,5,cases
2020-03-07,CAN,51,0,12,0,5,cases
2020-03-08,CAN,57,0,13,0,5,cases
2020-03-09,CAN,62,0,14,0,5,cases
2020-03-10,CAN,77,1,15,0,5,cases
2020-03-11,CAN,93,1,16,0,5,cases
2020-03-12,CAN,103,1,17,0,5,cases
2020-03-13,CAN,138,1,18,0,4,cases
2020-03-14,CAN,176,1,19,0,4,cases
2020-03-15,CAN,244,1,20,0,3,cases
2020-03-16,CAN,304,1,21,0,3,cases
2020-03-17,CAN,424,4,22,0,3,cases
2020-03-18,CAN,569,8,23,1,3,cases
2020-03-19,CAN,690,9,24,2,3,cases
2020-03-20,CAN,846,10,25,3,4,cases
2020-03-21,CAN,971,12,26,4,4,cases
2020-03-22,CAN,1231,13,27,5,4,cases
2020-03-23,CAN,1430,18,28,6,4,cases
2020-03-24,CAN,1646,24,29,7,5,cases
2020-03-25,CAN,1959,27,30,8,4,cases
2020-03-26,CAN,3385,35,31,9,2,cases
2020-03-27,CAN,4018,39,32,10,2,cases
2020-03-28,CAN,4689,53,33,11,3,cases
2020-03-29,CAN,5386,60,34,12,4,cases
2020-03-30,CAN,6255,61,35,13,5,cases
2020-03-31,CAN,7424,89,36,14,5,cases
2020-04-01,CAN,8536,96,37,15,5,cases
2020-04-02,CAN,9595,109,38,16,5,cases
2020-04-03,CAN,11268,138,39,17,5,cases
2020-04-04,CAN,12519,187,40,18,5,cases
2020-04-05,CAN,13882,231,41,19,6,cases
2020-04-06,CAN,15496,280,42,20,6,cases
2020-04-07,CAN,16653,323,43,21,7,cases
2020-04-08,CAN,17883,380,44,22,7,cases
2020-04-09,CAN,19274,435,45,23,7,cases
2020-04-10,CAN,20748,509,46,24,8,cases
2020-04-11,CAN,22133,569,47,25,9,cases
2020-04-12,CAN,23301,653,48,26,9,cases
2020-04-13,CAN,24365,717,49,27,10,cases
2020-04-14,CAN,25663,780,50,28,10,cases
2019-12-31,DEU,0,0,0,0,12,cases
2020-01-01,DEU,0,0,0,0,12,cases
2020-01-02,DEU,0,0,0,0,12,cases
2020-01-03,DEU,0,0,0,0,12,cases
2020-01-04,DEU,0,0,0,0,12,cases
2020-01-05,DEU,0,0,0,0,12,cases
2020-01-06,DEU,0,0,0,0,12,cases
2020-01-07,DEU,0,0,0,0,12,cases
2020-01-08,DEU,0,0,0,0,12,cases
2020-01-09,DEU,0,0,0,0,12,cases
2020-01-10,DEU,0,0,0,0,12,cases
2020-01-11,DEU,0,0,0,0,12,cases
2020-01-12,DEU,0,0,0,0,12,cases
2020-01-13,DEU,0,0,0,0,12,cases
2020-01-14,DEU,0,0,0,0,12,cases
2020-01-15,DEU,0,0,0,0,12,cases
2020-01-16,DEU,0,0,0,0,12,cases
2020-01-17,DEU,0,0,0,0,12,cases
2020-01-18,DEU,0,0,0,0,12,cases
2020-01-19,DEU,0,0,0,0,12,cases
2020-01-20,DEU,0,0,0,0,12,cases
2020-01-21,DEU,0,0,0,0,12,cases
2020-01-22,DEU,0,0,0,0,12,cases
2020-01-23,DEU,0,0,0,0,12,cases
2020-01-24,DEU,0,0,0,0,12,cases
2020-01-25,DEU,0,0,0,0,12,cases
2020-01-26,DEU,0,0,0,0,12,cases
2020-01-27,DEU,0,0,0,0,12,cases
2020-01-28,DEU,1,0,0,0,12,cases
2020-01-29,DEU,4,0,0,0,12,cases
2020-01-30,DEU,4,0,0,0,12,cases
2020-01-31,DEU,5,0,0,0,12,cases
2020-02-01,DEU,7,0,0,0,12,cases
2020-02-02,DEU,8,0,0,0,12,cases
2020-02-03,DEU,9,0,0,0,12,cases
2020-02-04,DEU,11,0,1,0,4,cases
2020-02-05,DEU,11,0,2,0,5,cases
2020-02-06,DEU,11,0,3,0,6,cases
2020-02-07,DEU,12,0,4,0,7,cases
2020-02-08,DEU,13,0,5,0,8,cases
2020-02-09,DEU,13,0,6,0,9,cases
2020-02-10,DEU,13,0,7,0,10,cases
2020-02-11,DEU,13,0,8,0,11,cases
2020-02-12,DEU,15,0,9,0,11,cases
2020-02-13,DEU,15,0,10,0,11,cases
2020-02-14,DEU,15,0,11,0,11,cases
2020-02-15,DEU,15,0,12,0,11,cases
2020-02-16,DEU,15,0,13,0,11,cases
2020-02-17,DEU,15,0,14,0,11,cases
2020-02-18,DEU,15,0,15,0,11,cases
2020-02-19,DEU,15,0,16,0,11,cases
2020-02-20,DEU,15,0,17,0,11,cases
2020-02-21,DEU,15,0,18,0,11,cases
2020-02-22,DEU,15,0,19,0,11,cases
2020-02-23,DEU,15,0,20,0,11,cases
2020-02-24,DEU,15,0,21,0,11,cases
2020-02-25,DEU,15,0,22,0,11,cases
2020-02-26,DEU,17,0,23,0,11,cases
2020-02-27,DEU,21,0,24,0,11,cases
2020-02-28,DEU,47,0,25,0,1,cases
2020-02-29,DEU,57,0,26,0,2,cases
2020-03-01,DEU,111,0,27,0,2,cases
2020-03-02,DEU,129,0,28,0,2,cases
2020-03-03,DEU,157,0,29,0,3,cases
2020-03-04,DEU,196,0,30,0,4,cases
2020-03-05,DEU,262,0,31,0,3,cases
2020-03-06,DEU,400,0,32,0,2,cases
2020-03-07,DEU,684,0,33,0,2,cases
2020-03-08,DEU,847,0,34,0,2,cases
2020-03-09,DEU,902,0,35,0,3,cases
2020-03-10,DEU,1139,2,36,0,4,cases
2020-03-11,DEU,1296,2,37,0,5,cases
2020-03-12,DEU,1567,3,38,0,5,cases
2020-03-13,DEU,2369,5,39,1,3,cases
2020-03-14,DEU,3062,5,40,2,3,cases
2020-03-15,DEU,3795,8,41,3,3,cases
2020-03-16,DEU,4838,12,42,4,3,cases
2020-03-17,DEU,6012,13,43,5,4,cases
2020-03-18,DEU,7156,13,44,6,4,cases
2020-03-19,DEU,8198,13,45,7,4,cases
2020-03-20,DEU,14138,43,46,8,3,cases
2020-03-21,DEU,18187,45,47,9,2,cases
2020-03-22,DEU,21463,67,48,10,3,cases
2020-03-23,DEU,24774,94,49,11,4,cases
2020-03-24,DEU,29212,126,50,12,4,cases
2020-03-25,DEU,31554,149,51,13,5,cases
2020-03-26,DEU,36508,198,52,14,5,cases
2020-03-27,DEU,42288,253,53,15,6,cases
2020-03-28,DEU,48582,325,54,16,6,cases
2020-03-29,DEU,52547,389,55,17,6,cases
2020-03-30,DEU,57298,455,56,18,7,cases
2020-03-31,DEU,61913,583,57,19,7,cases
2020-04-01,DEU,67366,732,58,20,7,cases
2020-04-02,DEU,73522,872,59,21,7,cases
2020-04-03,DEU,79696,1017,60,22,8,cases
2020-04-04,DEU,85778,1158,61,23,8,cases
2020-04-05,DEU,91714,1342,62,24,9,cases
2020-04-06,DEU,95391,1434,63,25,10,cases
2020-04-07,DEU,99225,1607,64,26,10,cases
2020-04-08,DEU,103228,1861,65,27,11,cases
2020-04-09,DEU,108202,2107,66,28,11,cases
2020-04-10,DEU,113525,2373,67,29,11,cases
2020-04-11,DEU,117658,2544,68,30,11,cases
2020-04-12,DEU,120479,2673,69,31,11,cases
2020-04-13,DEU,123016,2799,70,32,11,cases
2020-04-14,DEU,125098,2969,71,33,11,cases
2019-12-31,ESP,0,0,0,0,12,cases
2020-01-01,ESP,0,0,0,0,12,cases
2020-01-02,ESP,0,0,0,0,12,cases
2020-01-03,ESP,0,0,0,0,12,cases
2020-01-04,ESP,0,0,0,0,12,cases
2020-01-05,ESP,0,0,0,0,12,cases
2020-01-06,ESP,0,0,0,0,12,cases
2020-01-07,ESP,0,0,0,0,12,cases
2020-01-08,ESP,0,0,0,0,12,cases
2020-01-09,ESP,0,0,0,0,12,cases
2020-01-10,ESP,0,0,0,0,12,cases
2020-01-11,ESP,0,0,0,0,12,cases
2020-01-12,ESP,0,0,0,0,12,cases
2020-01-13,ESP,0,0,0,0,12,cases
2020-01-14,ESP,0,0,0,0,12,cases
2020-01-15,ESP,0,0,0,0,12,cases
2020-01-16,ESP,0,0,0,0,12,cases
2020-01-17,ESP,0,0,0,0,12,cases
2020-01-18,ESP,0,0,0,0,12,cases
2020-01-19,ESP,0,0,0,0,12,cases
2020-01-20,ESP,0,0,0,0,12,cases
2020-01-21,ESP,0,0,0,0,12,cases
2020-01-22,ESP,0,0,0,0,12,cases
2020-01-23,ESP,0,0,0,0,12,cases
2020-01-24,ESP,0,0,0,0,12,cases
2020-01-25,ESP,0,0,0,0,12,cases
2020-01-26,ESP,0,0,0,0,12,cases
2020-01-27,ESP,0,0,0,0,12,cases
2020-01-28,ESP,0,0,0,0,12,cases
2020-01-29,ESP,0,0,0,0,12,cases
2020-01-30,ESP,0,0,0,0,12,cases
2020-01-31,ESP,0,0,0,0,12,cases
2020-02-01,ESP,1,0,0,0,12,cases
2020-02-02,ESP,1,0,0,0,12,cases
2020-02-03,ESP,1,0,0,0,12,cases
2020-02-04,ESP,1,0,0,0,12,cases
2020-02-05,ESP,1,0,0,0,12,cases
2020-02-06,ESP,1,0,0,0,12,cases
2020-02-07,ESP,1,0,0,0,12,cases
2020-02-08,ESP,1,0,0,0,12,cases
2020-02-09,ESP,1,0,0,0,12,cases
2020-02-10,ESP,2,0,0,0,12,cases
2020-02-11,ESP,2,0,0,0,12,cases
2020-02-12,ESP,2,0,0,0,12,cases
2020-02-13,ESP,2,0,0,0,12,cases
2020-02-14,ESP,2,0,0,0,12,cases
2020-02-15,ESP,2,0,0,0,12,cases
2020-02-16,ESP,2,0,0,0,12,cases
2020-02-17,ESP,2,0,0,0,12,cases
2020-02-18,ESP,2,0,0,0,12,cases
2020-02-19,ESP,2,0,0,0,12,cases
2020-02-20,ESP,2,0,0,0,12,cases
2020-02-21,ESP,2,0,0,0,12,cases
2020-02-22,ESP,2,0,0,0,12,cases
2020-02-23,ESP,2,0,0,0,12,cases
2020-02-24,ESP,2,0,0,0,12,cases
2020-02-25,ESP,3,0,0,0,12,cases
2020-02-26,ESP,7,0,0,0,12,cases
2020-02-27,ESP,12,0,1,0,2,cases
2020-02-28,ESP,25,0,2,0,1,cases
2020-02-29,ESP,34,0,3,0,2,cases
2020-03-01,ESP,66,0,4,0,2,cases
2020-03-02,ESP,83,0,5,0,2,cases
2020-03-03,ESP,114,0,6,0,3,cases
2020-03-04,ESP,151,0,7,0,3,cases
2020-03-05,ESP,200,1,8,0,3,cases
2020-03-06,ESP,261,3,9,0,3,cases
2020-03-07,ESP,374,5,10,1,3,cases
2020-03-08,ESP,430,5,11,2,3,cases
2020-03-09,ESP,589,5,12,3,3,cases
2020-03-10,ESP,1204,28,13,4,1,cases
2020-03-11,ESP,1639,35,14,5,2,cases
2020-03-12,ESP,2140,47,15,6,3,cases
2020-03-13,ESP,3004,84,16,7,3,cases
2020-03-14,ESP,4231,121,17,8,3,cases
2020-03-15,ESP,5753,136,18,9,3,cases
2020-03-16,ESP,7753,288,19,10,3,cases
2020-03-17,ESP,9191,309,20,11,3,cases
2020-03-18,ESP,11178,491,21,12,4,cases
2020-03-19,ESP,13716,598,22,13,4,cases
2020-03-20,ESP,17147,767,23,14,4,cases
2020-03-21,ESP,19980,1002,24,15,4,cases
2020-03-22,ESP,24926,1326,25,16,4,cases
2020-03-23,ESP,28572,1720,26,17,4,cases
2020-03-24,ESP,33089,2182,27,18,5,cases
2020-03-25,ESP,39673,2696,28,19,5,cases
2020-03-26,ESP,47610,3434,29,20,5,cases
2020-03-27,ESP,56188,4089,30,21,5,cases
2020-03-28,ESP,64059,4858,31,22,5,cases
2020-03-29,ESP,72248,5690,32,23,5,cases
2020-03-30,ESP,78797,6528,33,24,6,cases
2020-03-31,ESP,85195,7340,34,25,6,cases
2020-04-01,ESP,94417,8189,35,26,7,cases
2020-04-02,ESP,102136,9053,36,27,7,cases
2020-04-03,ESP,110238,10003,37,28,8,cases
2020-04-04,ESP,117710,10935,38,29,8,cases
2020-04-05,ESP,124736,11744,39,30,9,cases
2020-04-06,ESP,130759,12418,40,31,9,cases
2020-04-07,ESP,135032,13055,41,32,10,cases
2020-04-08,ESP,140510,13798,42,33,11,cases
2020-04-09,ESP,146690,14555,43,34,11,cases
2020-04-10,ESP,152446,15238,44,35,11,cases
2020-04-11,ESP,157022,15843,45,36,11,cases
2020-04-12,ESP,161852,16353,46,37,11,cases
2020-04-13,ESP,166019,16972,47,38,11,cases
2020-04-14,ESP,169496,17489,48,39,11,cases
2019-12-31,FRA,0,0,0,0,12,cases
2020-01-01,FRA,0,0,0,0,12,cases
2020-01-02,FRA,0,0,0,0,12,cases
2020-01-03,FRA,0,0,0,0,12,cases
2020-01-04,FRA,0,0,0,0,12,cases
2020-01-05,FRA,0,0,0,0,12,cases
2020-01-06,FRA,0,0,0,0,12,cases
2020-01-07,FRA,0,0,0,0,12,cases
2020-01-08,FRA,0,0,0,0,12,cases
2020-01-09,FRA,0,0,0,0,12,cases
2020-01-10,FRA,0,0,0,0,12,cases
2020-01-11,FRA,0,0,0,0,12,cases
2020-01-12,FRA,0,0,0,0,12,cases
2020-01-13,FRA,0,0,0,0,12,cases
2020-01-14,FRA,0,0,0,0,12,cases
2020-01-15,FRA,0,0,0,0,12,cases
2020-01-16,FRA,0,0,0,0,12,cases
2020-01-17,FRA,0,0,0,0,12,cases
2020-01-18,FRA,0,0,0,0,12,cases
2020-01-19,FRA,0,0,0,0,12,cases
2020-01-20,FRA,0,0,0,0,12,cases
2020-01-21,FRA,0,0,0,0,12,cases
2020-01-22,FRA,0,0,0,0,12,cases
2020-01-23,FRA,0,0,0,0,12,cases
2020-01-24,FRA,0,0,0,0,12,cases
2020-01-25,FRA,3,0,0,0,12,cases
2020-01-26,FRA,3,0,0,0,12,cases
2020-01-27,FRA,3,0,0,0,12,cases
2020-01-28,FRA,3,0,0,0,12,cases
2020-01-29,FRA,4,0,0,0,12,cases
2020-01-30,FRA,5,0,0,0,12,cases
2020-01-31,FRA,6,0,0,0,12,cases
2020-02-01,FRA,6,0,0,0,12,cases
2020-02-02,FRA,6,0,0,0,12,cases
2020-02-03,FRA,6,0,0,0,12,cases
2020-02-04,FRA,6,0,0,0,12,cases
2020-02-05,FRA,6,0,0,0,12,cases
2020-02-06,FRA,6,0,0,0,12,cases
2020-02-07,FRA,6,0,0,0,12,cases
2020-02-08,FRA,11,0,1,0,9,cases
2020-02-09,FRA,11,0,2,0,10,cases
2020-02-10,FRA,11,0,3,0,11,cases
2020-02-11,FRA,11,0,4,0,11,cases
2020-02-12,FRA,11,0,5,0,11,cases
2020-02-13,FRA,11,0,6,0,11,cases
2020-02-14,FRA,11,0,7,0,11,cases
2020-02-15,FRA,11,1,8,0,11,cases
2020-02-16,FRA,11,1,9,0,11,cases
2020-02-17,FRA,12,1,10,0,10,cases
2020-02-18,FRA,12,1,11,0,11,cases
2020-02-19,FRA,12,1,12,0,11,cases
2020-02-20,FRA,12,1,13,0,11,cases
2020-02-21,FRA,12,1,14,0,11,cases
2020-02-22,FRA,12,1,15,0,11,cases
2020-02-23,FRA,12,1,16,0,11,cases
2020-02-24,FRA,12,1,17,0,11,cases
2020-02-25,FRA,12,1,18,0,11,cases
2020-02-26,FRA,14,1,19,0,11,cases
2020-02-27,FRA,17,2,20,0,11,cases
2020-02-28,FRA,38,2,21,0,1,cases
2020-02-29,FRA,57,2,22,0,2,cases
2020-03-01,FRA,100,2,23,0,2,cases
2020-03-02,FRA,130,2,24,0,2,cases
2020-03-03,FRA,178,3,25,0,3,cases
2020-03-04,FRA,212,4,26,0,3,cases
2020-03-05,FRA,285,4,27,0,3,cases
2020-03-06,FRA,423,7,28,1,3,cases
2020-03-07,FRA,613,9,29,2,2,cases
2020-03-08,FRA,716,10,30,3,3,cases
2020-03-09,FRA,1126,19,31,4,3,cases
2020-03-10,FRA,1412,30,32,5,3,cases
2020-03-11,FRA,1784,33,33,6,3,cases
2020-03-12,FRA,2281,48,34,7,3,cases
2020-03-13,FRA,2876,61,35,8,3,cases
2020-03-14,FRA,3661,79,36,9,3,cases
2020-03-15,FRA,4499,91,37,10,4,cases
2020-03-16,FRA,5423,127,38,11,4,cases
2020-03-17,FRA,6633,148,39,12,4,cases
2020-03-18,FRA,7730,175,40,13,4,cases
2020-03-19,FRA,9134,244,41,14,4,cases
2020-03-20,FRA,10995,372,42,15,4,cases
2020-03-21,FRA,12612,450,43,16,5,cases
2020-03-22,FRA,14459,562,44,17,5,cases
2020-03-23,FRA,16018,674,45,18,5,cases
2020-03-24,FRA,19856,860,46,19,5,cases
2020-03-25,FRA,22302,1100,47,20,5,cases
2020-03-26,FRA,25233,1331,48,21,5,cases
2020-03-27,FRA,29155,1696,49,22,5,cases
2020-03-28,FRA,32964,1995,50,23,5,cases
2020-03-29,FRA,37575,2314,51,24,6,cases
2020-03-30,FRA,40174,2606,52,25,6,cases
2020-03-31,FRA,44550,3024,53,26,7,cases
2020-04-01,FRA,52128,3523,54,27,6,cases
2020-04-02,FRA,56989,4032,55,28,7,cases
2020-04-03,FRA,59105,4503,56,29,7,cases
2020-04-04,FRA,64338,6507,57,30,8,cases
2020-04-05,FRA,68605,7560,58,31,8,cases
2020-04-06,FRA,70478,8078,59,32,9,cases
2020-04-07,FRA,74390,8911,60,33,10,cases
2020-04-08,FRA,78167,10328,61,34,10,cases
2020-04-09,FRA,82048,10869,62,35,10,cases
2020-04-10,FRA,86334,12210,63,36,11,cases
2020-04-11,FRA,90676,13197,64,37,11,cases
2020-04-12,FRA,93790,13832,65,38,11,cases
2020-04-13,FRA,95403,14393,66,39,11,cases
2020-04-14,FRA,98076,14967,67,40,11,cases
2019-12-31,GBR,0,0,0,0,12,cases
2020-01-01,GBR,0,0,0,0,12,cases
2020-01-02,GBR,0,0,0,0,12,cases
2020-01-03,GBR,0,0,0,0,12,cases
2020-01-04,GBR,0,0,0,0,12,cases
2020-01-05,GBR,0,0,0,0,12,cases
2020-01-06,GBR,0,0,0,0,12,cases
2020-01-07,GBR,0,0,0,0,12,cases
2020-01-08,GBR,0,0,0,0,12,cases
2020-01-09,GBR,0,0,0,0,12,cases
2020-01-10,GBR,0,0,0,0,12,cases
2020-01-11,GBR,0,0,0,0,12,cases
2020-01-12,GBR,0,0,0,0,12,cases
2020-01-13,GBR,0,0,0,0,12,cases
2020-01-14,GBR,0,0,0,0,12,cases
2020-01-15,GBR,0,0,0,0,12,cases
2020-01-16,GBR,0,0,0,0,12,cases
2020-01-17,GBR,0,0,0,0,12,cases
2020-01-18,GBR,0,0,0,0,12,cases
2020-01-19,GBR,0,0,0,0,12,cases
2020-01-20,GBR,0,0,0,0,12,cases
2020-01-21,GBR,0,0,0,0,12,cases
2020-01-22,GBR,0,0,0,0,12,cases
2020-01-23,GBR,0,0,0,0,12,cases
2020-01-24,GBR,0,0,0,0,12,cases
2020-01-25,GBR,0,0,0,0,12,cases
2020-01-26,GBR,0,0,0,0,12,cases
2020-01-27,GBR,0,0,0,0,12,cases
2020-01-28,GBR,0,0,0,0,12,cases
2020-01-29,GBR,0,0,0,0,12,cases
2020-01-30,GBR,0,0,0,0,12,cases
2020-01-31,GBR,2,0,0,0,12,cases
2020-02-01,GBR,2,0,0,0,12,cases
2020-02-02,GBR,2,0,0,0,12,cases
2020-02-03,GBR,2,0,0,0,12,cases
2020-02-04,GBR,2,0,0,0,12,cases
2020-02-05,GBR,2,0,0,0,12,cases
2020-02-06,GBR,2,0,0,0,12,cases
2020-02-07,GBR,3,0,0,0,12,cases
2020-02-08,GBR,3,0,0,0,12,cases
2020-02-09,GBR,4,0,0,0,12,cases
2020-02-10,GBR,4,0,0,0,12,cases
2020-02-11,GBR,8,0,0,0,12,cases
2020-02-12,GBR,8,0,0,0,12,cases
2020-02-13,GBR,9,0,0,0,12,cases
2020-02-14,GBR,9,0,0,0,12,cases
2020-02-15,GBR,9,0,0,0,12,cases
2020-02-16,GBR,9,0,0,0,12,cases
2020-02-17,GBR,9,0,0,0,12,cases
2020-02-18,GBR,9,0,0,0,12,cases
2020-02-19,GBR,9,0,0,0,12,cases
2020-02-20,GBR,9,0,0,0,12,cases
2020-02-21,GBR,9,0,0,0,12,cases
2020-02-22,GBR,9,0,0,0,12,cases
2020-02-23,GBR,9,0,0,0,12,cases
2020-02-24,GBR,13,0,1,0,11,cases
2020-02-25,GBR,13,0,2,0,11,cases
2020-02-26,GBR,13,0,3,0,11,cases
2020-02-27,GBR,13,0,4,0,11,cases
2020-02-28,GBR,16,0,5,0,11,cases
2020-02-29,GBR,18,0,6,0,6,cases
2020-03-01,GBR,23,0,7,0,7,cases
2020-03-02,GBR,36,0,8,0,2,cases
2020-03-03,GBR,40,0,9,0,3,cases
2020-03-04,GBR,51,0,10,0,3,cases
2020-03-05,GBR,85,0,11,0,2,cases
2020-03-06,GBR,115,1,12,0,2,cases
2020-03-07,GBR,163,1,13,0,3,cases
2020-03-08,GBR,206,2,14,0,3,cases
2020-03-09,GBR,273,3,15,0,3,cases
2020-03-10,GBR,321,5,16,1,4,cases
2020-03-11,GBR,373,6,17,2,4,cases
2020-03-12,GBR,456,6,18,3,4,cases
2020-03-13,GBR,590,10,19,4,4,cases
2020-03-14,GBR,707,10,20,5,4,cases
2020-03-15,GBR,1140,21,21,6,3,cases
2020-03-16,GBR,1391,35,22,7,3,cases
2020-03-17,GBR,1543,55,23,8,3,cases
2020-03-18,GBR,1950,60,24,9,4,cases
2020-03-19,GBR,2630,103,25,10,4,cases
2020-03-20,GBR,3277,144,26,11,3,cases
2020-03-21,GBR,3983,177,27,12,3,cases
2020-03-22,GBR,5018,233,28,13,4,cases
2020-03-23,GBR,5683,281,29,14,4,cases
2020-03-24,GBR,6650,335,30,15,4,cases
2020-03-25,GBR,8077,422,31,16,4,cases
2020-03-26,GBR,9529,463,32,17,5,cases
2020-03-27,GBR,11658,578,33,18,4,cases
2020-03-28,GBR,14543,759,34,19,4,cases
2020-03-29,GBR,17089,1019,35,20,4,cases
2020-03-30,GBR,19522,1228,36,21,4,cases
2020-03-31,GBR,22141,1408,37,22,5,cases
2020-04-01,GBR,25150,1789,38,23,5,cases
2020-04-02,GBR,29474,2532,39,24,5,cases
2020-04-03,GBR,33718,2921,40,25,6,cases
2020-04-04,GBR,38168,3605,41,26,6,cases
2020-04-05,GBR,41903,4313,42,27,6,cases
2020-04-06,GBR,47806,4934,43,28,6,cases
2020-04-07,GBR,51608,5373,44,29,6,cases
2020-04-08,GBR,55242,6159,45,30,7,cases
2020-04-09,GBR,60733,7097,46,31,7,cases
2020-04-10,GBR,65077,7978,47,32,8,cases
2020-04-11,GBR,70272,8958,48,33,8,cases
2020-04-12,GBR,78991,9875,49,34,8,cases
2020-04-13,GBR,84279,10612,50,35,8,cases
2020-04-14,GBR,88621,11329,51,36,9,cases
2019-12-31,ITA,0,0,0,0,12,cases
2020-01-01,ITA,0,0,0,0,12,cases
2020-01-02,ITA,0,0,0,0,12,cases
2020-01-03,ITA,0,0,0,0,12,cases
2020-01-04,ITA,0,0,0,0,12,cases
2020-01-05,ITA,0,0,0,0,12,cases
2020-01-06,ITA,0,0,0,0,12,cases
2020-01-07,ITA,0,0,0,0,12,cases
2020-01-08,ITA,0,0,0,0,12,cases
2020-01-09,ITA,0,0,0,0,12,cases
2020-01-10,ITA,0,0,0,0,12,cases
2020-01-11,ITA,0,0,0,0,12,cases
2020-01-12,ITA,0,0,0,0,12,cases
2020-01-13,ITA,0,0,0,0,12,cases
2020-01-14,ITA,0,0,0,0,12,cases
2020-01-15,ITA,0,0,0,0,12,cases
2020-01-16,ITA,0,0,0,0,12,cases
2020-01-17,ITA,0,0,0,0,12,cases
2020-01-18,ITA,0,0,0,0,12,cases
2020-01-19,ITA,0,0,0,0,12,cases
2020-01-20,ITA,0,0,0,0,12,cases
2020-01-21,ITA,0,0,0,0,12,cases
2020-01-22,ITA,0,0,0,0,12,cases
2020-01-23,ITA,0,0,0,0,12,cases
2020-01-24,ITA,0,0,0,0,12,cases
2020-01-25,ITA,0,0,0,0,12,cases
2020-01-26,ITA,0,0,0,0,12,cases
2020-01-27,ITA,0,0,0,0,12,cases
2020-01-28,ITA,0,0,0,0,12,cases
2020-01-29,ITA,0,0,0,0,12,cases
2020-01-30,ITA,0,0,0,0,12,cases
2020-01-31,ITA,3,0,0,0,12,cases
2020-02-01,ITA,3,0,0,0,12,cases
2020-02-02,ITA,3,0,0,0,12,cases
2020-02-03,ITA,3,0,0,0,12,cases
2020-02-04,ITA,3,0,0,0,12,cases
2020-02-05,ITA,3,0,0,0,12,cases
2020-02-06,ITA,3,0,0,0,12,cases
2020-02-07,ITA,3,0,0,0,12,cases
2020-02-08,ITA,3,0,0,0,12,cases
2020-02-09,ITA,3,0,0,0,12,cases
2020-02-10,ITA,3,0,0,0,12,cases
2020-02-11,ITA,3,0,0,0,12,cases
2020-02-12,ITA,3,0,0,0,12,cases
2020-02-13,ITA,3,0,0,0,12,cases
2020-02-14,ITA,3,0,0,0,12,cases
2020-02-15,ITA,3,0,0,0,12,cases
2020-02-16,ITA,3,0,0,0,12,cases
2020-02-17,ITA,3,0,0,0,12,cases
2020-02-18,ITA,3,0,0,0,12,cases
2020-02-19,ITA,3,0,0,0,12,cases
2020-02-20,ITA,3,0,0,0,12,cases
2020-02-21,ITA,3,0,0,0,12,cases
2020-02-22,ITA,17,0,1,0,1,cases
2020-02-23,ITA,79,2,2,0,1,cases
2020-02-24,ITA,132,2,3,0,2,cases
2020-02-25,ITA,229,6,4,1,2,cases
2020-02-26,ITA,322,11,5,2,2,cases
2020-02-27,ITA,400,12,6,3,3,cases
2020-02-28,ITA,650,17,7,4,2,cases
2020-02-29,ITA,888,21,8,5,2,cases
2020-03-01,ITA,1128,29,9,6,3,cases
2020-03-02,ITA,1689,35,10,7,3,cases
2020-03-03,ITA,1835,52,11,8,3,cases
2020-03-04,ITA,2502,80,12,9,3,cases
2020-03-05,ITA,3089,107,13,10,4,cases
2020-03-06,ITA,3858,148,14,11,3,cases
2020-03-07,ITA,4636,197,15,12,4,cases
2020-03-08,ITA,5883,233,16,13,4,cases
2020-03-09,ITA,7375,366,17,14,4,cases
2020-03-10,ITA,9172,464,18,15,4,cases
2020-03-11,ITA,10149,631,19,16,4,cases
2020-03-12,ITA,12462,827,20,17,4,cases
2020-03-13,ITA,15113,1016,21,18,4,cases
2020-03-14,ITA,17660,1268,22,19,5,cases
2020-03-15,ITA,17750,1441,23,20,6,cases
2020-03-16,ITA,23980,1811,24,21,5,cases
2020-03-17,ITA,27980,2158,25,22,5,cases
2020-03-18,ITA,31506,2505,26,23,5,cases
2020-03-19,ITA,35713,2978,27,24,4,cases
2020-03-20,ITA,41035,3407,28,25,5,cases
2020-03-21,ITA,47021,4032,29,26,6,cases
2020-03-22,ITA,53578,4827,30,27,6,cases
2020-03-23,ITA,59138,5476,31,28,6,cases
2020-03-24,ITA,63927,6077,32,29,6,cases
2020-03-25,ITA,69176,6820,33,30,7,cases
2020-03-26,ITA,74386,7505,34,31,7,cases
2020-03-27,ITA,80539,8165,35,32,8,cases
2020-03-28,ITA,86498,9136,36,33,8,cases
2020-03-29,ITA,92472,10023,37,34,9,cases
2020-03-30,ITA,97689,10781,38,35,9,cases
2020-03-31,ITA,101739,11591,39,36,10,cases
2020-04-01,ITA,105792,12430,40,37,11,cases
2020-04-02,ITA,110574,13157,41,38,11,cases
2020-04-03,ITA,115242,13917,42,39,11,cases
2020-04-04,ITA,119827,14681,43,40,11,cases
2020-04-05,ITA,124632,15362,44,41,11,cases
2020-04-06,ITA,128948,15889,45,42,11,cases
2020-04-07,ITA,132547,16525,46,43,11,cases
2020-04-08,ITA,135586,17129,47,44,11,cases
2020-04-09,ITA,139422,17669,48,45,11,cases
2020-04-10,ITA,143626,18281,49,46,11,cases
2020-04-11,ITA,147577,18851,50,47,11,cases
2020-04-12,ITA,152271,19470,51,48,11,cases
2020-04-13,ITA,156363,19901,52,49,11,cases
2020-04-14,ITA,159516,20465,53,50,11,cases
2019-12-31,NLD,0,0,0,0,12,cases
2020-01-01,NLD,0,0,0,0,12,cases
2020-01-02,NLD,0,0,0,0,12,cases
2020-01-03,NLD,0,0,0,0,12,cases
2020-01-04,NLD,0,0,0,0,12,cases
2020-01-05,NLD,0,0,0,0,12,cases
2020-01-06,NLD,0,0,0,0,12,cases
2020-01-07,NLD,0,0,0,0,12,cases
2020-01-08,NLD,0,0,0,0,12,cases
2020-01-09,NLD,0,0,0,0,12,cases
2020-01-10,NLD,0,0,0,0,12,cases
2020-01-11,NLD,0,0,0,0,12,cases
2020-01-12,NLD,0,0,0,0,12,cases
2020-01-13,NLD,0,0,0,0,12,cases
2020-01-14,NLD,0,0,0,0,12,cases
2020-01-15,NLD,0,0,0,0,12,cases
2020-01-16,NLD,0,0,0,0,12,cases
2020-01-17,NLD,0,0,0,0,12,cases
2020-01-18,NLD,0,0,0,0,12,cases
2020-01-19,NLD,0,0,0,0,12,cases
2020-01-20,NLD,0,0,0,0,12,cases
2020-01-21,NLD,0,0,0,0,12,cases
2020-01-22,NLD,0,0,0,0,12,cases
2020-01-23,NLD,0,0,0,0,12,cases
2020-01-24,NLD,0,0,0,0,12,cases
2020-01-25,NLD,0,0,0,0,12,cases
2020-01-26,NLD,0,0,0,0,12,cases
2020-01-27,NLD,0,0,0,0,12,cases
2020-01-28,NLD,0,0,0,0,12,cases
2020-01-29,NLD,0,0,0,0,12,cases
2020-01-30,NLD,0,0,0,0,12,cases
2020-01-31,NLD,0,0,0,0,12,cases
2020-02-01,NLD,0,0,0,0,12,cases
2020-02-02,NLD,0,0,0,0,12,cases
2020-02-03,NLD,0,0,0,0,12,cases
2020-02-04,NLD,0,0,0,0,12,cases
2020-02-05,NLD,0,0,0,0,12,cases
2020-02-06,NLD,0,0,0,0,12,cases
2020-02-07,NLD,0,0,0,0,12,cases
2020-02-08,NLD,0,0,0,0,12,cases
2020-02-09,NLD,0,0,0,0,12,cases
2020-02-10,NLD,0,0,0,0,12,cases
2020-02-11,NLD,0,0,0,0,12,cases
2020-02-12,NLD,0,0,0,0,12,cases
2020-02-13,NLD,0,0,0,0,12,cases
2020-02-14,NLD,0,0,0,0,12,cases
2020-02-15,NLD,0,0,0,0,12,cases
2020-02-16,NLD,0,0,0,0,12,cases
2020-02-17,NLD,0,0,0,0,12,cases
2020-02-18,NLD,0,0,0,0,12,cases
2020-02-19,NLD,0,0,0,0,12,cases
2020-02-20,NLD,0,0,0,0,12,cases
2020-02-21,NLD,0,0,0,0,12,cases
2020-02-22,NLD,0,0,0,0,12,cases
2020-02-23,NLD,0,0,0,0,12,cases
2020-02-24,NLD,0,0,0,0,12,cases
2020-02-25,NLD,0,0,0,0,12,cases
2020-02-26,NLD,0,0,0,0,12,cases
2020-02-27,NLD,0,0,0,0,12,cases
2020-02-28,NLD,1,0,0,0,12,cases
2020-02-29,NLD,2,0,0,0,12,cases
2020-03-01,NLD,7,0,0,0,12,cases
2020-03-02,NLD,13,0,1,0,2,cases
2020-03-03,NLD,18,0,2,0,2,cases
2020-03-04,NLD,28,0,3,0,2,cases
2020-03-05,NLD,38,0,4,0,2,cases
2020-03-06,NLD,82,0,5,0,1,cases
2020-03-07,NLD,128,1,6,0,2,cases
2020-03-08,NLD,188,1,7,0,2,cases
2020-03-09,NLD,265,3,8,0,2,cases
2020-03-10,NLD,321,3,9,0,3,cases
2020-03-11,NLD,382,4,10,0,3,cases
2020-03-12,NLD,503,5,11,1,4,cases
2020-03-13,NLD,614,5,12,2,4,cases
2020-03-14,NLD,804,5,13,3,3,cases
2020-03-15,NLD,959,12,14,4,4,cases
2020-03-16,NLD,1135,20,15,5,4,cases
2020-03-17,NLD,1413,24,16,6,4,cases
2020-03-18,NLD,1705,43,17,7,4,cases
2020-03-19,NLD,2051,58,18,8,4,cases
2020-03-20,NLD,2460,76,19,9,4,cases
2020-03-21,NLD,2994,106,20,10,4,cases
2020-03-22,NLD,3631,136,21,11,4,cases
2020-03-23,NLD,4204,179,22,12,4,cases
2020-03-24,NLD,4749,213,23,13,5,cases
2020-03-25,NLD,5560,276,24,14,5,cases
2020-03-26,NLD,6412,356,25,15,5,cases
2020-03-27,NLD,7431,434,26,16,5,cases
2020-03-28,NLD,8603,546,27,17,5,cases
2020-03-29,NLD,9762,639,28,18,5,cases
2020-03-30,NLD,10866,771,29,19,6,cases
2020-03-31,NLD,11750,864,30,20,6,cases
2020-04-01,NLD,12595,1039,31,21,7,cases
2020-04-02,NLD,13614,1173,32,22,7,cases
2020-04-03,NLD,14697,1339,33,23,8,cases
2020-04-04,NLD,15723,1487,34,24,8,cases
2020-04-05,NLD,16627,1651,35,25,9,cases
2020-04-06,NLD,17851,1766,36,26,9,cases
2020-04-07,NLD,18813,1867,37,27,10,cases
2020-04-08,NLD,19590,2101,38,28,10,cases
2020-04-09,NLD,20559,2248,39,29,11,cases
2020-04-10,NLD,21772,2396,40,30,11,cases
2020-04-11,NLD,23107,2511,41,31,11,cases
2020-04-12,NLD,24423,2643,42,32,11,cases
2020-04-13,NLD,25597,2737,43,33,11,cases
2020-04-14,NLD,26561,2823,44,34,11,cases
2019-12-31,SWE,0,0,0,0,12,cases
2020-01-01,SWE,0,0,0,0,12,cases
2020-01-02,SWE,0,0,0,0,12,cases
2020-01-03,SWE,0,0,0,0,12,cases
2020-01-04,SWE,0,0,0,0,12,cases
2020-01-05,SWE,0,0,0,0,12,cases
2020-01-06,SWE,0,0,0,0,12,cases
2020-01-07,SWE,0,0,0,0,12,cases
2020-01-08,SWE,0,0,0,0,12,cases
2020-01-09,SWE,0,0,0,0,12,cases
2020-01-10,SWE,0,0,0,0,12,cases
2020-01-11,SWE,0,0,0,0,12,cases
2020-01-12,SWE,0,0,0,0,12,cases
2020-01-13,SWE,0,0,0,0,12,cases
2020-01-14,SWE,0,0,0,0,12,cases
2020-01-15,SWE,0,0,0,0,12,cases
2020-01-16,SWE,0,0,0,0,12,cases
2020-01-17,SWE,0,0,0,0,12,cases
2020-01-18,SWE,0,0,0,0,12,cases
2020-01-19,SWE,0,0,0,0,12,cases
2020-01-20,SWE,0,0,0,0,12,cases
2020-01-21,SWE,0,0,0,0,12,cases
2020-01-22,SWE,0,0,0,0,12,cases
2020-01-23,SWE,0,0,0,0,12,cases
2020-01-24,SWE,0,0,0,0,12,cases
2020-01-25,SWE,0,0,0,0,12,cases
2020-01-26,SWE,0,0,0,0,12,cases
2020-01-27,SWE,0,0,0,0,12,cases
2020-01-28,SWE,0,0,0,0,12,cases
2020-01-29,SWE,0,0,0,0,12,cases
2020-01-30,SWE,0,0,0,0,12,cases
2020-01-31,SWE,0,0,0,0,12,cases
2020-02-01,SWE,1,0,0,0,12,cases
2020-02-02,SWE,1,0,0,0,12,cases
2020-02-03,SWE,1,0,0,0,12,cases
2020-02-04,SWE,1,0,0,0,12,cases
2020-02-05,SWE,1,0,0,0,12,cases
2020-02-06,SWE,1,0,0,0,12,cases
2020-02-07,SWE,1,0,0,0,12,cases
2020-02-08,SWE,1,0,0,0,12,cases
2020-02-09,SWE,1,0,0,0,12,cases
2020-02-10,SWE,1,0,0,0,12,cases
2020-02-11,SWE,1,0,0,0,12,cases
2020-02-12,SWE,1,0,0,0,12,cases
2020-02-13,SWE,1,0,0,0,12,cases
2020-02-14,SWE,1,0,0,0,12,cases
2020-02-15,SWE,1,0,0,0,12,cases
2020-02-16,SWE,1,0,0,0,12,cases
2020-02-17,SWE,1,0,0,0,12,cases
2020-02-18,SWE,1,0,0,0,12,cases
2020-02-19,SWE,1,0,0,0,12,cases
2020-02-20,SWE,1,0,0,0,12,cases
2020-02-21,SWE,1,0,0,0,12,cases
2020-02-22,SWE,1,0,0,0,12,cases
2020-02-23,SWE,1,0,0,0,12,cases
2020-02-24,SWE,1,0,0,0,12,cases
2020-02-25,SWE,1,0,0,0,12,cases
2020-02-26,SWE,1,0,0,0,12,cases
2020-02-27,SWE,2,0,0,0,12,cases
2020-02-28,SWE,7,0,0,0,12,cases
2020-02-29,SWE,12,0,1,0,2,cases
2020-03-01,SWE,13,0,2,0,3,cases
2020-03-02,SWE,14,0,3,0,3,cases
2020-03-03,SWE,15,0,4,0,4,cases
2020-03-04,SWE,24,0,5,0,4,cases
2020-03-05,SWE,35,0,6,0,2,cases
2020-03-06,SWE,61,0,7,0,2,cases
2020-03-07,SWE,137,0,8,0,1,cases
2020-03-08,SWE,161,0,9,0,2,cases
2020-03-09,SWE,203,0,10,0,3,cases
2020-03-10,SWE,248,0,11,0,4,cases
2020-03-11,SWE,326,0,12,0,3,cases
2020-03-12,SWE,462,1,13,0,3,cases
2020-03-13,SWE,620,1,14,0,3,cases
2020-03-14,SWE,775,1,15,0,3,cases
2020-03-15,SWE,924,1,16,0,3,cases
2020-03-16,SWE,1032,3,17,0,4,cases
2020-03-17,SWE,1121,7,18,1,5,cases
2020-03-18,SWE,1167,8,19,2,6,cases
2020-03-19,SWE,1301,10,20,3,6,cases
2020-03-20,SWE,1423,10,21,4,7,cases
2020-03-21,SWE,1623,16,22,5,7,cases
2020-03-22,SWE,1746,20,23,6,8,cases
2020-03-23,SWE,1906,21,24,7,8,cases
2020-03-24,SWE,2016,25,25,8,9,cases
2020-03-25,SWE,2272,36,26,9,8,cases
2020-03-26,SWE,2510,42,27,10,8,cases
2020-03-27,SWE,2806,66,28,11,8,cases
2020-03-28,SWE,3046,92,29,12,8,cases
2020-03-29,SWE,3447,102,30,13,8,cases
2020-03-30,SWE,3700,110,31,14,8,cases
2020-03-31,SWE,4028,146,32,15,8,cases
2020-04-01,SWE,4435,180,33,16,8,cases
2020-04-02,SWE,4947,239,34,17,8,cases
2020-04-03,SWE,5466,282,35,18,8,cases
2020-04-04,SWE,6078,333,36,19,8,cases
2020-04-05,SWE,6443,373,37,20,8,cases
2020-04-06,SWE,6830,401,38,21,9,cases
2020-04-07,SWE,7206,477,39,22,9,cases
2020-04-08,SWE,7693,591,40,23,9,cases
2020-04-09,SWE,8419,687,41,24,9,cases
2020-04-10,SWE,9141,793,42,25,9,cases
2020-04-11,SWE,9685,870,43,26,10,cases
2020-04-12,SWE,10151,887,44,27,10,cases
2020-04-13,SWE,10483,899,45,28,11,cases
2020-04-14,SWE,10948,919,46,29,11,cases
2019-12-31,USA,0,0,0,0,12,cases
2020-01-01,USA,0,0,0,0,12,cases
2020-01-02,USA,0,0,0,0,12,cases
2020-01-03,USA,0,0,0,0,12,cases
2020-01-04,USA,0,0,0,0,12,cases
2020-01-05,USA,0,0,0,0,12,cases
2020-01-06,USA,0,0,0,0,12,cases
2020-01-07,USA,0,0,0,0,12,cases
2020-01-08,USA,0,0,0,0,12,cases
2020-01-09,USA,0,0,0,0,12,cases
2020-01-10,USA,0,0,0,0,12,cases
2020-01-11,USA,0,0,0,0,12,cases
2020-01-12,USA,0,0,0,0,12,cases
2020-01-13,USA,0,0,0,0,12,cases
2020-01-14,USA,0,0,0,0,12,cases
2020-01-15,USA,0,0,0,0,12,cases
2020-01-16,USA,0,0,0,0,12,cases
2020-01-17,USA,0,0,0,0,12,cases
2020-01-18,USA,0,0,0,0,12,cases
2020-01-19,USA,0,0,0,0,12,cases
2020-01-20,USA,0,0,0,0,12,cases
2020-01-21,USA,1,0,0,0,12,cases
2020-01-22,USA,1,0,0,0,12,cases
2020-01-23,USA,1,0,0,0,12,cases
2020-01-24,USA,1,0,0,0,12,cases
2020-01-25,USA,2,0,0,0,12,cases
2020-01-26,USA,2,0,0,0,12,cases
2020-01-27,USA,5,0,0,0,12,cases
2020-01-28,USA,5,0,0,0,12,cases
2020-01-29,USA,5,0,0,0,12,cases
2020-01-30,USA,5,0,0,0,12,cases
2020-01-31,USA,6,0,0,0,12,cases
2020-02-01,USA,7,0,0,0,12,cases
2020-02-02,USA,8,0,0,0,12,cases
2020-02-03,USA,11,0,1,0,4,cases
2020-02-04,USA,11,0,2,0,5,cases
2020-02-05,USA,11,0,3,0,6,cases
2020-02-06,USA,12,0,4,0,6,cases
2020-02-07,USA,12,0,5,0,7,cases
2020-02-08,USA,12,0,6,0,8,cases
2020-02-09,USA,12,0,7,0,9,cases
2020-02-10,USA,12,0,8,0,10,cases
2020-02-11,USA,13,0,9,0,11,cases
2020-02-12,USA,13,0,10,0,11,cases
2020-02-13,USA,14,0,11,0,11,cases
2020-02-14,USA,15,0,12,0,11,cases
2020-02-15,USA,15,0,13,0,11,cases
2020-02-16,USA,15,0,14,0,11,cases
2020-02-17,USA,15,0,15,0,11,cases
2020-02-18,USA,15,0,16,0,11,cases
2020-02-19,USA,15,0,17,0,11,cases
2020-02-20,USA,15,0,18,0,11,cases
2020-02-21,USA,16,0,19,0,11,cases
2020-02-22,USA,35,0,20,0,1,cases
2020-02-23,USA,35,0,21,0,2,cases
2020-02-24,USA,35,0,22,0,3,cases
2020-02-25,USA,53,0,23,0,4,cases
2020-02-26,USA,53,0,24,0,5,cases
2020-02-27,USA,59,0,25,0,6,cases
2020-02-28,USA,60,0,26,0,7,cases
2020-02-29,USA,66,0,27,0,8,cases
2020-03-01,USA,69,1,28,0,9,cases
2020-03-02,USA,89,2,29,0,7,cases
2020-03-03,USA,103,6,30,1,8,cases
2020-03-04,USA,125,9,31,2,5,cases
2020-03-05,USA,159,11,32,3,4,cases
2020-03-06,USA,233,12,33,4,3,cases
2020-03-07,USA,338,14,34,5,2,cases
2020-03-08,USA,433,17,35,6,3,cases
2020-03-09,USA,554,21,36,7,3,cases
2020-03-10,USA,754,26,37,8,3,cases
2020-03-11,USA,1025,28,38,9,3,cases
2020-03-12,USA,1312,30,39,10,3,cases
2020-03-13,USA,1663,40,40,11,3,cases
2020-03-14,USA,2174,47,41,12,3,cases
2020-03-15,USA,2951,57,42,13,3,cases
2020-03-16,USA,3774,69,43,14,3,cases
2020-03-17,USA,4661,85,44,15,3,cases
2020-03-18,USA,6427,108,45,16,3,cases
2020-03-19,USA,9415,150,46,17,2,cases
2020-03-20,USA,14250,150,47,18,2,cases
2020-03-21,USA,19624,260,48,19,2,cases
2020-03-22,USA,26747,340,49,20,3,cases
2020-03-23,USA,35206,471,50,21,3,cases
2020-03-24,USA,46442,590,51,22,3,cases
2020-03-25,USA,55231,801,52,23,3,cases
2020-03-26,USA,69194,1050,53,24,4,cases
2020-03-27,USA,85991,1296,54,25,4,cases
2020-03-28,USA,104686,1707,55,26,4,cases
2020-03-29,USA,124665,2191,56,27,4,cases
2020-03-30,USA,143025,2509,57,28,4,cases
2020-03-31,USA,164620,3170,58,29,5,cases
2020-04-01,USA,189618,4079,59,30,5,cases
2020-04-02,USA,216721,5138,60,31,5,cases
2020-04-03,USA,245540,6053,61,32,6,cases
2020-04-04,USA,277965,7157,62,33,6,cases
2020-04-05,USA,312237,8501,63,34,6,cases
2020-04-06,USA,337635,9647,64,35,6,cases
2020-04-07,USA,368196,10989,65,36,7,cases
2020-04-08,USA,398809,12895,66,37,7,cases
2020-04-09,USA,432132,14817,67,38,8,cases
2020-04-10,USA,466033,16690,68,39,8,cases
2020-04-11,USA,501560,18777,69,40,8,cases
2020-04-12,USA,529951,20608,70,41,9,cases
2020-04-13,USA,557571,22108,71,42,9,cases
2020-04-14,USA,582594,23649,72,43,10,cases
2019-12-31,BEL,0,0,0,0,12,deaths
2020-01-01,BEL,0,0,0,0,12,deaths
2020-01-02,BEL,0,0,0,0,12,deaths
2020-01-03,BEL,0,0,0,0,12,deaths
2020-01-04,BEL,0,0,0,0,12,deaths
2020-01-05,BEL,0,0,0,0,12,deaths
2020-01-06,BEL,0,0,0,0,12,deaths
2020-01-07,BEL,0,0,0,0,12,deaths
2020-01-08,BEL,0,0,0,0,12,deaths
2020-01-09,BEL,0,0,0,0,12,deaths
2020-01-10,BEL,0,0,0,0,12,deaths
2020-01-11,BEL,0,0,0,0,12,deaths
2020-01-12,BEL,0,0,0,0,12,deaths
2020-01-13,BEL,0,0,0,0,12,deaths
2020-01-14,BEL,0,0,0,0,12,deaths
2020-01-15,BEL,0,0,0,0,12,deaths
2020-01-16,BEL,0,0,0,0,12,deaths
2020-01-17,BEL,0,0,0,0,12,deaths
2020-01-18,BEL,0,0,0,0,12,deaths
2020-01-19,BEL,0,0,0,0,12,deaths
2020-01-20,BEL,0,0,0,0,12,deaths
2020-01-21,BEL,0,0,0,0,12,deaths
2020-01-22,BEL,0,0,0,0,12,deaths
2020-01-23,BEL,0,0,0,0,12,deaths
2020-01-24,BEL,0,0,0,0,12,deaths
2020-01-25,BEL,0,0,0,0,12,deaths
2020-01-26,BEL,0,0,0,0,12,deaths
2020-01-27,BEL,0,0,0,0,12,deaths
2020-01-28,BEL,0,0,0,0,12,deaths
2020-01-29,BEL,0,0,0,0,12,deaths
2020-01-30,BEL,0,0,0,0,12,deaths
2020-01-31,BEL,0,0,0,0,12,deaths
2020-02-01,BEL,0,0,0,0,12,deaths
2020-02-02,BEL,0,0,0,0,12,deaths
2020-02-03,BEL,0,0,0,0,12,deaths
2020-02-04,BEL,1,0,0,0,12,deaths
2020-02-05,BEL,1,0,0,0,12,deaths
2020-02-06,BEL,1,0,0,0,12,deaths
2020-02-07,BEL,1,0,0,0,12,deaths
2020-02-08,BEL,1,0,0,0,12,deaths
2020-02-09,BEL,1,0,0,0,12,deaths
2020-02-10,BEL,1,0,0,0,12,deaths
2020-02-11,BEL,1,0,0,0,12,deaths
2020-02-12,BEL,1,0,0,0,12,deaths
2020-02-13,BEL,1,0,0,0,12,deaths
2020-02-14,BEL,1,0,0,0,12,deaths
2020-02-15,BEL,1,0,0,0,12,deaths
2020-02-16,BEL,1,0,0,0,12,deaths
2020-02-17,BEL,1,0,0,0,12,deaths
2020-02-18,BEL,1,0,0,0,12,deaths
2020-02-19,BEL,1,0,0,0,12,deaths
2020-02-20,BEL,1,0,0,0,12,deaths
2020-02-21,BEL,1,0,0,0,12,deaths
2020-02-22,BEL,1,0,0,0,12,deaths
2020-02-23,BEL,1,0,0,0,12,deaths
2020-02-24,BEL,1,0,0,0,12,deaths
2020-02-25,BEL,1,0,0,0,12,deaths
2020-02-26,BEL,1,0,0,0,12,deaths
2020-02-27,BEL,1,0,0,0,12,deaths
2020-02-28,BEL,1,0,0,0,12,deaths
2020-02-29,BEL,1,0,0,0,12,deaths
2020-03-01,BEL,1,0,0,0,12,deaths
2020-03-02,BEL,2,0,0,0,12,deaths
2020-03-03,BEL,8,0,0,0,12,deaths
2020-03-04,BEL,13,0,1,0,12,deaths
2020-03-05,BEL,23,0,2,0,12,deaths
2020-03-06,BEL,50,0,3,0,12,deaths
2020-03-07,BEL,109,0,4,0,12,deaths
2020-03-08,BEL,169,0,5,0,12,deaths
2020-03-09,BEL,200,0,6,0,12,deaths
2020-03-10,BEL,239,0,7,0,12,deaths
2020-03-11,BEL,267,0,8,0,12,deaths
2020-03-12,BEL,314,3,9,0,12,deaths
2020-03-13,BEL,399,3,10,0,12,deaths
2020-03-14,BEL,559,3,11,0,12,deaths
2020-03-15,BEL,689,4,12,0,12,deaths
2020-03-16,BEL,886,4,13,0,12,deaths
2020-03-17,BEL,1085,5,14,1,6,deaths
2020-03-18,BEL,1243,5,15,2,7,deaths
2020-03-19,BEL,1486,14,16,3,1,deaths
2020-03-20,BEL,1795,21,17,4,2,deaths
2020-03-21,BEL,2257,37,18,5,2,deaths
2020-03-22,BEL,2815,67,19,6,2,deaths
2020-03-23,BEL,3401,75,20,7,2,deaths
2020-03-24,BEL,3743,88,21,8,3,deaths
2020-03-25,BEL,4269,122,22,9,4,deaths
2020-03-26,BEL,4937,178,23,10,2,deaths
2020-03-27,BEL,6235,220,24,11,3,deaths
2020-03-28,BEL,7284,289,25,12,3,deaths
2020-03-29,BEL,9134,353,26,13,4,deaths
2020-03-30,BEL,10836,431,27,14,4,deaths
2020-03-31,BEL,11899,513,28,15,4,deaths
2020-04-01,BEL,12775,705,29,16,4,deaths
2020-04-02,BEL,13964,828,30,17,4,deaths
2020-04-03,BEL,15348,1011,31,18,4,deaths
2020-04-04,BEL,16770,1143,32,19,4,deaths
2020-04-05,BEL,18431,1283,33,20,5,deaths
2020-04-06,BEL,19691,1447,34,21,5,deaths
2020-04-07,BEL,20814,1632,35,22,6,deaths
2020-04-08,BEL,22194,2035,36,23,5,deaths
2020-04-09,BEL,23403,2240,37,24,6,deaths
2020-04-10,BEL,24983,2523,38,25,6,deaths
2020-04-11,BEL,26667,3019,39,26,5,deaths
2020-04-12,BEL,28018,3346,40,27,5,deaths
2020-04-13,BEL,29647,3600,41,28,6,deaths
2020-04-14,BEL,30589,3903,42,29,7,deaths
2019-12-31,CAN,0,0,0,0,12,deaths
2020-01-01,CAN,0,0,0,0,12,deaths
2020-01-02,CAN,0,0,0,0,12,deaths
2020-01-03,CAN,0,0,0,0,12,deaths
2020-01-04,CAN,0,0,0,0,12,deaths
2020-01-05,CAN,0,0,0,0,12,deaths
2020-01-06,CAN,0,0,0,0,12,deaths
2020-01-07,CAN,0,0,0,0,12,deaths
2020-01-08,CAN,0,0,0,0,12,deaths
2020-01-09,CAN,0,0,0,0,12,deaths
2020-01-10,CAN,0,0,0,0,12,deaths
2020-01-11,CAN,0,0,0,0,12,deaths
2020-01-12,CAN,0,0,0,0,12,deaths
2020-01-13,CAN,0,0,0,0,12,deaths
2020-01-14,CAN,0,0,0,0,12,deaths
2020-01-15,CAN,0,0,0,0,12,deaths
2020-01-16,CAN,0,0,0,0,12,deaths
2020-01-17,CAN,0,0,0,0,12,deaths
2020-01-18,CAN,0,0,0,0,12,deaths
2020-01-19,CAN,0,0,0,0,12,deaths
2020-01-20,CAN,0,0,0,0,12,deaths
2020-01-21,CAN,0,0,0,0,12,deaths
2020-01-22,CAN,0,0,0,0,12,deaths
2020-01-23,CAN,0,0,0,0,12,deaths
2020-01-24,CAN,0,0,0,0,12,deaths
2020-01-25,CAN,0,0,0,0,12,deaths
2020-01-26,CAN,1,0,0,0,12,deaths
2020-01-27,CAN,1,0,0,0,12,deaths
2020-01-28,CAN,2,0,0,0,12,deaths
2020-01-29,CAN,3,0,0,0,12,deaths
2020-01-30,CAN,3,0,0,0,12,deaths
2020-01-31,CAN,3,0,0,0,12,deaths
2020-02-01,CAN,4,0,0,0,12,deaths
2020-02-02,CAN,4,0,0,0,12,deaths
2020-02-03,CAN,4,0,0,0,12,deaths
2020-02-04,CAN,4,0,0,0,12,deaths
2020-02-05,CAN,5,0,0,0,12,deaths
2020-02-06,CAN,5,0,0,0,12,deaths
2020-02-07,CAN,7,0,0,0,12,deaths
2020-02-08,CAN,7,0,0,0,12,deaths
2020-02-09,CAN,7,0,0,0,12,deaths
2020-02-10,CAN,7,0,0,0,12,deaths
2020-02-11,CAN,7,0,0,0,12,deaths
2020-02-12,CAN,7,0,0,0,12,deaths
2020-02-13,CAN,7,0,0,0,12,deaths
2020-02-14,CAN,7,0,0,0,12,deaths
2020-02-15,CAN,8,0,0,0,12,deaths
2020-02-16,CAN,8,0,0,0,12,deaths
2020-02-17,CAN,8,0,0,0,12,deaths
2020-02-18,CAN,8,0,0,0,12,deaths
2020-02-19,CAN,8,0,0,0,12,deaths
2020-02-20,CAN,8,0,0,0,12,deaths
2020-02-21,CAN,9,0,0,0,12,deaths
2020-02-22,CAN,9,0,0,0,12,deaths
2020-02-23,CAN,9,0,0,0,12,deaths
2020-02-24,CAN,9,0,0,0,12,deaths
2020-02-25,CAN,11,0,1,0,12,deaths
2020-02-26,CAN,11,0,2,0,12,deaths
2020-02-27,CAN,12,0,3,0,12,deaths
2020-02-28,CAN,14,0,4,0,12,deaths
2020-02-29,CAN,16,0,5,0,12,deaths
2020-03-01,CAN,20,0,6,0,12,deaths
2020-03-02,CAN,24,0,7,0,12,deaths
2020-03-03,CAN,27,0,8,0,12,deaths
2020-03-04,CAN,30,0,9,0,12,deaths
2020-03-05,CAN,33,0,10,0,12,deaths
2020-03-06,CAN,45,0,11,0,12,deaths
2020-03-07,CAN,51,0,12,0,12,deaths
2020-03-08,CAN,57,0,13,0,12,deaths
2020-03-09,CAN,62,0,14,0,12,deaths
2020-03-10,CAN,77,1,15,0,12,deaths
2020-03-11,CAN,93,1,16,0,12,deaths
2020-03-12,CAN,103,1,17,0,12,deaths
2020-03-13,CAN,138,1,18,0,12,deaths
2020-03-14,CAN,176,1,19,0,12,deaths
2020-03-15,CAN,244,1,20,0,12,deaths
2020-03-16,CAN,304,1,21,0,12,deaths
2020-03-17,CAN,424,4,22,0,12,deaths
2020-03-18,CAN,569,8,23,1,1,deaths
2020-03-19,CAN,690,9,24,2,2,deaths
2020-03-20,CAN,846,10,25,3,3,deaths
2020-03-21,CAN,971,12,26,4,4,deaths
2020-03-22,CAN,1231,13,27,5,5,deaths
2020-03-23,CAN,1430,18,28,6,4,deaths
2020-03-24,CAN,1646,24,29,7,3,deaths
2020-03-25,CAN,1959,27,30,8,3,deaths
2020-03-26,CAN,3385,35,31,9,4,deaths
2020-03-27,CAN,4018,39,32,10,4,deaths
2020-03-28,CAN,4689,53,33,11,4,deaths
2020-03-29,CAN,5386,60,34,12,4,deaths
2020-03-30,CAN,6255,61,35,13,5,deaths
2020-03-31,CAN,7424,89,36,14,4,deaths
2020-04-01,CAN,8536,96,37,15,5,deaths
2020-04-02,CAN,9595,109,38,16,5,deaths
2020-04-03,CAN,11268,138,39,17,4,deaths
2020-04-04,CAN,12519,187,40,18,4,deaths
2020-04-05,CAN,13882,231,41,19,3,deaths
2020-04-06,CAN,15496,280,42,20,3,deaths
2020-04-07,CAN,16653,323,43,21,4,deaths
2020-04-08,CAN,17883,380,44,22,4,deaths
2020-04-09,CAN,19274,435,45,23,5,deaths
2020-04-10,CAN,20748,509,46,24,5,deaths
2020-04-11,CAN,22133,569,47,25,5,deaths
2020-04-12,CAN,23301,653,48,26,5,deaths
2020-04-13,CAN,24365,717,49,27,6,deaths
2020-04-14,CAN,25663,780,50,28,6,deaths
2019-12-31,DEU,0,0,0,0,12,deaths
2020-01-01,DEU,0,0,0,0,12,deaths
2020-01-02,DEU,0,0,0,0,12,deaths
2020-01-03,DEU,0,0,0,0,12,deaths
2020-01-04,DEU,0,0,0,0,12,deaths
2020-01-05,DEU,0,0,0,0,12,deaths
2020-01-06,DEU,0,0,0,0,12,deaths
2020-01-07,DEU,0,0,0,0,12,deaths
2020-01-08,DEU,0,0,0,0,12,deaths
2020-01-09,DEU,0,0,0,0,12,deaths
2020-01-10,DEU,0,0,0,0,12,deaths
2020-01-11,DEU,0,0,0,0,12,deaths
2020-01-12,DEU,0,0,0,0,12,deaths
2020-01-13,DEU,0,0,0,0,12,deaths
2020-01-14,DEU,0,0,0,0,12,deaths
2020-01-15,DEU,0,0,0,0,12,deaths
2020-01-16,DEU,0,0,0,0,12,deaths
2020-01-17,DEU,0,0,0,0,12,deaths
2020-01-18,DEU,0,0,0,0,12,deaths
2020-01-19,DEU,0,0,0,0,12,deaths
2020-01-20,DEU,0,0,0,0,12,deaths
2020-01-21,DEU,0,0,0,0,12,deaths
2020-01-22,DEU,0,0,0,0,12,deaths
2020-01-23,DEU,0,0,0,0,12,deaths
2020-01-24,DEU,0,0,0,0,12,deaths
2020-01-25,DEU,0,0,0,0,12,deaths
2020-01-26,DEU,0,0,0,0,12,deaths
2020-01-27,DEU,0,0,0,0,12,deaths
2020-01-28,DEU,1,0,0,0,12,deaths
2020-01-29,DEU,4,0,0,0,12,deaths
2020-01-30,DEU,4,0,0,0,12,deaths
2020-01-31,DEU,5,0,0,0,12,deaths
2020-02-01,DEU,7,0,0,0,12,deaths
2020-02-02,DEU,8,0,0,0,12,deaths
2020-02-03,DEU,9,0,0,0,12,deaths
2020-02-04,DEU,11,0,1,0,12,deaths
2020-02-05,DEU,11,0,2,0,12,deaths
2020-02-06,DEU,11,0,3,0,12,deaths
2020-02-07,DEU,12,0,4,0,12,deaths
2020-02-08,DEU,13,0,5,0,12,deaths
2020-02-09,DEU,13,0,6,0,12,deaths
2020-02-10,DEU,13,0,7,0,12,deaths
2020-02-11,DEU,13,0,8,0,12,deaths
2020-02-12,DEU,15,0,9,0,12,deaths
2020-02-13,DEU,15,0,10,0,12,deaths
2020-02-14,DEU,15,0,11,0,12,deaths
2020-02-15,DEU,15,0,12,0,12,deaths
2020-02-16,DEU,15,0,13,0,12,deaths
2020-02-17,DEU,15,0,14,0,12,deaths
2020-02-18,DEU,15,0,15,0,12,deaths
2020-02-19,DEU,15,0,16,0,12,deaths
2020-02-20,DEU,15,0,17,0,12,deaths
2020-02-21,DEU,15,0,18,0,12,deaths
2020-02-22,DEU,15,0,19,0,12,deaths
2020-02-23,DEU,15,0,20,0,12,deaths
2020-02-24,DEU,15,0,21,0,12,deaths
2020-02-25,DEU,15,0,22,0,12,deaths
2020-02-26,DEU,17,0,23,0,12,deaths
2020-02-27,DEU,21,0,24,0,12,deaths
2020-02-28,DEU,47,0,25,0,12,deaths
2020-02-29,DEU,57,0,26,0,12,deaths
2020-03-01,DEU,111,0,27,0,12,deaths
2020-03-02,DEU,129,0,28,0,12,deaths
2020-03-03,DEU,157,0,29,0,12,deaths
2020-03-04,DEU,196,0,30,0,12,deaths
2020-03-05,DEU,262,0,31,0,12,deaths
2020-03-06,DEU,400,0,32,0,12,deaths
2020-03-07,DEU,684,0,33,0,12,deaths
2020-03-08,DEU,847,0,34,0,12,deaths
2020-03-09,DEU,902,0,35,0,12,deaths
2020-03-10,DEU,1139,2,36,0,12,deaths
2020-03-11,DEU,1296,2,37,0,12,deaths
2020-03-12,DEU,1567,3,38,0,12,deaths
2020-03-13,DEU,2369,5,39,1,2,deaths
2020-03-14,DEU,3062,5,40,2,3,deaths
2020-03-15,DEU,3795,8,41,3,3,deaths
2020-03-16,DEU,4838,12,42,4,2,deaths
2020-03-17,DEU,6012,13,43,5,3,deaths
2020-03-18,DEU,7156,13,44,6,4,deaths
2020-03-19,DEU,8198,13,45,7,5,deaths
2020-03-20,DEU,14138,43,46,8,1,deaths
2020-03-21,DEU,18187,45,47,9,2,deaths
2020-03-22,DEU,21463,67,48,10,3,deaths
2020-03-23,DEU,24774,94,49,11,2,deaths
2020-03-24,DEU,29212,126,50,12,3,deaths
2020-03-25,DEU,31554,149,51,13,3,deaths
2020-03-26,DEU,36508,198,52,14,3,deaths
2020-03-27,DEU,42288,253,53,15,3,deaths
2020-03-28,DEU,48582,325,54,16,3,deaths
2020-03-29,DEU,52547,389,55,17,4,deaths
2020-03-30,DEU,57298,455,56,18,4,deaths
2020-03-31,DEU,61913,583,57,19,4,deaths
2020-04-01,DEU,67366,732,58,20,4,deaths
2020-04-02,DEU,73522,872,59,21,4,deaths
2020-04-03,DEU,79696,1017,60,22,4,deaths
2020-04-04,DEU,85778,1158,61,23,5,deaths
2020-04-05,DEU,91714,1342,62,24,5,deaths
2020-04-06,DEU,95391,1434,63,25,6,deaths
2020-04-07,DEU,99225,1607,64,26,6,deaths
2020-04-08,DEU,103228,1861,65,27,6,deaths
2020-04-09,DEU,108202,2107,66,28,6,deaths
2020-04-10,DEU,113525,2373,67,29,6,deaths
2020-04-11,DEU,117658,2544,68,30,7,deaths
2020-04-12,DEU,120479,2673,69,31,8,deaths
2020-04-13,DEU,123016,2799,70,32,8,deaths
2020-04-14,DEU,125098,2969,71,33,8,deaths
2019-12-31,ESP,0,0,0,0,12,deaths
2020-01-01,ESP,0,0,0,0,12,deaths
2020-01-02,ESP,0,0,0,0,12,deaths
2020-01-03,ESP,0,0,0,0,12,deaths
2020-01-04,ESP,0,0,0,0,12,deaths
2020-01-05,ESP,0,0,0,0,12,deaths
2020-01-06,ESP,0,0,0,0,12,deaths
2020-01-07,ESP,0,0,0,0,12,deaths
2020-01-08,ESP,0,0,0,0,12,deaths
2020-01-09,ESP,0,0,0,0,12,deaths
2020-01-10,ESP,0,0,0,0,12,deaths
2020-01-11,ESP,0,0,0,0,12,deaths
2020-01-12,ESP,0,0,0,0,12,deaths
2020-01-13,ESP,0,0,0,0,12,deaths
2020-01-14,ESP,0,0,0,0,12,deaths
2020-01-15,ESP,0,0,0,0,12,deaths
2020-01-16,ESP,0,0,0,0,12,deaths
2020-01-17,ESP,0,0,0,0,12,deaths
2020-01-18,ESP,0,0,0,0,12,deaths
2020-01-19,ESP,0,0,0,0,12,deaths
2020-01-20,ESP,0,0,0,0,12,deaths
2020-01-21,ESP,0,0,0,0,12,deaths
2020-01-22,ESP,0,0,0,0,12,deaths
2020-01-23,ESP,0,0,0,0,12,deaths
2020-01-24,ESP,0,0,0,0,12,deaths
2020-01-25,ESP,0,0,0,0,12,deaths
2020-01-26,ESP,0,0,0,0,12,deaths
2020-01-27,ESP,0,0,0,0,12,deaths
2020-01-28,ESP,0,0,0,0,12,deaths
2020-01-29,ESP,0,0,0,0,12,deaths
2020-01-30,ESP,0,0,0,0,12,deaths
2020-01-31,ESP,0,0,0,0,12,deaths
2020-02-01,ESP,1,0,0,0,12,deaths
2020-02-02,ESP,1,0,0,0,12,deaths
2020-02-03,ESP,1,0,0,0,12,deaths
2020-02-04,ESP,1,0,0,0,12,deaths
2020-02-05,ESP,1,0,0,0,12,deaths
2020-02-06,ESP,1,0,0,0,12,deaths
2020-02-07,ESP,1,0,0,0,12,deaths
2020-02-08,ESP,1,0,0,0,12,deaths
2020-02-09,ESP,1,0,0,0,12,deaths
2020-02-10,ESP,2,0,0,0,12,deaths
2020-02-11,ESP,2,0,0,0,12,deaths
2020-02-12,ESP,2,0,0,0,12,deaths
2020-02-13,ESP,2,0,0,0,12,deaths
2020-02-14,ESP,2,0,0,0,12,deaths
2020-02-15,ESP,2,0,0,0,12,deaths
2020-02-16,ESP,2,0,0,0,12,deaths
2020-02-17,ESP,2,0,0,0,12,deaths
2020-02-18,ESP,2,0,0,0,12,deaths
2020-02-19,ESP,2,0,0,0,12,deaths
2020-02-20,ESP,2,0,0,0,12,deaths
2020-02-21,ESP,2,0,0,0,12,deaths
2020-02-22,ESP,2,0,0,0,12,deaths
2020-02-23,ESP,2,0,0,0,12,deaths
2020-02-24,ESP,2,0,0,0,12,deaths
2020-02-25,ESP,3,0,0,0,12,deaths
2020-02-26,ESP,7,0,0,0,12,deaths
2020-02-27,ESP,12,0,1,0,12,deaths
2020-02-28,ESP,25,0,2,0,12,deaths
2020-02-29,ESP,34,0,3,0,12,deaths
2020-03-01,ESP,66,0,4,0,12,deaths
2020-03-02,ESP,83,0,5,0,12,deaths
2020-03-03,ESP,114,0,6,0,12,deaths
2020-03-04,ESP,151,0,7,0,12,deaths
2020-03-05,ESP,200,1,8,0,12,deaths
2020-03-06,ESP,261,3,9,0,12,deaths
2020-03-07,ESP,374,5,10,1,2,deaths
2020-03-08,ESP,430,5,11,2,3,deaths
2020-03-09,ESP,589,5,12,3,4,deaths
2020-03-10,ESP,1204,28,13,4,1,deaths
2020-03-11,ESP,1639,35,14,5,2,deaths
2020-03-12,ESP,2140,47,15,6,3,deaths
2020-03-13,ESP,3004,84,16,7,2,deaths
2020-03-14,ESP,4231,121,17,8,2,deaths
2020-03-15,ESP,5753,136,18,9,3,deaths
2020-03-16,ESP,7753,288,19,10,1,deaths
2020-03-17,ESP,9191,309,20,11,2,deaths
2020-03-18,ESP,11178,491,21,12,3,deaths
2020-03-19,ESP,13716,598,22,13,3,deaths
2020-03-20,ESP,17147,767,23,14,3,deaths
2020-03-21,ESP,19980,1002,24,15,3,deaths
2020-03-22,ESP,24926,1326,25,16,3,deaths
2020-03-23,ESP,28572,1720,26,17,3,deaths
2020-03-24,ESP,33089,2182,27,18,3,deaths
2020-03-25,ESP,39673,2696,28,19,3,deaths
2020-03-26,ESP,47610,3434,29,20,4,deaths
2020-03-27,ESP,56188,4089,30,21,4,deaths
2020-03-28,ESP,64059,4858,31,22,4,deaths
2020-03-29,ESP,72248,5690,32,23,4,deaths
2020-03-30,ESP,78797,6528,33,24,5,deaths
2020-03-31,ESP,85195,7340,34,25,5,deaths
2020-04-01,ESP,94417,8189,35,26,5,deaths
2020-04-02,ESP,102136,9053,36,27,6,deaths
2020-04-03,ESP,110238,10003,37,28,6,deaths
2020-04-04,ESP,117710,10935,38,29,7,deaths
2020-04-05,ESP,124736,11744,39,30,7,deaths
2020-04-06,ESP,130759,12418,40,31,8,deaths
2020-04-07,ESP,135032,13055,41,32,9,deaths
2020-04-08,ESP,140510,13798,42,33,9,deaths
2020-04-09,ESP,146690,14555,43,34,10,deaths
2020-04-10,ESP,152446,15238,44,35,10,deaths
2020-04-11,ESP,157022,15843,45,36,11,deaths
2020-04-12,ESP,161852,16353,46,37,11,deaths
2020-04-13,ESP,166019,16972,47,38,11,deaths
2020-04-14,ESP,169496,17489,48,39,11,deaths
2019-12-31,FRA,0,0,0,0,12,deaths
2020-01-01,FRA,0,0,0,0,12,deaths
2020-01-02,FRA,0,0,0,0,12,deaths
2020-01-03,FRA,0,0,0,0,12,deaths
2020-01-04,FRA,0,0,0,0,12,deaths
2020-01-05,FRA,0,0,0,0,12,deaths
2020-01-06,FRA,0,0,0,0,12,deaths
2020-01-07,FRA,0,0,0,0,12,deaths
2020-01-08,FRA,0,0,0,0,12,deaths
2020-01-09,FRA,0,0,0,0,12,deaths
2020-01-10,FRA,0,0,0,0,12,deaths
2020-01-11,FRA,0,0,0,0,12,deaths
2020-01-12,FRA,0,0,0,0,12,deaths
2020-01-13,FRA,0,0,0,0,12,deaths
2020-01-14,FRA,0,0,0,0,12,deaths
2020-01-15,FRA,0,0,0,0,12,deaths
2020-01-16,FRA,0,0,0,0,12,deaths
2020-01-17,FRA,0,0,0,0,12,deaths
2020-01-18,FRA,0,0,0,0,12,deaths
2020-01-19,FRA,0,0,0,0,12,deaths
2020-01-20,FRA,0,0,0,0,12,deaths
2020-01-21,FRA,0,0,0,0,12,deaths
2020-01-22,FRA,0,0,0,0,12,deaths
2020-01-23,FRA,0,0,0,0,12,deaths
2020-01-24,FRA,0,0,0,0,12,deaths
2020-01-25,FRA,3,0,0,0,12,deaths
2020-01-26,FRA,3,0,0,0,12,deaths
2020-01-27,FRA,3,0,0,0,12,deaths
2020-01-28,FRA,3,0,0,0,12,deaths
2020-01-29,FRA,4,0,0,0,12,deaths
2020-01-30,FRA,5,0,0,0,12,deaths
2020-01-31,FRA,6,0,0,0,12,deaths
2020-02-01,FRA,6,0,0,0,12,deaths
2020-02-02,FRA,6,0,0,0,12,deaths
2020-02-03,FRA,6,0,0,0,12,deaths
2020-02-04,FRA,6,0,0,0,12,deaths
2020-02-05,FRA,6,0,0,0,12,deaths
2020-02-06,FRA,6,0,0,0,12,deaths
2020-02-07,FRA,6,0,0,0,12,deaths
2020-02-08,FRA,11,0,1,0,12,deaths
2020-02-09,FRA,11,0,2,0,12,deaths
2020-02-10,FRA,11,0,3,0,12,deaths
2020-02-11,FRA,11,0,4,0,12,deaths
2020-02-12,FRA,11,0,5,0,12,deaths
2020-02-13,FRA,11,0,6,0,12,deaths
2020-02-14,FRA,11,0,7,0,12,deaths
2020-02-15,FRA,11,1,8,0,12,deaths
2020-02-16,FRA,11,1,9,0,12,deaths
2020-02-17,FRA,12,1,10,0,12,deaths
2020-02-18,FRA,12,1,11,0,12,deaths
2020-02-19,FRA,12,1,12,0,12,deaths
2020-02-20,FRA,12,1,13,0,12,deaths
2020-02-21,FRA,12,1,14,0,12,deaths
2020-02-22,FRA,12,1,15,0,12,deaths
2020-02-23,FRA,12,1,16,0,12,deaths
2020-02-24,FRA,12,1,17,0,12,deaths
2020-02-25,FRA,12,1,18,0,12,deaths
2020-02-26,FRA,14,1,19,0,12,deaths
2020-02-27,FRA,17,2,20,0,12,deaths
2020-02-28,FRA,38,2,21,0,12,deaths
2020-02-29,FRA,57,2,22,0,12,deaths
2020-03-01,FRA,100,2,23,0,12,deaths
2020-03-02,FRA,130,2,24,0,12,deaths
2020-03-03,FRA,178,3,25,0,12,deaths
2020-03-04,FRA,212,4,26,0,12,deaths
2020-03-05,FRA,285,4,27,0,12,deaths
2020-03-06,FRA,423,7,28,1,3,deaths
2020-03-07,FRA,613,9,29,2,2,deaths
2020-03-08,FRA,716,10,30,3,3,deaths
2020-03-09,FRA,1126,19,31,4,2,deaths
2020-03-10,FRA,1412,30,32,5,2,deaths
2020-03-11,FRA,1784,33,33,6,3,deaths
2020-03-12,FRA,2281,48,34,7,3,deaths
2020-03-13,FRA,2876,61,35,8,3,deaths
2020-03-14,FRA,3661,79,36,9,3,deaths
2020-03-15,FRA,4499,91,37,10,4,deaths
2020-03-16,FRA,5423,127,38,11,3,deaths
2020-03-17,FRA,6633,148,39,12,4,deaths
2020-03-18,FRA,7730,175,40,13,4,deaths
2020-03-19,FRA,9134,244,41,14,4,deaths
2020-03-20,FRA,10995,372,42,15,2,deaths
2020-03-21,FRA,12612,450,43,16,3,deaths
2020-03-22,FRA,14459,562,44,17,3,deaths
2020-03-23,FRA,16018,674,45,18,4,deaths
2020-03-24,FRA,19856,860,46,19,4,deaths
2020-03-25,FRA,22302,1100,47,20,4,deaths
2020-03-26,FRA,25233,1331,48,21,4,deaths
2020-03-27,FRA,29155,1696,49,22,4,deaths
2020-03-28,FRA,32964,1995,50,23,4,deaths
2020-03-29,FRA,37575,2314,51,24,4,deaths
2020-03-30,FRA,40174,2606,52,25,5,deaths
2020-03-31,FRA,44550,3024,53,26,5,deaths
2020-04-01,FRA,52128,3523,54,27,5,deaths
2020-04-02,FRA,56989,4032,55,28,5,deaths
2020-04-03,FRA,59105,4503,56,29,6,deaths
2020-04-04,FRA,64338,6507,57,30,4,deaths
2020-04-05,FRA,68605,7560,58,31,4,deaths
2020-04-06,FRA,70478,8078,59,32,4,deaths
2020-04-07,FRA,74390,8911,60,33,5,deaths
2020-04-08,FRA,78167,10328,61,34,5,deaths
2020-04-09,FRA,82048,10869,62,35,6,deaths
2020-04-10,FRA,86334,12210,63,36,7,deaths
2020-04-11,FRA,90676,13197,64,37,7,deaths
2020-04-12,FRA,93790,13832,65,38,8,deaths
2020-04-13,FRA,95403,14393,66,39,9,deaths
2020-04-14,FRA,98076,14967,67,40,10,deaths
2019-12-31,GBR,0,0,0,0,12,deaths
2020-01-01,GBR,0,0,0,0,12,deaths
2020-01-02,GBR,0,0,0,0,12,deaths
2020-01-03,GBR,0,0,0,0,12,deaths
2020-01-04,GBR,0,0,0,0,12,deaths
2020-01-05,GBR,0,0,0,0,12,deaths
2020-01-06,GBR,0,0,0,0,12,deaths
2020-01-07,GBR,0,0,0,0,12,deaths
2020-01-08,GBR,0,0,0,0,12,deaths
2020-01-09,GBR,0,0,0,0,12,deaths
2020-01-10,GBR,0,0,0,0,12,deaths
2020-01-11,GBR,0,0,0,0,12,deaths
2020-01-12,GBR,0,0,0,0,12,deaths
2020-01-13,GBR,0,0,0,0,12,deaths
2020-01-14,GBR,0,0,0,0,12,deaths
2020-01-15,GBR,0,0,0,0,12,deaths
2020-01-16,GBR,0,0,0,0,12,deaths
2020-01-17,GBR,0,0,0,0,12,deaths
2020-01-18,GBR,0,0,0,0,12,deaths
2020-01-19,GBR,0,0,0,0,12,deaths
2020-01-20,GBR,0,0,0,0,12,deaths
2020-01-21,GBR,0,0,0,0,12,deaths
2020-01-22,GBR,0,0,0,0,12,deaths
2020-01-23,GBR,0,0,0,0,12,deaths
2020-01-24,GBR,0,0,0,0,12,deaths
2020-01-25,GBR,0,0,0,0,12,deaths
2020-01-26,GBR,0,0,0,0,12,deaths
2020-01-27,GBR,0,0,0,0,12,deaths
2020-01-28,GBR,0,0,0,0,12,deaths
2020-01-29,GBR,0,0,0,0,12,deaths
2020-01-30,GBR,0,0,0,0,12,deaths
2020-01-31,GBR,2,0,0,0,12,deaths
2020-02-01,GBR,2,0,0,0,12,deaths
2020-02-02,GBR,2,0,0,0,12,deaths
2020-02-03,GBR,2,0,0,0,12,deaths
2020-02-04,GBR,2,0,0,0,12,deaths
2020-02-05,GBR,2,0,0,0,12,deaths
2020-02-06,GBR,2,0,0,0,12,deaths
2020-02-07,GBR,3,0,0,0,12,deaths
2020-02-08,GBR,3,0,0,0,12,deaths
2020-02-09,GBR,4,0,0,0,12,deaths
2020-02-10,GBR,4,0,0,0,12,deaths
2020-02-11,GBR,8,0,0,0,12,deaths
2020-02-12,GBR,8,0,0,0,12,deaths
2020-02-13,GBR,9,0,0,0,12,deaths
2020-02-14,GBR,9,0,0,0,12,deaths
2020-02-15,GBR,9,0,0,0,12,deaths
2020-02-16,GBR,9,0,0,0,12,deaths
2020-02-17,GBR,9,0,0,0,12,deaths
2020-02-18,GBR,9,0,0,0,12,deaths
2020-02-19,GBR,9,0,0,0,12,deaths
2020-02-20,GBR,9,0,0,0,12,deaths
2020-02-21,GBR,9,0,0,0,12,deaths
2020-02-22,GBR,9,0,0,0,12,deaths
2020-02-23,GBR,9,0,0,0,12,deaths
2020-02-24,GBR,13,0,1,0,12,deaths
2020-02-25,GBR,13,0,2,0,12,deaths
2020-02-26,GBR,13,0,3,0,12,deaths
2020-02-27,GBR,13,0,4,0,12,deaths
2020-02-28,GBR,16,0,5,0,12,deaths
2020-02-29,GBR,18,0,6,0,12,deaths
2020-03-01,GBR,23,0,7,0,12,deaths
2020-03-02,GBR,36,0,8,0,12,deaths
2020-03-03,GBR,40,0,9,0,12,deaths
2020-03-04,GBR,51,0,10,0,12,deaths
2020-03-05,GBR,85,0,11,0,12,deaths
2020-03-06,GBR,115,1,12,0,12,deaths
2020-03-07,GBR,163,1,13,0,12,deaths
2020-03-08,GBR,206,2,14,0,12,deaths
2020-03-09,GBR,273,3,15,0,12,deaths
2020-03-10,GBR,321,5,16,1,2,deaths
2020-03-11,GBR,373,6,17,2,2,deaths
2020-03-12,GBR,456,6,18,3,3,deaths
2020-03-13,GBR,590,10,19,4,3,deaths
2020-03-14,GBR,707,10,20,5,4,deaths
2020-03-15,GBR,1140,21,21,6,1,deaths
2020-03-16,GBR,1391,35,22,7,2,deaths
2020-03-17,GBR,1543,55,23,8,2,deaths
2020-03-18,GBR,1950,60,24,9,3,deaths
2020-03-19,GBR,2630,103,25,10,3,deaths
2020-03-20,GBR,3277,144,26,11,2,deaths
2020-03-21,GBR,3983,177,27,12,3,deaths
2020-03-22,GBR,5018,233,28,13,3,deaths
2020-03-23,GBR,5683,281,29,14,4,deaths
2020-03-24,GBR,6650,335,30,15,4,deaths
2020-03-25,GBR,8077,422,31,16,4,deaths
2020-03-26,GBR,9529,463,32,17,5,deaths
2020-03-27,GBR,11658,578,33,18,4,deaths
2020-03-28,GBR,14543,759,34,19,4,deaths
2020-03-29,GBR,17089,1019,35,20,3,deaths
2020-03-30,GBR,19522,1228,36,21,3,deaths
2020-03-31,GBR,22141,1408,37,22,4,deaths
2020-04-01,GBR,25150,1789,38,23,4,deaths
2020-04-02,GBR,29474,2532,39,24,3,deaths
2020-04-03,GBR,33718,2921,40,25,3,deaths
2020-04-04,GBR,38168,3605,41,26,3,deaths
2020-04-05,GBR,41903,4313,42,27,4,deaths
2020-04-06,GBR,47806,4934,43,28,5,deaths
2020-04-07,GBR,51608,5373,44,29,5,deaths
2020-04-08,GBR,55242,6159,45,30,5,deaths
2020-04-09,GBR,60733,7097,46,31,6,deaths
2020-04-10,GBR,65077,7978,47,32,6,deaths
2020-04-11,GBR,70272,8958,48,33,6,deaths
2020-04-12,GBR,78991,9875,49,34,6,deaths
2020-04-13,GBR,84279,10612,50,35,7,deaths
2020-04-14,GBR,88621,11329,51,36,7,deaths
2019-12-31,ITA,0,0,0,0,12,deaths
2020-01-01,ITA,0,0,0,0,12,deaths
2020-01-02,ITA,0,0,0,0,12,deaths
2020-01-03,ITA,0,0,0,0,12,deaths
2020-01-04,ITA,0,0,0,0,12,deaths
2020-01-05,ITA,0,0,0,0,12,deaths
2020-01-06,ITA,0,0,0,0,12,deaths
2020-01-07,ITA,0,0,0,0,12,deaths
2020-01-08,ITA,0,0,0,0,12,deaths
2020-01-09,ITA,0,0,0,0,12,deaths
2020-01-10,ITA,0,0,0,0,12,deaths
2020-01-11,ITA,0,0,0,0,12,deaths
2020-01-12,ITA,0,0,0,0,12,deaths
2020-01-13,ITA,0,0,0,0,12,deaths
2020-01-14,ITA,0,0,0,0,12,deaths
2020-01-15,ITA,0,0,0,0,12,deaths
2020-01-16,ITA,0,0,0,0,12,deaths
2020-01-17,ITA,0,0,0,0,12,deaths
2020-01-18,ITA,0,0,0,0,12,deaths
2020-01-19,ITA,0,0,0,0,12,deaths
2020-01-20,ITA,0,0,0,0,12,deaths
2020-01-21,ITA,0,0,0,0,12,deaths
2020-01-22,ITA,0,0,0,0,12,deaths
2020-01-23,ITA,0,0,0,0,12,deaths
2020-01-24,ITA,0,0,0,0,12,deaths
2020-01-25,ITA,0,0,0,0,12,deaths
2020-01-26,ITA,0,0,0,0,12,deaths
2020-01-27,ITA,0,0,0,0,12,deaths
2020-01-28,ITA,0,0,0,0,12,deaths
2020-01-29,ITA,0,0,0,0,12,deaths
2020-01-30,ITA,0,0,0,0,12,deaths
2020-01-31,ITA,3,0,0,0,12,deaths
2020-02-01,ITA,3,0,0,0,12,deaths
2020-02-02,ITA,3,0,0,0,12,deaths
2020-02-03,ITA,3,0,0,0,12,deaths
2020-02-04,ITA,3,0,0,0,12,deaths
2020-02-05,ITA,3,0,0,0,12,deaths
2020-02-06,ITA,3,0,0,0,12,deaths
2020-02-07,ITA,3,0,0,0,12,deaths
2020-02-08,ITA,3,0,0,0,12,deaths
2020-02-09,ITA,3,0,0,0,12,deaths
2020-02-10,ITA,3,0,0,0,12,deaths
2020-02-11,ITA,3,0,0,0,12,deaths
2020-02-12,ITA,3,0,0,0,12,deaths
2020-02-13,ITA,3,0,0,0,12,deaths
2020-02-14,ITA,3,0,0,0,12,deaths
2020-02-15,ITA,3,0,0,0,12,deaths
2020-02-16,ITA,3,0,0,0,12,deaths
2020-02-17,ITA,3,0,0,0,12,deaths
2020-02-18,ITA,3,0,0,0,12,deaths
2020-02-19,ITA,3,0,0,0,12,deaths
2020-02-20,ITA,3,0,0,0,12,deaths
2020-02-21,ITA,3,0,0,0,12,deaths
2020-02-22,ITA,17,0,1,0,12,deaths
2020-02-23,ITA,79,2,2,0,12,deaths
2020-02-24,ITA,132,2,3,0,12,deaths
2020-02-25,ITA,229,6,4,1,1,deaths
2020-02-26,ITA,322,11,5,2,2,deaths
2020-02-27,ITA,400,12,6,3,2,deaths
2020-02-28,ITA,650,17,7,4,3,deaths
2020-02-29,ITA,888,21,8,5,4,deaths
2020-03-01,ITA,1128,29,9,6,3,deaths
2020-03-02,ITA,1689,35,10,7,3,deaths
2020-03-03,ITA,1835,52,11,8,3,deaths
2020-03-04,ITA,2502,80,12,9,2,deaths
2020-03-05,ITA,3089,107,13,10,2,deaths
2020-03-06,ITA,3858,148,14,11,3,deaths
2020-03-07,ITA,4636,197,15,12,3,deaths
2020-03-08,ITA,5883,233,16,13,3,deaths
2020-03-09,ITA,7375,366,17,14,3,deaths
2020-03-10,ITA,9172,464,18,15,3,deaths
2020-03-11,ITA,10149,631,19,16,3,deaths
2020-03-12,ITA,12462,827,20,17,3,deaths
2020-03-13,ITA,15113,1016,21,18,3,deaths
2020-03-14,ITA,17660,1268,22,19,3,deaths
2020-03-15,ITA,17750,1441,23,20,4,deaths
2020-03-16,ITA,23980,1811,24,21,4,deaths
2020-03-17,ITA,27980,2158,25,22,4,deaths
2020-03-18,ITA,31506,2505,26,23,5,deaths
2020-03-19,ITA,35713,2978,27,24,4,deaths
2020-03-20,ITA,41035,3407,28,25,5,deaths
2020-03-21,ITA,47021,4032,29,26,5,deaths
2020-03-22,ITA,53578,4827,30,27,5,deaths
2020-03-23,ITA,59138,5476,31,28,5,deaths
2020-03-24,ITA,63927,6077,32,29,5,deaths
2020-03-25,ITA,69176,6820,33,30,5,deaths
2020-03-26,ITA,74386,7505,34,31,6,deaths
2020-03-27,ITA,80539,8165,35,32,6,deaths
2020-03-28,ITA,86498,9136,36,33,7,deaths
2020-03-29,ITA,92472,10023,37,34,7,deaths
2020-03-30,ITA,97689,10781,38,35,8,deaths
2020-03-31,ITA,101739,11591,39,36,8,deaths
2020-04-01,ITA,105792,12430,40,37,8,deaths
2020-04-02,ITA,110574,13157,41,38,9,deaths
2020-04-03,ITA,115242,13917,42,39,9,deaths
2020-04-04,ITA,119827,14681,43,40,10,deaths
2020-04-05,ITA,124632,15362,44,41,10,deaths
2020-04-06,ITA,128948,15889,45,42,11,deaths
2020-04-07,ITA,132547,16525,46,43,11,deaths
2020-04-08,ITA,135586,17129,47,44,11,deaths
2020-04-09,ITA,139422,17669,48,45,11,deaths
2020-04-10,ITA,143626,18281,49,46,11,deaths
2020-04-11,ITA,147577,18851,50,47,11,deaths
2020-04-12,ITA,152271,19470,51,48,11,deaths
2020-04-13,ITA,156363,19901,52,49,11,deaths
2020-04-14,ITA,159516,20465,53,50,11,deaths
2019-12-31,NLD,0,0,0,0,12,deaths
2020-01-01,NLD,0,0,0,0,12,deaths
2020-01-02,NLD,0,0,0,0,12,deaths
2020-01-03,NLD,0,0,0,0,12,deaths
2020-01-04,NLD,0,0,0,0,12,deaths
2020-01-05,NLD,0,0,0,0,12,deaths
2020-01-06,NLD,0,0,0,0,12,deaths
2020-01-07,NLD,0,0,0,0,12,deaths
2020-01-08,NLD,0,0,0,0,12,deaths
2020-01-09,NLD,0,0,0,0,12,deaths
2020-01-10,NLD,0,0,0,0,12,deaths
2020-01-11,NLD,0,0,0,0,12,deaths
2020-01-12,NLD,0,0,0,0,12,deaths
2020-01-13,NLD,0,0,0,0,12,deaths
2020-01-14,NLD,0,0,0,0,12,deaths
2020-01-15,NLD,0,0,0,0,12,deaths
2020-01-16,NLD,0,0,0,0,12,deaths
2020-01-17,NLD,0,0,0,0,12,deaths
2020-01-18,NLD,0,0,0,0,12,deaths
2020-01-19,NLD,0,0,0,0,12,deaths
2020-01-20,NLD,0,0,0,0,12,deaths
2020-01-21,NLD,0,0,0,0,12,deaths
2020-01-22,NLD,0,0,0,0,12,deaths
2020-01-23,NLD,0,0,0,0,12,deaths
2020-01-24,NLD,0,0,0,0,12,deaths
2020-01-25,NLD,0,0,0,0,12,deaths
2020-01-26,NLD,0,0,0,0,12,deaths
2020-01-27,NLD,0,0,0,0,12,deaths
2020-01-28,NLD,0,0,0,0,12,deaths
2020-01-29,NLD,0,0,0,0,12,deaths
2020-01-30,NLD,0,0,0,0,12,deaths
2020-01-31,NLD,0,0,0,0,12,deaths
2020-02-01,NLD,0,0,0,0,12,deaths
2020-02-02,NLD,0,0,0,0,12,deaths
2020-02-03,NLD,0,0,0,0,12,deaths
2020-02-04,NLD,0,0,0,0,12,deaths
2020-02-05,NLD,0,0,0,0,12,deaths
2020-02-06,NLD,0,0,0,0,12,deaths
2020-02-07,NLD,0,0,0,0,12,deaths
2020-02-08,NLD,0,0,0,0,12,deaths
2020-02-09,NLD,0,0,0,0,12,deaths
2020-02-10,NLD,0,0,0,0,12,deaths
2020-02-11,NLD,0,0,0,0,12,deaths
2020-02-12,NLD,0,0,0,0,12,deaths
2020-02-13,NLD,0,0,0,0,12,deaths
2020-02-14,NLD,0,0,0,0,12,deaths
2020-02-15,NLD,0,0,0,0,12,deaths
2020-02-16,NLD,0,0,0,0,12,deaths
2020-02-17,NLD,0,0,0,0,12,deaths
2020-02-18,NLD,0,0,0,0,12,deaths
2020-02-19,NLD,0,0,0,0,12,deaths
2020-02-20,NLD,0,0,0,0,12,deaths
2020-02-21,NLD,0,0,0,0,12,deaths
2020-02-22,NLD,0,0,0,0,12,deaths
2020-02-23,NLD,0,0,0,0,12,deaths
2020-02-24,NLD,0,0,0,0,12,deaths
2020-02-25,NLD,0,0,0,0,12,deaths
2020-02-26,NLD,0,0,0,0,12,deaths
2020-02-27,NLD,0,0,0,0,12,deaths
2020-02-28,NLD,1,0,0,0,12,deaths
2020-02-29,NLD,2,0,0,0,12,deaths
2020-03-01,NLD,7,0,0,0,12,deaths
2020-03-02,NLD,13,0,1,0,12,deaths
2020-03-03,NLD,18,0,2,0,12,deaths
2020-03-04,NLD,28,0,3,0,12,deaths
2020-03-05,NLD,38,0,4,0,12,deaths
2020-03-06,NLD,82,0,5,0,12,deaths
2020-03-07,NLD,128,1,6,0,12,deaths
2020-03-08,NLD,188,1,7,0,12,deaths
2020-03-09,NLD,265,3,8,0,12,deaths
2020-03-10,NLD,321,3,9,0,12,deaths
2020-03-11,NLD,382,4,10,0,12,deaths
2020-03-12,NLD,503,5,11,1,4,deaths
2020-03-13,NLD,614,5,12,2,5,deaths
2020-03-14,NLD,804,5,13,3,6,deaths
2020-03-15,NLD,959,12,14,4,1,deaths
2020-03-16,NLD,1135,20,15,5,2,deaths
2020-03-17,NLD,1413,24,16,6,2,deaths
2020-03-18,NLD,1705,43,17,7,2,deaths
2020-03-19,NLD,2051,58,18,8,2,deaths
2020-03-20,NLD,2460,76,19,9,3,deaths
2020-03-21,NLD,2994,106,20,10,3,deaths
2020-03-22,NLD,3631,136,21,11,3,deaths
2020-03-23,NLD,4204,179,22,12,3,deaths
2020-03-24,NLD,4749,213,23,13,3,deaths
2020-03-25,NLD,5560,276,24,14,3,deaths
2020-03-26,NLD,6412,356,25,15,4,deaths
2020-03-27,NLD,7431,434,26,16,3,deaths
2020-03-28,NLD,8603,546,27,17,4,deaths
2020-03-29,NLD,9762,639,28,18,4,deaths
2020-03-30,NLD,10866,771,29,19,4,deaths
2020-03-31,NLD,11750,864,30,20,5,deaths
2020-04-01,NLD,12595,1039,31,21,5,deaths
2020-04-02,NLD,13614,1173,32,22,5,deaths
2020-04-03,NLD,14697,1339,33,23,5,deaths
2020-04-04,NLD,15723,1487,34,24,6,deaths
2020-04-05,NLD,16627,1651,35,25,6,deaths
2020-04-06,NLD,17851,1766,36,26,6,deaths
2020-04-07,NLD,18813,1867,37,27,7,deaths
2020-04-08,NLD,19590,2101,38,28,7,deaths
2020-04-09,NLD,20559,2248,39,29,8,deaths
2020-04-10,NLD,21772,2396,40,30,8,deaths
2020-04-11,NLD,23107,2511,41,31,9,deaths
2020-04-12,NLD,24423,2643,42,32,10,deaths
2020-04-13,NLD,25597,2737,43,33,10,deaths
2020-04-14,NLD,26561,2823,44,34,11,deaths
2019-12-31,SWE,0,0,0,0,12,deaths
2020-01-01,SWE,0,0,0,0,12,deaths
2020-01-02,SWE,0,0,0,0,12,deaths
2020-01-03,SWE,0,0,0,0,12,deaths
2020-01-04,SWE,0,0,0,0,12,deaths
2020-01-05,SWE,0,0,0,0,12,deaths
2020-01-06,SWE,0,0,0,0,12,deaths
2020-01-07,SWE,0,0,0,0,12,deaths
2020-01-08,SWE,0,0,0,0,12,deaths
2020-01-09,SWE,0,0,0,0,12,deaths
2020-01-10,SWE,0,0,0,0,12,deaths
2020-01-11,SWE,0,0,0,0,12,deaths
2020-01-12,SWE,0,0,0,0,12,deaths
2020-01-13,SWE,0,0,0,0,12,deaths
2020-01-14,SWE,0,0,0,0,12,deaths
2020-01-15,SWE,0,0,0,0,12,deaths
2020-01-16,SWE,0,0,0,0,12,deaths
2020-01-17,SWE,0,0,0,0,12,deaths
2020-01-18,SWE,0,0,0,0,12,deaths
2020-01-19,SWE,0,0,0,0,12,deaths
2020-01-20,SWE,0,0,0,0,12,deaths
2020-01-21,SWE,0,0,0,0,12,deaths
2020-01-22,SWE,0,0,0,0,12,deaths
2020-01-23,SWE,0,0,0,0,12,deaths
2020-01-24,SWE,0,0,0,0,12,deaths
2020-01-25,SWE,0,0,0,0,12,deaths
2020-01-26,SWE,0,0,0,0,12,deaths
2020-01-27,SWE,0,0,0,0,12,deaths
2020-01-28,SWE,0,0,0,0,12,deaths
2020-01-29,SWE,0,0,0,0,12,deaths
2020-01-30,SWE,0,0,0,0,12,deaths
2020-01-31,SWE,0,0,0,0,12,deaths
2020-02-01,SWE,1,0,0,0,12,deaths
2020-02-02,SWE,1,0,0,0,12,deaths
2020-02-03,SWE,1,0,0,0,12,deaths
2020-02-04,SWE,1,0,0,0,12,deaths
2020-02-05,SWE,1,0,0,0,12,deaths
2020-02-06,SWE,1,0,0,0,12,deaths
2020-02-07,SWE,1,0,0,0,12,deaths
2020-02-08,SWE,1,0,0,0,12,deaths
2020-02-09,SWE,1,0,0,0,12,deaths
2020-02-10,SWE,1,0,0,0,12,deaths
2020-02-11,SWE,1,0,0,0,12,deaths
2020-02-12,SWE,1,0,0,0,12,deaths
2020-02-13,SWE,1,0,0,0,12,deaths
2020-02-14,SWE,1,0,0,0,12,deaths
2020-02-15,SWE,1,0,0,0,12,deaths
2020-02-16,SWE,1,0,0,0,12,deaths
2020-02-17,SWE,1,0,0,0,12,deaths
2020-02-18,SWE,1,0,0,0,12,deaths
2020-02-19,SWE,1,0,0,0,12,deaths
2020-02-20,SWE,1,0,0,0,12,deaths
2020-02-21,SWE,1,0,0,0,12,deaths
2020-02-22,SWE,1,0,0,0,12,deaths
2020-02-23,SWE,1,0,0,0,12,deaths
2020-02-24,SWE,1,0,0,0,12,deaths
2020-02-25,SWE,1,0,0,0,12,deaths
2020-02-26,SWE,1,0,0,0,12,deaths
2020-02-27,SWE,2,0,0,0,12,deaths
2020-02-28,SWE,7,0,0,0,12,deaths
2020-02-29,SWE,12,0,1,0,12,deaths
2020-03-01,SWE,13,0,2,0,12,deaths
2020-03-02,SWE,14,0,3,0,12,deaths
2020-03-03,SWE,15,0,4,0,12,deaths
2020-03-04,SWE,24,0,5,0,12,deaths
2020-03-05,SWE,35,0,6,0,12,deaths
2020-03-06,SWE,61,0,7,0,12,deaths
2020-03-07,SWE,137,0,8,0,12,deaths
2020-03-08,SWE,161,0,9,0,12,deaths
2020-03-09,SWE,203,0,10,0,12,deaths
2020-03-10,SWE,248,0,11,0,12,deaths
2020-03-11,SWE,326,0,12,0,12,deaths
2020-03-12,SWE,462,1,13,0,12,deaths
2020-03-13,SWE,620,1,14,0,12,deaths
2020-03-14,SWE,775,1,15,0,12,deaths
2020-03-15,SWE,924,1,16,0,12,deaths
2020-03-16,SWE,1032,3,17,0,12,deaths
2020-03-17,SWE,1121,7,18,1,1,deaths
2020-03-18,SWE,1167,8,19,2,2,deaths
2020-03-19,SWE,1301,10,20,3,3,deaths
2020-03-20,SWE,1423,10,21,4,4,deaths
2020-03-21,SWE,1623,16,22,5,3,deaths
2020-03-22,SWE,1746,20,23,6,2,deaths
2020-03-23,SWE,1906,21,24,7,3,deaths
2020-03-24,SWE,2016,25,25,8,4,deaths
2020-03-25,SWE,2272,36,26,9,4,deaths
2020-03-26,SWE,2510,42,27,10,3,deaths
2020-03-27,SWE,2806,66,28,11,3,deaths
2020-03-28,SWE,3046,92,29,12,2,deaths
2020-03-29,SWE,3447,102,30,13,3,deaths
2020-03-30,SWE,3700,110,31,14,4,deaths
2020-03-31,SWE,4028,146,32,15,4,deaths
2020-04-01,SWE,4435,180,33,16,5,deaths
2020-04-02,SWE,4947,239,34,17,3,deaths
2020-04-03,SWE,5466,282,35,18,4,deaths
2020-04-04,SWE,6078,333,36,19,4,deaths
2020-04-05,SWE,6443,373,37,20,4,deaths
2020-04-06,SWE,6830,401,38,21,5,deaths
2020-04-07,SWE,7206,477,39,22,6,deaths
2020-04-08,SWE,7693,591,40,23,5,deaths
2020-04-09,SWE,8419,687,41,24,5,deaths
2020-04-10,SWE,9141,793,42,25,5,deaths
2020-04-11,SWE,9685,870,43,26,5,deaths
2020-04-12,SWE,10151,887,44,27,6,deaths
2020-04-13,SWE,10483,899,45,28,7,deaths
2020-04-14,SWE,10948,919,46,29,8,deaths
2019-12-31,USA,0,0,0,0,12,deaths
2020-01-01,USA,0,0,0,0,12,deaths
2020-01-02,USA,0,0,0,0,12,deaths
2020-01-03,USA,0,0,0,0,12,deaths
2020-01-04,USA,0,0,0,0,12,deaths
2020-01-05,USA,0,0,0,0,12,deaths
2020-01-06,USA,0,0,0,0,12,deaths
2020-01-07,USA,0,0,0,0,12,deaths
2020-01-08,USA,0,0,0,0,12,deaths
2020-01-09,USA,0,0,0,0,12,deaths
2020-01-10,USA,0,0,0,0,12,deaths
2020-01-11,USA,0,0,0,0,12,deaths
2020-01-12,USA,0,0,0,0,12,deaths
2020-01-13,USA,0,0,0,0,12,deaths
2020-01-14,USA,0,0,0,0,12,deaths
2020-01-15,USA,0,0,0,0,12,deaths
2020-01-16,USA,0,0,0,0,12,deaths
2020-01-17,USA,0,0,0,0,12,deaths
2020-01-18,USA,0,0,0,0,12,deaths
2020-01-19,USA,0,0,0,0,12,deaths
2020-01-20,USA,0,0,0,0,12,deaths
2020-01-21,USA,1,0,0,0,12,deaths
2020-01-22,USA,1,0,0,0,12,deaths
2020-01-23,USA,1,0,0,0,12,deaths
2020-01-24,USA,1,0,0,0,12,deaths
2020-01-25,USA,2,0,0,0,12,deaths
2020-01-26,USA,2,0,0,0,12,deaths
2020-01-27,USA,5,0,0,0,12,deaths
2020-01-28,USA,5,0,0,0,12,deaths
2020-01-29,USA,5,0,0,0,12,deaths
2020-01-30,USA,5,0,0,0,12,deaths
2020-01-31,USA,6,0,0,0,12,deaths
2020-02-01,USA,7,0,0,0,12,deaths
2020-02-02,USA,8,0,0,0,12,deaths
2020-02-03,USA,11,0,1,0,12,deaths
2020-02-04,USA,11,0,2,0,12,deaths
2020-02-05,USA,11,0,3,0,12,deaths
2020-02-06,USA,12,0,4,0,12,deaths
2020-02-07,USA,12,0,5,0,12,deaths
2020-02-08,USA,12,0,6,0,12,deaths
2020-02-09,USA,12,0,7,0,12,deaths
2020-02-10,USA,12,0,8,0,12,deaths
2020-02-11,USA,13,0,9,0,12,deaths
2020-02-12,USA,13,0,10,0,12,deaths
2020-02-13,USA,14,0,11,0,12,deaths
2020-02-14,USA,15,0,12,0,12,deaths
2020-02-15,USA,15,0,13,0,12,deaths
2020-02-16,USA,15,0,14,0,12,deaths
2020-02-17,USA,15,0,15,0,12,deaths
2020-02-18,USA,15,0,16,0,12,deaths
2020-02-19,USA,15,0,17,0,12,deaths
2020-02-20,USA,15,0,18,0,12,deaths
2020-02-21,USA,16,0,19,0,12,deaths
2020-02-22,USA,35,0,20,0,12,deaths
2020-02-23,USA,35,0,21,0,12,deaths
2020-02-24,USA,35,0,22,0,12,deaths
2020-02-25,USA,53,0,23,0,12,deaths
2020-02-26,USA,53,0,24,0,12,deaths
2020-02-27,USA,59,0,25,0,12,deaths
2020-02-28,USA,60,0,26,0,12,deaths
2020-02-29,USA,66,0,27,0,12,deaths
2020-03-01,USA,69,1,28,0,12,deaths
2020-03-02,USA,89,2,29,0,12,deaths
2020-03-03,USA,103,6,30,1,1,deaths
2020-03-04,USA,125,9,31,2,2,deaths
2020-03-05,USA,159,11,32,3,3,deaths
2020-03-06,USA,233,12,33,4,3,deaths
2020-03-07,USA,338,14,34,5,4,deaths
2020-03-08,USA,433,17,35,6,5,deaths
2020-03-09,USA,554,21,36,7,5,deaths
2020-03-10,USA,754,26,37,8,4,deaths
2020-03-11,USA,1025,28,38,9,4,deaths
2020-03-12,USA,1312,30,39,10,5,deaths
2020-03-13,USA,1663,40,40,11,5,deaths
2020-03-14,USA,2174,47,41,12,5,deaths
2020-03-15,USA,2951,57,42,13,4,deaths
2020-03-16,USA,3774,69,43,14,4,deaths
2020-03-17,USA,4661,85,44,15,4,deaths
2020-03-18,USA,6427,108,45,16,4,deaths
2020-03-19,USA,9415,150,46,17,3,deaths
2020-03-20,USA,14250,150,47,18,4,deaths
2020-03-21,USA,19624,260,48,19,3,deaths
2020-03-22,USA,26747,340,49,20,2,deaths
2020-03-23,USA,35206,471,50,21,3,deaths
2020-03-24,USA,46442,590,51,22,3,deaths
2020-03-25,USA,55231,801,52,23,3,deaths
2020-03-26,USA,69194,1050,53,24,3,deaths
2020-03-27,USA,85991,1296,54,25,3,deaths
2020-03-28,USA,104686,1707,55,26,3,deaths
2020-03-29,USA,124665,2191,56,27,3,deaths
2020-03-30,USA,143025,2509,57,28,4,deaths
2020-03-31,USA,164620,3170,58,29,4,deaths
2020-04-01,USA,189618,4079,59,30,4,deaths
2020-04-02,USA,216721,5138,60,31,3,deaths
2020-04-03,USA,245540,6053,61,32,4,deaths
2020-04-04,USA,277965,7157,62,33,4,deaths
2020-04-05,USA,312237,8501,63,34,4,deaths
2020-04-06,USA,337635,9647,64,35,5,deaths
2020-04-07,USA,368196,10989,65,36,5,deaths
2020-04-08,USA,398809,12895,66,37,5,deaths
2020-04-09,USA,432132,14817,67,38,5,deaths
2020-04-10,USA,466033,16690,68,39,6,deaths
2020-04-11,USA,501560,18777,69,40,6,deaths
2020-04-12,USA,529951,20608,70,41,6,deaths
2020-04-13,USA,557571,22108,71,42,6,deaths
2020-04-14,USA,582594,23649,72,43,7,deaths