dateRep,day,month,year,cases,deaths,countriesAndTerritories,geoId,countryterritoryCode,popData2018,cum_cases,cum_deaths,Days_10cases,Days_5deaths,cases_doubling,deaths_doubling
2019-12-31,31,12,2019,0,0,Belgium,BE,BEL,11422068,0,0,0,0,,
2020-01-01,1,1,2020,0,0,Belgium,BE,BEL,11422068,0,0,0,0,,
2020-01-02,2,1,2020,0,0,Belgium,BE,BEL,11422068,0,0,0,0,,
2020-01-03,3,1,2020,0,0,Belgium,BE,BEL,11422068,0,0,0,0,,
2020-01-04,4,1,2020,0,0,Belgium,BE,BEL,11422068,0,0,0,0,,
2020-01-05,5,1,2020,0,0,Belgium,BE,BEL,11422068,0,0,0,0,,
2020-01-06,6,1,2020,0,0,Belgium,BE,BEL,11422068,0,0,0,0,,
2020-01-07,7,1,2020,0,0,Belgium,BE,BEL,11422068,0,0,0,0,,
2020-01-08,8,1,2020,0,0,Belgium,BE,BEL,11422068,0,0,0,0,,
2020-01-09,9,1,2020,0,0,Belgium,BE,BEL,11422068,0,0,0,0,,
2020-01-10,10,1,2020,0,0,Belgium,BE,BEL,11422068,0,0,0,0,,
2020-01-11,11,1,2020,0,0,Belgium,BE,BEL,11422068,0,0,0,0,,
2020-01-12,12,1,2020,0,0,Belgium,BE,BEL,11422068,0,0,0,0,,
2020-01-13,13,1,2020,0,0,Belgium,BE,BEL,11422068,0,0,0,0,,
2020-01-14,14,1,2020,0,0,Belgium,BE,BEL,11422068,0,0,0,0,,
2020-01-15,15,1,2020,0,0,Belgium,BE,BEL,11422068,0,0,0,0,,
2020-01-16,16,1,2020,0,0,Belgium,BE,BEL,11422068,0,0,0,0,,
2020-01-17,17,1,2020,0,0,Belgium,BE,BEL,11422068,0,0,0,0,,
2020-01-18,18,1,2020,0,0,Belgium,BE,BEL,11422068,0,0,0,0,,
2020-01-19,19,1,2020,0,0,Belgium,BE,BEL,11422068,0,0,0,0,,
2020-01-20,20,1,2020,0,0,Belgium,BE,BEL,11422068,0,0,0,0,,
2020-01-21,21,1,2020,0,0,Belgium,BE,BEL,11422068,0,0,0,0,,
2020-01-22,22,1,2020,0,0,Belgium,BE,BEL,11422068,0,0,0,0,,
2020-01-23,23,1,2020,0,0,Belgium,BE,BEL,11422068,0,0,0,0,,
2020-01-24,24,1,2020,0,0,Belgium,BE,BEL,11422068,0,0,0,0,,
2020-01-25,25,1,2020,0,0,Belgium,BE,BEL,11422068,0,0,0,0,,
2020-01-26,26,1,2020,0,0,Belgium,BE,BEL,11422068,0,0,0,0,,
2020-01-27,27,1,2020,0,0,Belgium,BE,BEL,11422068,0,0,0,0,,
2020-01-28,28,1,2020,0,0,Belgium,BE,BEL,11422068,0,0,0,0,,
2020-01-29,29,1,2020,0,0,Belgium,BE,BEL,11422068,0,0,0,0,,
2020-01-30,30,1,2020,0,0,Belgium,BE,BEL,11422068,0,0,0,0,,
2020-01-31,31,1,2020,0,0,Belgium,BE,BEL,11422068,0,0,0,0,,
2020-02-01,1,2,2020,0,0,Belgium,BE,BEL,11422068,0,0,0,0,,
2020-02-02,2,2,2020,0,0,Belgium,BE,BEL,11422068,0,0,0,0,,
2020-02-03,3,2,2020,0,0,Belgium,BE,BEL,11422068,0,0,0,0,,
2020-02-04,4,2,2020,1,0,Belgium,BE,BEL,11422068,1,0,0,0,,
2020-02-05,5,2,2020,0,0,Belgium,BE,BEL,11422068,1,0,0,0,,
2020-02-06,6,2,2020,0,0,Belgium,BE,BEL,11422068,1,0,0,0,,
2020-02-07,7,2,2020,0,0,Belgium,BE,BEL,11422068,1,0,0,0,,
2020-02-08,8,2,2020,0,0,Belgium,BE,BEL,11422068,1,0,0,0,,
2020-02-09,9,2,2020,0,0,Belgium,BE,BEL,11422068,1,0,0,0,,
2020-02-10,10,2,2020,0,0,Belgium,BE,BEL,11422068,1,0,0,0,,
2020-02-11,11,2,2020,0,0,Belgium,BE,BEL,11422068,1,0,0,0,,
2020-02-12,12,2,2020,0,0,Belgium,BE,BEL,11422068,1,0,0,0,,
2020-02-13,13,2,2020,0,0,Belgium,BE,BEL,11422068,1,0,0,0,,
2020-02-14,14,2,2020,0,0,Belgium,BE,BEL,11422068,1,0,0,0,,
2020-02-15,15,2,2020,0,0,Belgium,BE,BEL,11422068,1,0,0,0,,
2020-02-16,16,2,2020,0,0,Belgium,BE,BEL,11422068,1,0,0,0,,
2020-02-17,17,2,2020,0,0,Belgium,BE,BEL,11422068,1,0,0,0,,
2020-02-18,18,2,2020,0,0,Belgium,BE,BEL,11422068,1,0,0,0,,
2020-02-19,19,2,2020,0,0,Belgium,BE,BEL,11422068,1,0,0,0,,
2020-02-20,20,2,2020,0,0,Belgium,BE,BEL,11422068,1,0,0,0,,
2020-02-21,21,2,2020,0,0,Belgium,BE,BEL,11422068,1,0,0,0,,
2020-02-22,22,2,2020,0,0,Belgium,BE,BEL,11422068,1,0,0,0,,
2020-02-23,23,2,2020,0,0,Belgium,BE,BEL,11422068,1,0,0,0,,
2020-02-24,24,2,2020,0,0,Belgium,BE,BEL,11422068,1,0,0,0,,
2020-02-25,25,2,2020,0,0,Belgium,BE,BEL,11422068,1,0,0,0,,
2020-02-26,26,2,2020,0,0,Belgium,BE,BEL,11422068,1,0,0,0,,
2020-02-27,27,2,2020,0,0,Belgium,BE,BEL,11422068,1,0,0,0,,
2020-02-28,28,2,2020,0,0,Belgium,BE,BEL,11422068,1,0,0,0,,
2020-02-29,29,2,2020,0,0,Belgium,BE,BEL,11422068,1,0,0,0,,
2020-03-01,1,3,2020,0,0,Belgium,BE,BEL,11422068,1,0,0,0,,
2020-03-02,2,3,2020,1,0,Belgium,BE,BEL,11422068,2,0,0,0,,
2020-03-03,3,3,2020,6,0,Belgium,BE,BEL,11422068,8,0,0,0,,
2020-03-04,4,3,2020,5,0,Belgium,BE,BEL,11422068,13,0,1,0,,
2020-03-05,5,3,2020,10,0,Belgium,BE,BEL,11422068,23,0,2,0,,
2020-03-06,6,3,2020,27,0,Belgium,BE,BEL,11422068,50,0,3,0,,
2020-03-07,7,3,2020,59,0,Belgium,BE,BEL,11422068,109,0,4,0,,
2020-03-08,8,3,2020,60,0,Belgium,BE,BEL,11422068,169,0,5,0,,
2020-03-09,9,3,2020,31,0,Belgium,BE,BEL,11422068,200,0,6,0,,
2020-03-10,10,3,2020,39,0,Belgium,BE,BEL,11422068,239,0,7,0,,
2020-03-11,11,3,2020,28,0,Belgium,BE,BEL,11422068,267,0,8,0,,
2020-03-12,12,3,2020,47,3,Belgium,BE,BEL,11422068,314,3,9,0,,
2020-03-13,13,3,2020,85,0,Belgium,BE,BEL,11422068,399,3,10,0,,
2020-03-14,14,3,2020,160,0,Belgium,BE,BEL,11422068,559,3,11,0,,
2020-03-15,15,3,2020,130,1,Belgium,BE,BEL,11422068,689,4,12,0,,
2020-03-16,16,3,2020,197,0,Belgium,BE,BEL,11422068,886,4,13,0,,
2020-03-17,17,3,2020,199,1,Belgium,BE,BEL,11422068,1085,5,14,1,,
2020-03-18,18,3,2020,158,0,Belgium,BE,BEL,11422068,1243,5,15,2,,
2020-03-19,19,3,2020,243,9,Belgium,BE,BEL,11422068,1486,14,16,3,,
2020-03-20,20,3,2020,309,7,Belgium,BE,BEL,11422068,1795,21,17,4,,
2020-03-21,21,3,2020,462,16,Belgium,BE,BEL,11422068,2257,37,18,5,,
2020-03-22,22,3,2020,558,30,Belgium,BE,BEL,11422068,2815,67,19,6,,
2020-03-23,23,3,2020,586,8,Belgium,BE,BEL,11422068,3401,75,20,7,,
2020-03-24,24,3,2020,342,13,Belgium,BE,BEL,11422068,3743,88,21,8,,
2020-03-25,25,3,2020,526,34,Belgium,BE,BEL,11422068,4269,122,22,9,,
2020-03-26,26,3,2020,668,56,Belgium,BE,BEL,11422068,4937,178,23,10,,
2020-03-27,27,3,2020,1298,42,Belgium,BE,BEL,11422068,6235,220,24,11,,
2020-03-28,28,3,2020,1049,69,Belgium,BE,BEL,11422068,7284,289,25,12,,
2020-03-29,29,3,2020,1850,64,Belgium,BE,BEL,11422068,9134,353,26,13,,
2020-03-30,30,3,2020,1702,78,Belgium,BE,BEL,11422068,10836,431,27,14,,
2020-03-31,31,3,2020,1063,82,Belgium,BE,BEL,11422068,11899,513,28,15,,
2020-04-01,1,4,2020,876,192,Belgium,BE,BEL,11422068,12775,705,29,16,,
2020-04-02,2,4,2020,1189,123,Belgium,BE,BEL,11422068,13964,828,30,17,,
2020-04-03,3,4,2020,1384,183,Belgium,BE,BEL,11422068,15348,1011,31,18,,
2020-04-04,4,4,2020,1422,132,Belgium,BE,BEL,11422068,16770,1143,32,19,,
2020-04-05,5,4,2020,1661,140,Belgium,BE,BEL,11422068,18431,1283,33,20,,
2020-04-06,6,4,2020,1260,164,Belgium,BE,BEL,11422068,19691,1447,34,21,,
2019-12-31,31,12,2019,0,0,Canada,CA,CAN,37058856,0,0,0,0,,
2020-01-01,1,1,2020,0,0,Canada,CA,CAN,37058856,0,0,0,0,,
2020-01-02,2,1,2020,0,0,Canada,CA,CAN,37058856,0,0,0,0,,
2020-01-03,3,1,2020,0,0,Canada,CA,CAN,37058856,0,0,0,0,,
2020-01-04,4,1,2020,0,0,Canada,CA,CAN,37058856,0,0,0,0,,
2020-01-05,5,1,2020,0,0,Canada,CA,CAN,37058856,0,0,0,0,,
2020-01-06,6,1,2020,0,0,Canada,CA,CAN,37058856,0,0,0,0,,
2020-01-07,7,1,2020,0,0,Canada,CA,CAN,37058856,0,0,0,0,,
2020-01-08,8,1,2020,0,0,Canada,CA,CAN,37058856,0,0,0,0,,
2020-01-09,9,1,2020,0,0,Canada,CA,CAN,37058856,0,0,0,0,,
2020-01-10,10,1,2020,0,0,Canada,CA,CAN,37058856,0,0,0,0,,
2020-01-11,11,1,2020,0,0,Canada,CA,CAN,37058856,0,0,0,0,,
2020-01-12,12,1,2020,0,0,Canada,CA,CAN,37058856,0,0,0,0,,
2020-01-13,13,1,2020,0,0,Canada,CA,CAN,37058856,0,0,0,0,,
2020-01-14,14,1,2020,0,0,Canada,CA,CAN,37058856,0,0,0,0,,
2020-01-15,15,1,2020,0,0,Canada,CA,CAN,37058856,0,0,0,0,,
2020-01-16,16,1,2020,0,0,Canada,CA,CAN,37058856,0,0,0,0,,
2020-01-17,17,1,2020,0,0,Canada,CA,CAN,37058856,0,0,0,0,,
2020-01-18,18,1,2020,0,0,Canada,CA,CAN,37058856,0,0,0,0,,
2020-01-19,19,1,2020,0,0,Canada,CA,CAN,37058856,0,0,0,0,,
2020-01-20,20,1,2020,0,0,Canada,CA,CAN,37058856,0,0,0,0,,
2020-01-21,21,1,2020,0,0,Canada,CA,CAN,37058856,0,0,0,0,,
2020-01-22,22,1,2020,0,0,Canada,CA,CAN,37058856,0,0,0,0,,
2020-01-23,23,1,2020,0,0,Canada,CA,CAN,37058856,0,0,0,0,,
2020-01-24,24,1,2020,0,0,Canada,CA,CAN,37058856,0,0,0,0,,
2020-01-25,25,1,2020,0,0,Canada,CA,CAN,37058856,0,0,0,0,,
2020-01-26,26,1,2020,1,0,Canada,CA,CAN,37058856,1,0,0,0,,
2020-01-27,27,1,2020,0,0,Canada,CA,CAN,37058856,1,0,0,0,,
2020-01-28,28,1,2020,1,0,Canada,CA,CAN,37058856,2,0,0,0,,
2020-01-29,29,1,2020,1,0,Canada,CA,CAN,37058856,3,0,0,0,,
2020-01-30,30,1,2020,0,0,Canada,CA,CAN,37058856,3,0,0,0,,
2020-01-31,31,1,2020,0,0,Canada,CA,CAN,37058856,3,0,0,0,,
2020-02-01,1,2,2020,1,0,Canada,CA,CAN,37058856,4,0,0,0,,
2020-02-02,2,2,2020,0,0,Canada,CA,CAN,37058856,4,0,0,0,,
2020-02-03,3,2,2020,0,0,Canada,CA,CAN,37058856,4,0,0,0,,
2020-02-04,4,2,2020,0,0,Canada,CA,CAN,37058856,4,0,0,0,,
2020-02-05,5,2,2020,1,0,Canada,CA,CAN,37058856,5,0,0,0,,
2020-02-06,6,2,2020,0,0,Canada,CA,CAN,37058856,5,0,0,0,,
2020-02-07,7,2,2020,2,0,Canada,CA,CAN,37058856,7,0,0,0,,
2020-02-08,8,2,2020,0,0,Canada,CA,CAN,37058856,7,0,0,0,,
2020-02-09,9,2,2020,0,0,Canada,CA,CAN,37058856,7,0,0,0,,
2020-02-10,10,2,2020,0,0,Canada,CA,CAN,37058856,7,0,0,0,,
2020-02-11,11,2,2020,0,0,Canada,CA,CAN,37058856,7,0,0,0,,
2020-02-12,12,2,2020,0,0,Canada,CA,CAN,37058856,7,0,0,0,,
2020-02-13,13,2,2020,0,0,Canada,CA,CAN,37058856,7,0,0,0,,
2020-02-14,14,2,2020,0,0,Canada,CA,CAN,37058856,7,0,0,0,,
2020-02-15,15,2,2020,1,0,Canada,CA,CAN,37058856,8,0,0,0,,
2020-02-16,16,2,2020,0,0,Canada,CA,CAN,37058856,8,0,0,0,,
2020-02-17,17,2,2020,0,0,Canada,CA,CAN,37058856,8,0,0,0,,
2020-02-18,18,2,2020,0,0,Canada,CA,CAN,37058856,8,0,0,0,,
2020-02-19,19,2,2020,0,0,Canada,CA,CAN,37058856,8,0,0,0,,
2020-02-20,20,2,2020,0,0,Canada,CA,CAN,37058856,8,0,0,0,,
2020-02-21,21,2,2020,1,0,Canada,CA,CAN,37058856,9,0,0,0,,
2020-02-22,22,2,2020,0,0,Canada,CA,CAN,37058856,9,0,0,0,,
2020-02-23,23,2,2020,0,0,Canada,CA,CAN,37058856,9,0,0,0,,
2020-02-24,24,2,2020,0,0,Canada,CA,CAN,37058856,9,0,0,0,,
2020-02-25,25,2,2020,2,0,Canada,CA,CAN,37058856,11,0,1,0,,
2020-02-26,26,2,2020,0,0,Canada,CA,CAN,37058856,11,0,2,0,,
2020-02-27,27,2,2020,1,0,Canada,CA,CAN,37058856,12,0,3,0,,
2020-02-28,28,2,2020,2,0,Canada,CA,CAN,37058856,14,0,4,0,,
2020-02-29,29,2,2020,2,0,Canada,CA,CAN,37058856,16,0,5,0,,
2020-03-01,1,3,2020,4,0,Canada,CA,CAN,37058856,20,0,6,0,,
2020-03-02,2,3,2020,4,0,Canada,CA,CAN,37058856,24,0,7,0,,
2020-03-03,3,3,2020,3,0,Canada,CA,CAN,37058856,27,0,8,0,,
2020-03-04,4,3,2020,3,0,Canada,CA,CAN,37058856,30,0,9,0,,
2020-03-05,5,3,2020,3,0,Canada,CA,CAN,37058856,33,0,10,0,,
2020-03-06,6,3,2020,12,0,Canada,CA,CAN,37058856,45,0,11,0,,
2020-03-07,7,3,2020,6,0,Canada,CA,CAN,37058856,51,0,12,0,,
2020-03-08,8,3,2020,6,0,Canada,CA,CAN,37058856,57,0,13,0,,
2020-03-09,9,3,2020,5,0,Canada,CA,CAN,37058856,62,0,14,0,,
2020-03-10,10,3,2020,15,1,Canada,CA,CAN,37058856,77,1,15,0,,
2020-03-11,11,3,2020,16,0,Canada,CA,CAN,37058856,93,1,16,0,,
2020-03-12,12,3,2020,10,0,Canada,CA,CAN,37058856,103,1,17,0,,
2020-03-13,13,3,2020,35,0,Canada,CA,CAN,37058856,138,1,18,0,,
2020-03-14,14,3,2020,38,0,Canada,CA,CAN,37058856,176,1,19,0,,
2020-03-15,15,3,2020,68,0,Canada,CA,CAN,37058856,244,1,20,0,,
2020-03-16,16,3,2020,60,0,Canada,CA,CAN,37058856,304,1,21,0,,
2020-03-17,17,3,2020,120,3,Canada,CA,CAN,37058856,424,4,22,0,,
2020-03-18,18,3,2020,145,4,Canada,CA,CAN,37058856,569,8,23,1,,
2020-03-19,19,3,2020,121,1,Canada,CA,CAN,37058856,690,9,24,2,,
2020-03-20,20,3,2020,156,1,Canada,CA,CAN,37058856,846,10,25,3,,
2020-03-21,21,3,2020,125,2,Canada,CA,CAN,37058856,971,12,26,4,,
2020-03-22,22,3,2020,260,1,Canada,CA,CAN,37058856,1231,13,27,5,,
2020-03-23,23,3,2020,199,5,Canada,CA,CAN,37058856,1430,18,28,6,,
2020-03-24,24,3,2020,216,6,Canada,CA,CAN,37058856,1646,24,29,7,,
2020-03-25,25,3,2020,313,3,Canada,CA,CAN,37058856,1959,27,30,8,,
2020-03-26,26,3,2020,1426,8,Canada,CA,CAN,37058856,3385,35,31,9,,
2020-03-27,27,3,2020,633,4,Canada,CA,CAN,37058856,4018,39,32,10,,
2020-03-28,28,3,2020,671,14,Canada,CA,CAN,37058856,4689,53,33,11,,
2020-03-29,29,3,2020,697,7,Canada,CA,CAN,37058856,5386,60,34,12,,
2020-03-30,30,3,2020,869,1,Canada,CA,CAN,37058856,6255,61,35,13,,
2020-03-31,31,3,2020,1169,28,Canada,CA,CAN,37058856,7424,89,36,14,,
2020-04-01,1,4,2020,1112,7,Canada,CA,CAN,37058856,8536,96,37,15,,
2020-04-02,2,4,2020,1059,13,Canada,CA,CAN,37058856,9595,109,38,16,,
2020-04-03,3,4,2020,1673,29,Canada,CA,CAN,37058856,11268,138,39,17,,
2020-04-04,4,4,2020,1251,49,Canada,CA,CAN,37058856,12519,187,40,18,,
2020-04-05,5,4,2020,1363,44,Canada,CA,CAN,37058856,13882,231,41,19,,
2020-04-06,6,4,2020,1614,49,Canada,CA,CAN,37058856,15496,280,42,20,,
2019-12-31,31,12,2019,0,0,Germany,DE,DEU,82927922,0,0,0,0,,
2020-01-01,1,1,2020,0,0,Germany,DE,DEU,82927922,0,0,0,0,,
2020-01-02,2,1,2020,0,0,Germany,DE,DEU,82927922,0,0,0,0,,
2020-01-03,3,1,2020,0,0,Germany,DE,DEU,82927922,0,0,0,0,,
2020-01-04,4,1,2020,0,0,Germany,DE,DEU,82927922,0,0,0,0,,
2020-01-05,5,1,2020,0,0,Germany,DE,DEU,82927922,0,0,0,0,,
2020-01-06,6,1,2020,0,0,Germany,DE,DEU,82927922,0,0,0,0,,
2020-01-07,7,1,2020,0,0,Germany,DE,DEU,82927922,0,0,0,0,,
2020-01-08,8,1,2020,0,0,Germany,DE,DEU,82927922,0,0,0,0,,
2020-01-09,9,1,2020,0,0,Germany,DE,DEU,82927922,0,0,0,0,,
2020-01-10,10,1,2020,0,0,Germany,DE,DEU,82927922,0,0,0,0,,
2020-01-11,11,1,2020,0,0,Germany,DE,DEU,82927922,0,0,0,0,,
2020-01-12,12,1,2020,0,0,Germany,DE,DEU,82927922,0,0,0,0,,
2020-01-13,13,1,2020,0,0,Germany,DE,DEU,82927922,0,0,0,0,,
2020-01-14,14,1,2020,0,0,Germany,DE,DEU,82927922,0,0,0,0,,
2020-01-15,15,1,2020,0,0,Germany,DE,DEU,82927922,0,0,0,0,,
2020-01-16,16,1,2020,0,0,Germany,DE,DEU,82927922,0,0,0,0,,
2020-01-17,17,1,2020,0,0,Germany,DE,DEU,82927922,0,0,0,0,,
2020-01-18,18,1,2020,0,0,Germany,DE,DEU,82927922,0,0,0,0,,
2020-01-19,19,1,2020,0,0,Germany,DE,DEU,82927922,0,0,0,0,,
2020-01-20,20,1,2020,0,0,Germany,DE,DEU,82927922,0,0,0,0,,
2020-01-21,21,1,2020,0,0,Germany,DE,DEU,82927922,0,0,0,0,,
2020-01-22,22,1,2020,0,0,Germany,DE,DEU,82927922,0,0,0,0,,
2020-01-23,23,1,2020,0,0,Germany,DE,DEU,82927922,0,0,0,0,,
2020-01-24,24,1,2020,0,0,Germany,DE,DEU,82927922,0,0,0,0,,
2020-01-25,25,1,2020,0,0,Germany,DE,DEU,82927922,0,0,0,0,,
2020-01-26,26,1,2020,0,0,Germany,DE,DEU,82927922,0,0,0,0,,
2020-01-27,27,1,2020,0,0,Germany,DE,DEU,82927922,0,0,0,0,,
2020-01-28,28,1,2020,1,0,Germany,DE,DEU,82927922,1,0,0,0,,
2020-01-29,29,1,2020,3,0,Germany,DE,DEU,82927922,4,0,0,0,,
2020-01-30,30,1,2020,0,0,Germany,DE,DEU,82927922,4,0,0,0,,
2020-01-31,31,1,2020,1,0,Germany,DE,DEU,82927922,5,0,0,0,,
2020-02-01,1,2,2020,2,0,Germany,DE,DEU,82927922,7,0,0,0,,
2020-02-02,2,2,2020,1,0,Germany,DE,DEU,82927922,8,0,0,0,,
2020-02-03,3,2,2020,1,0,Germany,DE,DEU,82927922,9,0,0,0,,
2020-02-04,4,2,2020,2,0,Germany,DE,DEU,82927922,11,0,1,0,,
2020-02-05,5,2,2020,0,0,Germany,DE,DEU,82927922,11,0,2,0,,
2020-02-06,6,2,2020,0,0,Germany,DE,DEU,82927922,11,0,3,0,,
2020-02-07,7,2,2020,1,0,Germany,DE,DEU,82927922,12,0,4,0,,
2020-02-08,8,2,2020,1,0,Germany,DE,DEU,82927922,13,0,5,0,,
2020-02-09,9,2,2020,0,0,Germany,DE,DEU,82927922,13,0,6,0,,
2020-02-10,10,2,2020,0,0,Germany,DE,DEU,82927922,13,0,7,0,,
2020-02-11,11,2,2020,0,0,Germany,DE,DEU,82927922,13,0,8,0,,
2020-02-12,12,2,2020,2,0,Germany,DE,DEU,82927922,15,0,9,0,,
2020-02-13,13,2,2020,0,0,Germany,DE,DEU,82927922,15,0,10,0,,
2020-02-14,14,2,2020,0,0,Germany,DE,DEU,82927922,15,0,11,0,,
2020-02-15,15,2,2020,0,0,Germany,DE,DEU,82927922,15,0,12,0,,
2020-02-16,16,2,2020,0,0,Germany,DE,DEU,82927922,15,0,13,0,,
2020-02-17,17,2,2020,0,0,Germany,DE,DEU,82927922,15,0,14,0,,
2020-02-18,18,2,2020,0,0,Germany,DE,DEU,82927922,15,0,15,0,,
2020-02-19,19,2,2020,0,0,Germany,DE,DEU,82927922,15,0,16,0,,
2020-02-20,20,2,2020,0,0,Germany,DE,DEU,82927922,15,0,17,0,,
2020-02-21,21,2,2020,0,0,Germany,DE,DEU,82927922,15,0,18,0,,
2020-02-22,22,2,2020,0,0,Germany,DE,DEU,82927922,15,0,19,0,,
2020-02-23,23,2,2020,0,0,Germany,DE,DEU,82927922,15,0,20,0,,
2020-02-24,24,2,2020,0,0,Germany,DE,DEU,82927922,15,0,21,0,,
2020-02-25,25,2,2020,0,0,Germany,DE,DEU,82927922,15,0,22,0,,
2020-02-26,26,2,2020,2,0,Germany,DE,DEU,82927922,17,0,23,0,,
2020-02-27,27,2,2020,4,0,Germany,DE,DEU,82927922,21,0,24,0,,
2020-02-28,28,2,2020,26,0,Germany,DE,DEU,82927922,47,0,25,0,,
2020-02-29,29,2,2020,10,0,Germany,DE,DEU,82927922,57,0,26,0,,
2020-03-01,1,3,2020,54,0,Germany,DE,DEU,82927922,111,0,27,0,,
2020-03-02,2,3,2020,18,0,Germany,DE,DEU,82927922,129,0,28,0,,
2020-03-03,3,3,2020,28,0,Germany,DE,DEU,82927922,157,0,29,0,,
2020-03-04,4,3,2020,39,0,Germany,DE,DEU,82927922,196,0,30,0,,
2020-03-05,5,3,2020,66,0,Germany,DE,DEU,82927922,262,0,31,0,,
2020-03-06,6,3,2020,138,0,Germany,DE,DEU,82927922,400,0,32,0,,
2020-03-07,7,3,2020,284,0,Germany,DE,DEU,82927922,684,0,33,0,,
2020-03-08,8,3,2020,163,0,Germany,DE,DEU,82927922,847,0,34,0,,
2020-03-09,9,3,2020,55,0,Germany,DE,DEU,82927922,902,0,35,0,,
2020-03-10,10,3,2020,237,2,Germany,DE,DEU,82927922,1139,2,36,0,,
2020-03-11,11,3,2020,157,0,Germany,DE,DEU,82927922,1296,2,37,0,,
2020-03-12,12,3,2020,271,1,Germany,DE,DEU,82927922,1567,3,38,0,,
2020-03-13,13,3,2020,802,2,Germany,DE,DEU,82927922,2369,5,39,1,,
2020-03-14,14,3,2020,693,0,Germany,DE,DEU,82927922,3062,5,40,2,,
2020-03-15,15,3,2020,733,3,Germany,DE,DEU,82927922,3795,8,41,3,,
2020-03-16,16,3,2020,1043,4,Germany,DE,DEU,82927922,4838,12,42,4,,
2020-03-17,17,3,2020,1174,1,Germany,DE,DEU,82927922,6012,13,43,5,,
2020-03-18,18,3,2020,1144,0,Germany,DE,DEU,82927922,7156,13,44,6,,
2020-03-19,19,3,2020,1042,0,Germany,DE,DEU,82927922,8198,13,45,7,,
2020-03-20,20,3,2020,5940,30,Germany,DE,DEU,82927922,14138,43,46,8,,
2020-03-21,21,3,2020,4049,2,Germany,DE,DEU,82927922,18187,45,47,9,,
2020-03-22,22,3,2020,3276,22,Germany,DE,DEU,82927922,21463,67,48,10,,
2020-03-23,23,3,2020,3311,27,Germany,DE,DEU,82927922,24774,94,49,11,,
2020-03-24,24,3,2020,4438,32,Germany,DE,DEU,82927922,29212,126,50,12,,
2020-03-25,25,3,2020,2342,23,Germany,DE,DEU,82927922,31554,149,51,13,,
2020-03-26,26,3,2020,4954,49,Germany,DE,DEU,82927922,36508,198,52,14,,
2020-03-27,27,3,2020,5780,55,Germany,DE,DEU,82927922,42288,253,53,15,,
2020-03-28,28,3,2020,6294,72,Germany,DE,DEU,82927922,48582,325,54,16,,
2020-03-29,29,3,2020,3965,64,Germany,DE,DEU,82927922,52547,389,55,17,,
2020-03-30,30,3,2020,4751,66,Germany,DE,DEU,82927922,57298,455,56,18,,
2020-03-31,31,3,2020,4615,128,Germany,DE,DEU,82927922,61913,583,57,19,,
2020-04-01,1,4,2020,5453,149,Germany,DE,DEU,82927922,67366,732,58,20,,
2020-04-02,2,4,2020,6156,140,Germany,DE,DEU,82927922,73522,872,59,21,,
2020-04-03,3,4,2020,6174,145,Germany,DE,DEU,82927922,79696,1017,60,22,,
2020-04-04,4,4,2020,6082,141,Germany,DE,DEU,82927922,85778,1158,61,23,,
2020-04-05,5,4,2020,5936,184,Germany,DE,DEU,82927922,91714,1342,62,24,,
2020-04-06,6,4,2020,3677,92,Germany,DE,DEU,82927922,95391,1434,63,25,,
2019-12-31,31,12,2019,0,0,Spain,ES,ESP,46723749,0,0,0,0,,
2020-01-01,1,1,2020,0,0,Spain,ES,ESP,46723749,0,0,0,0,,
2020-01-02,2,1,2020,0,0,Spain,ES,ESP,46723749,0,0,0,0,,
2020-01-03,3,1,2020,0,0,Spain,ES,ESP,46723749,0,0,0,0,,
2020-01-04,4,1,2020,0,0,Spain,ES,ESP,46723749,0,0,0,0,,
2020-01-05,5,1,2020,0,0,Spain,ES,ESP,46723749,0,0,0,0,,
2020-01-06,6,1,2020,0,0,Spain,ES,ESP,46723749,0,0,0,0,,
2020-01-07,7,1,2020,0,0,Spain,ES,ESP,46723749,0,0,0,0,,
2020-01-08,8,1,2020,0,0,Spain,ES,ESP,46723749,0,0,0,0,,
2020-01-09,9,1,2020,0,0,Spain,ES,ESP,46723749,0,0,0,0,,
2020-01-10,10,1,2020,0,0,Spain,ES,ESP,46723749,0,0,0,0,,
2020-01-11,11,1,2020,0,0,Spain,ES,ESP,46723749,0,0,0,0,,
2020-01-12,12,1,2020,0,0,Spain,ES,ESP,46723749,0,0,0,0,,
2020-01-13,13,1,2020,0,0,Spain,ES,ESP,46723749,0,0,0,0,,
2020-01-14,14,1,2020,0,0,Spain,ES,ESP,46723749,0,0,0,0,,
2020-01-15,15,1,2020,0,0,Spain,ES,ESP,46723749,0,0,0,0,,
2020-01-16,16,1,2020,0,0,Spain,ES,ESP,46723749,0,0,0,0,,
2020-01-17,17,1,2020,0,0,Spain,ES,ESP,46723749,0,0,0,0,,
2020-01-18,18,1,2020,0,0,Spain,ES,ESP,46723749,0,0,0,0,,
2020-01-19,19,1,2020,0,0,Spain,ES,ESP,46723749,0,0,0,0,,
2020-01-20,20,1,2020,0,0,Spain,ES,ESP,46723749,0,0,0,0,,
2020-01-21,21,1,2020,0,0,Spain,ES,ESP,46723749,0,0,0,0,,
2020-01-22,22,1,2020,0,0,Spain,ES,ESP,46723749,0,0,0,0,,
2020-01-23,23,1,2020,0,0,Spain,ES,ESP,46723749,0,0,0,0,,
2020-01-24,24,1,2020,0,0,Spain,ES,ESP,46723749,0,0,0,0,,
2020-01-25,25,1,2020,0,0,Spain,ES,ESP,46723749,0,0,0,0,,
2020-01-26,26,1,2020,0,0,Spain,ES,ESP,46723749,0,0,0,0,,
2020-01-27,27,1,2020,0,0,Spain,ES,ESP,46723749,0,0,0,0,,
2020-01-28,28,1,2020,0,0,Spain,ES,ESP,46723749,0,0,0,0,,
2020-01-29,29,1,2020,0,0,Spain,ES,ESP,46723749,0,0,0,0,,
2020-01-30,30,1,2020,0,0,Spain,ES,ESP,46723749,0,0,0,0,,
2020-01-31,31,1,2020,0,0,Spain,ES,ESP,46723749,0,0,0,0,,
2020-02-01,1,2,2020,1,0,Spain,ES,ESP,46723749,1,0,0,0,,
2020-02-02,2,2,2020,0,0,Spain,ES,ESP,46723749,1,0,0,0,,
2020-02-03,3,2,2020,0,0,Spain,ES,ESP,46723749,1,0,0,0,,
2020-02-04,4,2,2020,0,0,Spain,ES,ESP,46723749,1,0,0,0,,
2020-02-05,5,2,2020,0,0,Spain,ES,ESP,46723749,1,0,0,0,,
2020-02-06,6,2,2020,0,0,Spain,ES,ESP,46723749,1,0,0,0,,
2020-02-07,7,2,2020,0,0,Spain,ES,ESP,46723749,1,0,0,0,,
2020-02-08,8,2,2020,0,0,Spain,ES,ESP,46723749,1,0,0,0,,
2020-02-09,9,2,2020,0,0,Spain,ES,ESP,46723749,1,0,0,0,,
2020-02-10,10,2,2020,1,0,Spain,ES,ESP,46723749,2,0,0,0,,
2020-02-11,11,2,2020,0,0,Spain,ES,ESP,46723749,2,0,0,0,,
2020-02-12,12,2,2020,0,0,Spain,ES,ESP,46723749,2,0,0,0,,
2020-02-13,13,2,2020,0,0,Spain,ES,ESP,46723749,2,0,0,0,,
2020-02-14,14,2,2020,0,0,Spain,ES,ESP,46723749,2,0,0,0,,
2020-02-15,15,2,2020,0,0,Spain,ES,ESP,46723749,2,0,0,0,,
2020-02-16,16,2,2020,0,0,Spain,ES,ESP,46723749,2,0,0,0,,
2020-02-17,17,2,2020,0,0,Spain,ES,ESP,46723749,2,0,0,0,,
2020-02-18,18,2,2020,0,0,Spain,ES,ESP,46723749,2,0,0,0,,
2020-02-19,19,2,2020,0,0,Spain,ES,ESP,46723749,2,0,0,0,,
2020-02-20,20,2,2020,0,0,Spain,ES,ESP,46723749,2,0,0,0,,
2020-02-21,21,2,2020,0,0,Spain,ES,ESP,46723749,2,0,0,0,,
2020-02-22,22,2,2020,0,0,Spain,ES,ESP,46723749,2,0,0,0,,
2020-02-23,23,2,2020,0,0,Spain,ES,ESP,46723749,2,0,0,0,,
2020-02-24,24,2,2020,0,0,Spain,ES,ESP,46723749,2,0,0,0,,
2020-02-25,25,2,2020,1,0,Spain,ES,ESP,46723749,3,0,0,0,,
2020-02-26,26,2,2020,4,0,Spain,ES,ESP,46723749,7,0,0,0,,
2020-02-27,27,2,2020,5,0,Spain,ES,ESP,46723749,12,0,1,0,,
2020-02-28,28,2,2020,13,0,Spain,ES,ESP,46723749,25,0,2,0,,
2020-02-29,29,2,2020,9,0,Spain,ES,ESP,46723749,34,0,3,0,,
2020-03-01,1,3,2020,32,0,Spain,ES,ESP,46723749,66,0,4,0,,
2020-03-02,2,3,2020,17,0,Spain,ES,ESP,46723749,83,0,5,0,,
2020-03-03,3,3,2020,31,0,Spain,ES,ESP,46723749,114,0,6,0,,
2020-03-04,4,3,2020,37,0,Spain,ES,ESP,46723749,151,0,7,0,,
2020-03-05,5,3,2020,49,1,Spain,ES,ESP,46723749,200,1,8,0,,
2020-03-06,6,3,2020,61,2,Spain,ES,ESP,46723749,261,3,9,0,,
2020-03-07,7,3,2020,113,2,Spain,ES,ESP,46723749,374,5,10,1,,
2020-03-08,8,3,2020,56,0,Spain,ES,ESP,46723749,430,5,11,2,,
2020-03-09,9,3,2020,159,0,Spain,ES,ESP,46723749,589,5,12,3,,
2020-03-10,10,3,2020,615,23,Spain,ES,ESP,46723749,1204,28,13,4,,
2020-03-11,11,3,2020,435,7,Spain,ES,ESP,46723749,1639,35,14,5,,
2020-03-12,12,3,2020,501,12,Spain,ES,ESP,46723749,2140,47,15,6,,
2020-03-13,13,3,2020,864,37,Spain,ES,ESP,46723749,3004,84,16,7,,
2020-03-14,14,3,2020,1227,37,Spain,ES,ESP,46723749,4231,121,17,8,,
2020-03-15,15,3,2020,1522,15,Spain,ES,ESP,46723749,5753,136,18,9,,
2020-03-16,16,3,2020,2000,152,Spain,ES,ESP,46723749,7753,288,19,10,,
2020-03-17,17,3,2020,1438,21,Spain,ES,ESP,46723749,9191,309,20,11,,
2020-03-18,18,3,2020,1987,182,Spain,ES,ESP,46723749,11178,491,21,12,,
2020-03-19,19,3,2020,2538,107,Spain,ES,ESP,46723749,13716,598,22,13,,
2020-03-20,20,3,2020,3431,169,Spain,ES,ESP,46723749,17147,767,23,14,,
2020-03-21,21,3,2020,2833,235,Spain,ES,ESP,46723749,19980,1002,24,15,,
2020-03-22,22,3,2020,4946,324,Spain,ES,ESP,46723749,24926,1326,25,16,,
2020-03-23,23,3,2020,3646,394,Spain,ES,ESP,46723749,28572,1720,26,17,,
2020-03-24,24,3,2020,4517,462,Spain,ES,ESP,46723749,33089,2182,27,18,,
2020-03-25,25,3,2020,6584,514,Spain,ES,ESP,46723749,39673,2696,28,19,,
2020-03-26,26,3,2020,7937,738,Spain,ES,ESP,46723749,47610,3434,29,20,,
2020-03-27,27,3,2020,8578,655,Spain,ES,ESP,46723749,56188,4089,30,21,,
2020-03-28,28,3,2020,7871,769,Spain,ES,ESP,46723749,64059,4858,31,22,,
2020-03-29,29,3,2020,8189,832,Spain,ES,ESP,46723749,72248,5690,32,23,,
2020-03-30,30,3,2020,6549,838,Spain,ES,ESP,46723749,78797,6528,33,24,,
2020-03-31,31,3,2020,6398,812,Spain,ES,ESP,46723749,85195,7340,34,25,,
2020-04-01,1,4,2020,9222,849,Spain,ES,ESP,46723749,94417,8189,35,26,,
2020-04-02,2,4,2020,7719,864,Spain,ES,ESP,46723749,102136,9053,36,27,,
2020-04-03,3,4,2020,8102,950,Spain,ES,ESP,46723749,110238,10003,37,28,,
2020-04-04,4,4,2020,7472,932,Spain,ES,ESP,46723749,117710,10935,38,29,,
2020-04-05,5,4,2020,7026,809,Spain,ES,ESP,46723749,124736,11744,39,30,,
2020-04-06,6,4,2020,6023,674,Spain,ES,ESP,46723749,130759,12418,40,31,,
2019-12-31,31,12,2019,0,0,France,FR,FRA,66987244,0,0,0,0,,
2020-01-01,1,1,2020,0,0,France,FR,FRA,66987244,0,0,0,0,,
2020-01-02,2,1,2020,0,0,France,FR,FRA,66987244,0,0,0,0,,
2020-01-03,3,1,2020,0,0,France,FR,FRA,66987244,0,0,0,0,,
2020-01-04,4,1,2020,0,0,France,FR,FRA,66987244,0,0,0,0,,
2020-01-05,5,1,2020,0,0,France,FR,FRA,66987244,0,0,0,0,,
2020-01-06,6,1,2020,0,0,France,FR,FRA,66987244,0,0,0,0,,
2020-01-07,7,1,2020,0,0,France,FR,FRA,66987244,0,0,0,0,,
2020-01-08,8,1,2020,0,0,France,FR,FRA,66987244,0,0,0,0,,
2020-01-09,9,1,2020,0,0,France,FR,FRA,66987244,0,0,0,0,,
2020-01-10,10,1,2020,0,0,France,FR,FRA,66987244,0,0,0,0,,
2020-01-11,11,1,2020,0,0,France,FR,FRA,66987244,0,0,0,0,,
2020-01-12,12,1,2020,0,0,France,FR,FRA,66987244,0,0,0,0,,
2020-01-13,13,1,2020,0,0,France,FR,FRA,66987244,0,0,0,0,,
2020-01-14,14,1,2020,0,0,France,FR,FRA,66987244,0,0,0,0,,
2020-01-15,15,1,2020,0,0,France,FR,FRA,66987244,0,0,0,0,,
2020-01-16,16,1,2020,0,0,France,FR,FRA,66987244,0,0,0,0,,
2020-01-17,17,1,2020,0,0,France,FR,FRA,66987244,0,0,0,0,,
2020-01-18,18,1,2020,0,0,France,FR,FRA,66987244,0,0,0,0,,
2020-01-19,19,1,2020,0,0,France,FR,FRA,66987244,0,0,0,0,,
2020-01-20,20,1,2020,0,0,France,FR,FRA,66987244,0,0,0,0,,
2020-01-21,21,1,2020,0,0,France,FR,FRA,66987244,0,0,0,0,,
2020-01-22,22,1,2020,0,0,France,FR,FRA,66987244,0,0,0,0,,
2020-01-23,23,1,2020,0,0,France,FR,FRA,66987244,0,0,0,0,,
2020-01-24,24,1,2020,0,0,France,FR,FRA,66987244,0,0,0,0,,
2020-01-25,25,1,2020,3,0,France,FR,FRA,66987244,3,0,0,0,,
2020-01-26,26,1,2020,0,0,France,FR,FRA,66987244,3,0,0,0,,
2020-01-27,27,1,2020,0,0,France,FR,FRA,66987244,3,0,0,0,,
2020-01-28,28,1,2020,0,0,France,FR,FRA,66987244,3,0,0,0,,
2020-01-29,29,1,2020,1,0,France,FR,FRA,66987244,4,0,0,0,,
2020-01-30,30,1,2020,1,0,France,FR,FRA,66987244,5,0,0,0,,
2020-01-31,31,1,2020,1,0,France,FR,FRA,66987244,6,0,0,0,,
2020-02-01,1,2,2020,0,0,France,FR,FRA,66987244,6,0,0,0,,
2020-02-02,2,2,2020,0,0,France,FR,FRA,66987244,6,0,0,0,,
2020-02-03,3,2,2020,0,0,France,FR,FRA,66987244,6,0,0,0,,
2020-02-04,4,2,2020,0,0,France,FR,FRA,66987244,6,0,0,0,,
2020-02-05,5,2,2020,0,0,France,FR,FRA,66987244,6,0,0,0,,
2020-02-06,6,2,2020,0,0,France,FR,FRA,66987244,6,0,0,0,,
2020-02-07,7,2,2020,0,0,France,FR,FRA,66987244,6,0,0,0,,
2020-02-08,8,2,2020,5,0,France,FR,FRA,66987244,11,0,1,0,,
2020-02-09,9,2,2020,0,0,France,FR,FRA,66987244,11,0,2,0,,
2020-02-10,10,2,2020,0,0,France,FR,FRA,66987244,11,0,3,0,,
2020-02-11,11,2,2020,0,0,France,FR,FRA,66987244,11,0,4,0,,
2020-02-12,12,2,2020,0,0,France,FR,FRA,66987244,11,0,5,0,,
2020-02-13,13,2,2020,0,0,France,FR,FRA,66987244,11,0,6,0,,
2020-02-14,14,2,2020,0,0,France,FR,FRA,66987244,11,0,7,0,,
2020-02-15,15,2,2020,0,1,France,FR,FRA,66987244,11,1,8,0,,
2020-02-16,16,2,2020,0,0,France,FR,FRA,66987244,11,1,9,0,,
2020-02-17,17,2,2020,1,0,France,FR,FRA,66987244,12,1,10,0,,
2020-02-18,18,2,2020,0,0,France,FR,FRA,66987244,12,1,11,0,,
2020-02-19,19,2,2020,0,0,France,FR,FRA,66987244,12,1,12,0,,
2020-02-20,20,2,2020,0,0,France,FR,FRA,66987244,12,1,13,0,,
2020-02-21,21,2,2020,0,0,France,FR,FRA,66987244,12,1,14,0,,
2020-02-22,22,2,2020,0,0,France,FR,FRA,66987244,12,1,15,0,,
2020-02-23,23,2,2020,0,0,France,FR,FRA,66987244,12,1,16,0,,
2020-02-24,24,2,2020,0,0,France,FR,FRA,66987244,12,1,17,0,,
2020-02-25,25,2,2020,0,0,France,FR,FRA,66987244,12,1,18,0,,
2020-02-26,26,2,2020,2,0,France,FR,FRA,66987244,14,1,19,0,,
2020-02-27,27,2,2020,3,1,France,FR,FRA,66987244,17,2,20,0,,
2020-02-28,28,2,2020,21,0,France,FR,FRA,66987244,38,2,21,0,,
2020-02-29,29,2,2020,19,0,France,FR,FRA,66987244,57,2,22,0,,
2020-03-01,1,3,2020,43,0,France,FR,FRA,66987244,100,2,23,0,,
2020-03-02,2,3,2020,30,0,France,FR,FRA,66987244,130,2,24,0,,
2020-03-03,3,3,2020,48,1,France,FR,FRA,66987244,178,3,25,0,,
2020-03-04,4,3,2020,34,1,France,FR,FRA,66987244,212,4,26,0,,
2020-03-05,5,3,2020,73,0,France,FR,FRA,66987244,285,4,27,0,,
2020-03-06,6,3,2020,138,3,France,FR,FRA,66987244,423,7,28,1,,
2020-03-07,7,3,2020,190,2,France,FR,FRA,66987244,613,9,29,2,,
2020-03-08,8,3,2020,103,1,France,FR,FRA,66987244,716,10,30,3,,
2020-03-09,9,3,2020,410,9,France,FR,FRA,66987244,1126,19,31,4,,
2020-03-10,10,3,2020,286,11,France,FR,FRA,66987244,1412,30,32,5,,
2020-03-11,11,3,2020,372,3,France,FR,FRA,66987244,1784,33,33,6,,
2020-03-12,12,3,2020,497,15,France,FR,FRA,66987244,2281,48,34,7,,
2020-03-13,13,3,2020,595,13,France,FR,FRA,66987244,2876,61,35,8,,
2020-03-14,14,3,2020,785,18,France,FR,FRA,66987244,3661,79,36,9,,
2020-03-15,15,3,2020,838,12,France,FR,FRA,66987244,4499,91,37,10,,
2020-03-16,16,3,2020,924,36,France,FR,FRA,66987244,5423,127,38,11,,
2020-03-17,17,3,2020,1210,21,France,FR,FRA,66987244,6633,148,39,12,,
2020-03-18,18,3,2020,1097,27,France,FR,FRA,66987244,7730,175,40,13,,
2020-03-19,19,3,2020,1404,69,France,FR,FRA,66987244,9134,244,41,14,,
2020-03-20,20,3,2020,1861,128,France,FR,FRA,66987244,10995,372,42,15,,
2020-03-21,21,3,2020,1617,78,France,FR,FRA,66987244,12612,450,43,16,,
2020-03-22,22,3,2020,1847,112,France,FR,FRA,66987244,14459,562,44,17,,
2020-03-23,23,3,2020,1559,112,France,FR,FRA,66987244,16018,674,45,18,,
2020-03-24,24,3,2020,3838,186,France,FR,FRA,66987244,19856,860,46,19,,
2020-03-25,25,3,2020,2446,240,France,FR,FRA,66987244,22302,1100,47,20,,
2020-03-26,26,3,2020,2931,231,France,FR,FRA,66987244,25233,1331,48,21,,
2020-03-27,27,3,2020,3922,365,France,FR,FRA,66987244,29155,1696,49,22,,
2020-03-28,28,3,2020,3809,299,France,FR,FRA,66987244,32964,1995,50,23,,
2020-03-29,29,3,2020,4611,319,France,FR,FRA,66987244,37575,2314,51,24,,
2020-03-30,30,3,2020,2599,292,France,FR,FRA,66987244,40174,2606,52,25,,
2020-03-31,31,3,2020,4376,418,France,FR,FRA,66987244,44550,3024,53,26,,
2020-04-01,1,4,2020,7578,499,France,FR,FRA,66987244,52128,3523,54,27,,
2020-04-02,2,4,2020,4861,509,France,FR,FRA,66987244,56989,4032,55,28,,
2020-04-03,3,4,2020,2116,471,France,FR,FRA,66987244,59105,4503,56,29,,
2020-04-04,4,4,2020,5233,2004,France,FR,FRA,66987244,64338,6507,57,30,,
2020-04-05,5,4,2020,4267,1053,France,FR,FRA,66987244,68605,7560,58,31,,
2020-04-06,6,4,2020,1873,518,France,FR,FRA,66987244,70478,8078,59,32,,
2019-12-31,31,12,2019,0,0,United_Kingdom,UK,GBR,66488991,0,0,0,0,,
2020-01-01,1,1,2020,0,0,United_Kingdom,UK,GBR,66488991,0,0,0,0,,
2020-01-02,2,1,2020,0,0,United_Kingdom,UK,GBR,66488991,0,0,0,0,,
2020-01-03,3,1,2020,0,0,United_Kingdom,UK,GBR,66488991,0,0,0,0,,
2020-01-04,4,1,2020,0,0,United_Kingdom,UK,GBR,66488991,0,0,0,0,,
2020-01-05,5,1,2020,0,0,United_Kingdom,UK,GBR,66488991,0,0,0,0,,
2020-01-06,6,1,2020,0,0,United_Kingdom,UK,GBR,66488991,0,0,0,0,,
2020-01-07,7,1,2020,0,0,United_Kingdom,UK,GBR,66488991,0,0,0,0,,
2020-01-08,8,1,2020,0,0,United_Kingdom,UK,GBR,66488991,0,0,0,0,,
2020-01-09,9,1,2020,0,0,United_Kingdom,UK,GBR,66488991,0,0,0,0,,
2020-01-10,10,1,2020,0,0,United_Kingdom,UK,GBR,66488991,0,0,0,0,,
2020-01-11,11,1,2020,0,0,United_Kingdom,UK,GBR,66488991,0,0,0,0,,
2020-01-12,12,1,2020,0,0,United_Kingdom,UK,GBR,66488991,0,0,0,0,,
2020-01-13,13,1,2020,0,0,United_Kingdom,UK,GBR,66488991,0,0,0,0,,
2020-01-14,14,1,2020,0,0,United_Kingdom,UK,GBR,66488991,0,0,0,0,,
2020-01-15,15,1,2020,0,0,United_Kingdom,UK,GBR,66488991,0,0,0,0,,
2020-01-16,16,1,2020,0,0,United_Kingdom,UK,GBR,66488991,0,0,0,0,,
2020-01-17,17,1,2020,0,0,United_Kingdom,UK,GBR,66488991,0,0,0,0,,
2020-01-18,18,1,2020,0,0,United_Kingdom,UK,GBR,66488991,0,0,0,0,,
2020-01-19,19,1,2020,0,0,United_Kingdom,UK,GBR,66488991,0,0,0,0,,
2020-01-20,20,1,2020,0,0,United_Kingdom,UK,GBR,66488991,0,0,0,0,,
2020-01-21,21,1,2020,0,0,United_Kingdom,UK,GBR,66488991,0,0,0,0,,
2020-01-22,22,1,2020,0,0,United_Kingdom,UK,GBR,66488991,0,0,0,0,,
2020-01-23,23,1,2020,0,0,United_Kingdom,UK,GBR,66488991,0,0,0,0,,
2020-01-24,24,1,2020,0,0,United_Kingdom,UK,GBR,66488991,0,0,0,0,,
2020-01-25,25,1,2020,0,0,United_Kingdom,UK,GBR,66488991,0,0,0,0,,
2020-01-26,26,1,2020,0,0,United_Kingdom,UK,GBR,66488991,0,0,0,0,,
2020-01-27,27,1,2020,0,0,United_Kingdom,UK,GBR,66488991,0,0,0,0,,
2020-01-28,28,1,2020,0,0,United_Kingdom,UK,GBR,66488991,0,0,0,0,,
2020-01-29,29,1,2020,0,0,United_Kingdom,UK,GBR,66488991,0,0,0,0,,
2020-01-30,30,1,2020,0,0,United_Kingdom,UK,GBR,66488991,0,0,0,0,,
2020-01-31,31,1,2020,2,0,United_Kingdom,UK,GBR,66488991,2,0,0,0,,
2020-02-01,1,2,2020,0,0,United_Kingdom,UK,GBR,66488991,2,0,0,0,,
2020-02-02,2,2,2020,0,0,United_Kingdom,UK,GBR,66488991,2,0,0,0,,
2020-02-03,3,2,2020,0,0,United_Kingdom,UK,GBR,66488991,2,0,0,0,,
2020-02-04,4,2,2020,0,0,United_Kingdom,UK,GBR,66488991,2,0,0,0,,
2020-02-05,5,2,2020,0,0,United_Kingdom,UK,GBR,66488991,2,0,0,0,,
2020-02-06,6,2,2020,0,0,United_Kingdom,UK,GBR,66488991,2,0,0,0,,
2020-02-07,7,2,2020,1,0,United_Kingdom,UK,GBR,66488991,3,0,0,0,,
2020-02-08,8,2,2020,0,0,United_Kingdom,UK,GBR,66488991,3,0,0,0,,
2020-02-09,9,2,2020,1,0,United_Kingdom,UK,GBR,66488991,4,0,0,0,,
2020-02-10,10,2,2020,0,0,United_Kingdom,UK,GBR,66488991,4,0,0,0,,
2020-02-11,11,2,2020,4,0,United_Kingdom,UK,GBR,66488991,8,0,0,0,,
2020-02-12,12,2,2020,0,0,United_Kingdom,UK,GBR,66488991,8,0,0,0,,
2020-02-13,13,2,2020,1,0,United_Kingdom,UK,GBR,66488991,9,0,0,0,,
2020-02-14,14,2,2020,0,0,United_Kingdom,UK,GBR,66488991,9,0,0,0,,
2020-02-15,15,2,2020,0,0,United_Kingdom,UK,GBR,66488991,9,0,0,0,,
2020-02-16,16,2,2020,0,0,United_Kingdom,UK,GBR,66488991,9,0,0,0,,
2020-02-17,17,2,2020,0,0,United_Kingdom,UK,GBR,66488991,9,0,0,0,,
2020-02-18,18,2,2020,0,0,United_Kingdom,UK,GBR,66488991,9,0,0,0,,
2020-02-19,19,2,2020,0,0,United_Kingdom,UK,GBR,66488991,9,0,0,0,,
2020-02-20,20,2,2020,0,0,United_Kingdom,UK,GBR,66488991,9,0,0,0,,
2020-02-21,21,2,2020,0,0,United_Kingdom,UK,GBR,66488991,9,0,0,0,,
2020-02-22,22,2,2020,0,0,United_Kingdom,UK,GBR,66488991,9,0,0,0,,
2020-02-23,23,2,2020,0,0,United_Kingdom,UK,GBR,66488991,9,0,0,0,,
2020-02-24,24,2,2020,4,0,United_Kingdom,UK,GBR,66488991,13,0,1,0,,
2020-02-25,25,2,2020,0,0,United_Kingdom,UK,GBR,66488991,13,0,2,0,,
2020-02-26,26,2,2020,0,0,United_Kingdom,UK,GBR,66488991,13,0,3,0,,
2020-02-27,27,2,2020,0,0,United_Kingdom,UK,GBR,66488991,13,0,4,0,,
2020-02-28,28,2,2020,3,0,United_Kingdom,UK,GBR,66488991,16,0,5,0,,
2020-02-29,29,2,2020,2,0,United_Kingdom,UK,GBR,66488991,18,0,6,0,,
2020-03-01,1,3,2020,5,0,United_Kingdom,UK,GBR,66488991,23,0,7,0,,
2020-03-02,2,3,2020,13,0,United_Kingdom,UK,GBR,66488991,36,0,8,0,,
2020-03-03,3,3,2020,4,0,United_Kingdom,UK,GBR,66488991,40,0,9,0,,
2020-03-04,4,3,2020,11,0,United_Kingdom,UK,GBR,66488991,51,0,10,0,,
2020-03-05,5,3,2020,34,0,United_Kingdom,UK,GBR,66488991,85,0,11,0,,
2020-03-06,6,3,2020,30,1,United_Kingdom,UK,GBR,66488991,115,1,12,0,,
2020-03-07,7,3,2020,48,0,United_Kingdom,UK,GBR,66488991,163,1,13,0,,
2020-03-08,8,3,2020,43,1,United_Kingdom,UK,GBR,66488991,206,2,14,0,,
2020-03-09,9,3,2020,67,1,United_Kingdom,UK,GBR,66488991,273,3,15,0,,
2020-03-10,10,3,2020,48,2,United_Kingdom,UK,GBR,66488991,321,5,16,1,,
2020-03-11,11,3,2020,52,1,United_Kingdom,UK,GBR,66488991,373,6,17,2,,
2020-03-12,12,3,2020,83,0,United_Kingdom,UK,GBR,66488991,456,6,18,3,,
2020-03-13,13,3,2020,134,4,United_Kingdom,UK,GBR,66488991,590,10,19,4,,
2020-03-14,14,3,2020,117,0,United_Kingdom,UK,GBR,66488991,707,10,20,5,,
2020-03-15,15,3,2020,433,11,United_Kingdom,UK,GBR,66488991,1140,21,21,6,,
2020-03-16,16,3,2020,251,14,United_Kingdom,UK,GBR,66488991,1391,35,22,7,,
2020-03-17,17,3,2020,152,20,United_Kingdom,UK,GBR,66488991,1543,55,23,8,,
2020-03-18,18,3,2020,407,5,United_Kingdom,UK,GBR,66488991,1950,60,24,9,,
2020-03-19,19,3,2020,680,43,United_Kingdom,UK,GBR,66488991,2630,103,25,10,,
2020-03-20,20,3,2020,647,41,United_Kingdom,UK,GBR,66488991,3277,144,26,11,,
2020-03-21,21,3,2020,706,33,United_Kingdom,UK,GBR,66488991,3983,177,27,12,,
2020-03-22,22,3,2020,1035,56,United_Kingdom,UK,GBR,66488991,5018,233,28,13,,
2020-03-23,23,3,2020,665,48,United_Kingdom,UK,GBR,66488991,5683,281,29,14,,
2020-03-24,24,3,2020,967,54,United_Kingdom,UK,GBR,66488991,6650,335,30,15,,
2020-03-25,25,3,2020,1427,87,United_Kingdom,UK,GBR,66488991,8077,422,31,16,,
2020-03-26,26,3,2020,1452,41,United_Kingdom,UK,GBR,66488991,9529,463,32,17,,
2020-03-27,27,3,2020,2129,115,United_Kingdom,UK,GBR,66488991,11658,578,33,18,,
2020-03-28,28,3,2020,2885,181,United_Kingdom,UK,GBR,66488991,14543,759,34,19,,
2020-03-29,29,3,2020,2546,260,United_Kingdom,UK,GBR,66488991,17089,1019,35,20,,
2020-03-30,30,3,2020,2433,209,United_Kingdom,UK,GBR,66488991,19522,1228,36,21,,
2020-03-31,31,3,2020,2619,180,United_Kingdom,UK,GBR,66488991,22141,1408,37,22,,
2020-04-01,1,4,2020,3009,381,United_Kingdom,UK,GBR,66488991,25150,1789,38,23,,
2020-04-02,2,4,2020,4324,743,United_Kingdom,UK,GBR,66488991,29474,2532,39,24,,
2020-04-03,3,4,2020,4244,389,United_Kingdom,UK,GBR,66488991,33718,2921,40,25,,
2020-04-04,4,4,2020,4450,684,United_Kingdom,UK,GBR,66488991,38168,3605,41,26,,
2020-04-05,5,4,2020,3735,708,United_Kingdom,UK,GBR,66488991,41903,4313,42,27,,
2020-04-06,6,4,2020,5903,621,United_Kingdom,UK,GBR,66488991,47806,4934,43,28,,
2019-12-31,31,12,2019,0,0,Italy,IT,ITA,60431283,0,0,0,0,,
2020-01-01,1,1,2020,0,0,Italy,IT,ITA,60431283,0,0,0,0,,
2020-01-02,2,1,2020,0,0,Italy,IT,ITA,60431283,0,0,0,0,,
2020-01-03,3,1,2020,0,0,Italy,IT,ITA,60431283,0,0,0,0,,
2020-01-04,4,1,2020,0,0,Italy,IT,ITA,60431283,0,0,0,0,,
2020-01-05,5,1,2020,0,0,Italy,IT,ITA,60431283,0,0,0,0,,
2020-01-06,6,1,2020,0,0,Italy,IT,ITA,60431283,0,0,0,0,,
2020-01-07,7,1,2020,0,0,Italy,IT,ITA,60431283,0,0,0,0,,
2020-01-08,8,1,2020,0,0,Italy,IT,ITA,60431283,0,0,0,0,,
2020-01-09,9,1,2020,0,0,Italy,IT,ITA,60431283,0,0,0,0,,
2020-01-10,10,1,2020,0,0,Italy,IT,ITA,60431283,0,0,0,0,,
2020-01-11,11,1,2020,0,0,Italy,IT,ITA,60431283,0,0,0,0,,
2020-01-12,12,1,2020,0,0,Italy,IT,ITA,60431283,0,0,0,0,,
2020-01-13,13,1,2020,0,0,Italy,IT,ITA,60431283,0,0,0,0,,
2020-01-14,14,1,2020,0,0,Italy,IT,ITA,60431283,0,0,0,0,,
2020-01-15,15,1,2020,0,0,Italy,IT,ITA,60431283,0,0,0,0,,
2020-01-16,16,1,2020,0,0,Italy,IT,ITA,60431283,0,0,0,0,,
2020-01-17,17,1,2020,0,0,Italy,IT,ITA,60431283,0,0,0,0,,
2020-01-18,18,1,2020,0,0,Italy,IT,ITA,60431283,0,0,0,0,,
2020-01-19,19,1,2020,0,0,Italy,IT,ITA,60431283,0,0,0,0,,
2020-01-20,20,1,2020,0,0,Italy,IT,ITA,60431283,0,0,0,0,,
2020-01-21,21,1,2020,0,0,Italy,IT,ITA,60431283,0,0,0,0,,
2020-01-22,22,1,2020,0,0,Italy,IT,ITA,60431283,0,0,0,0,,
2020-01-23,23,1,2020,0,0,Italy,IT,ITA,60431283,0,0,0,0,,
2020-01-24,24,1,2020,0,0,Italy,IT,ITA,60431283,0,0,0,0,,
2020-01-25,25,1,2020,0,0,Italy,IT,ITA,60431283,0,0,0,0,,
2020-01-26,26,1,2020,0,0,Italy,IT,ITA,60431283,0,0,0,0,,
2020-01-27,27,1,2020,0,0,Italy,IT,ITA,60431283,0,0,0,0,,
2020-01-28,28,1,2020,0,0,Italy,IT,ITA,60431283,0,0,0,0,,
2020-01-29,29,1,2020,0,0,Italy,IT,ITA,60431283,0,0,0,0,,
2020-01-30,30,1,2020,0,0,Italy,IT,ITA,60431283,0,0,0,0,,
2020-01-31,31,1,2020,3,0,Italy,IT,ITA,60431283,3,0,0,0,,
2020-02-01,1,2,2020,0,0,Italy,IT,ITA,60431283,3,0,0,0,,
2020-02-02,2,2,2020,0,0,Italy,IT,ITA,60431283,3,0,0,0,,
2020-02-03,3,2,2020,0,0,Italy,IT,ITA,60431283,3,0,0,0,,
2020-02-04,4,2,2020,0,0,Italy,IT,ITA,60431283,3,0,0,0,,
2020-02-05,5,2,2020,0,0,Italy,IT,ITA,60431283,3,0,0,0,,
2020-02-06,6,2,2020,0,0,Italy,IT,ITA,60431283,3,0,0,0,,
2020-02-07,7,2,2020,0,0,Italy,IT,ITA,60431283,3,0,0,0,,
2020-02-08,8,2,2020,0,0,Italy,IT,ITA,60431283,3,0,0,0,,
2020-02-09,9,2,2020,0,0,Italy,IT,ITA,60431283,3,0,0,0,,
2020-02-10,10,2,2020,0,0,Italy,IT,ITA,60431283,3,0,0,0,,
2020-02-11,11,2,2020,0,0,Italy,IT,ITA,60431283,3,0,0,0,,
2020-02-12,12,2,2020,0,0,Italy,IT,ITA,60431283,3,0,0,0,,
2020-02-13,13,2,2020,0,0,Italy,IT,ITA,60431283,3,0,0,0,,
2020-02-14,14,2,2020,0,0,Italy,IT,ITA,60431283,3,0,0,0,,
2020-02-15,15,2,2020,0,0,Italy,IT,ITA,60431283,3,0,0,0,,
2020-02-16,16,2,2020,0,0,Italy,IT,ITA,60431283,3,0,0,0,,
2020-02-17,17,2,2020,0,0,Italy,IT,ITA,60431283,3,0,0,0,,
2020-02-18,18,2,2020,0,0,Italy,IT,ITA,60431283,3,0,0,0,,
2020-02-19,19,2,2020,0,0,Italy,IT,ITA,60431283,3,0,0,0,,
2020-02-20,20,2,2020,0,0,Italy,IT,ITA,60431283,3,0,0,0,,
2020-02-21,21,2,2020,0,0,Italy,IT,ITA,60431283,3,0,0,0,,
2020-02-22,22,2,2020,14,0,Italy,IT,ITA,60431283,17,0,1,0,,
2020-02-23,23,2,2020,62,2,Italy,IT,ITA,60431283,79,2,2,0,,
2020-02-24,24,2,2020,53,0,Italy,IT,ITA,60431283,132,2,3,0,,
2020-02-25,25,2,2020,97,4,Italy,IT,ITA,60431283,229,6,4,1,,
2020-02-26,26,2,2020,93,5,Italy,IT,ITA,60431283,322,11,5,2,,
2020-02-27,27,2,2020,78,1,Italy,IT,ITA,60431283,400,12,6,3,,
2020-02-28,28,2,2020,250,5,Italy,IT,ITA,60431283,650,17,7,4,,
2020-02-29,29,2,2020,238,4,Italy,IT,ITA,60431283,888,21,8,5,,
2020-03-01,1,3,2020,240,8,Italy,IT,ITA,60431283,1128,29,9,6,,
2020-03-02,2,3,2020,561,6,Italy,IT,ITA,60431283,1689,35,10,7,,
2020-03-03,3,3,2020,146,17,Italy,IT,ITA,60431283,1835,52,11,8,,
2020-03-04,4,3,2020,667,28,Italy,IT,ITA,60431283,2502,80,12,9,,
2020-03-05,5,3,2020,587,27,Italy,IT,ITA,60431283,3089,107,13,10,,
2020-03-06,6,3,2020,769,41,Italy,IT,ITA,60431283,3858,148,14,11,,
2020-03-07,7,3,2020,778,49,Italy,IT,ITA,60431283,4636,197,15,12,,
2020-03-08,8,3,2020,1247,36,Italy,IT,ITA,60431283,5883,233,16,13,,
2020-03-09,9,3,2020,1492,133,Italy,IT,ITA,60431283,7375,366,17,14,,
2020-03-10,10,3,2020,1797,98,Italy,IT,ITA,60431283,9172,464,18,15,,
2020-03-11,11,3,2020,977,167,Italy,IT,ITA,60431283,10149,631,19,16,,
2020-03-12,12,3,2020,2313,196,Italy,IT,ITA,60431283,12462,827,20,17,,
2020-03-13,13,3,2020,2651,189,Italy,IT,ITA,60431283,15113,1016,21,18,,
2020-03-14,14,3,2020,2547,252,Italy,IT,ITA,60431283,17660,1268,22,19,,
2020-03-15,15,3,2020,90,173,Italy,IT,ITA,60431283,17750,1441,23,20,,
2020-03-16,16,3,2020,6230,370,Italy,IT,ITA,60431283,23980,1811,24,21,,
2020-03-17,17,3,2020,4000,347,Italy,IT,ITA,60431283,27980,2158,25,22,,
2020-03-18,18,3,2020,3526,347,Italy,IT,ITA,60431283,31506,2505,26,23,,
2020-03-19,19,3,2020,4207,473,Italy,IT,ITA,60431283,35713,2978,27,24,,
2020-03-20,20,3,2020,5322,429,Italy,IT,ITA,60431283,41035,3407,28,25,,
2020-03-21,21,3,2020,5986,625,Italy,IT,ITA,60431283,47021,4032,29,26,,
2020-03-22,22,3,2020,6557,795,Italy,IT,ITA,60431283,53578,4827,30,27,,
2020-03-23,23,3,2020,5560,649,Italy,IT,ITA,60431283,59138,5476,31,28,,
2020-03-24,24,3,2020,4789,601,Italy,IT,ITA,60431283,63927,6077,32,29,,
2020-03-25,25,3,2020,5249,743,Italy,IT,ITA,60431283,69176,6820,33,30,,
2020-03-26,26,3,2020,5210,685,Italy,IT,ITA,60431283,74386,7505,34,31,,
2020-03-27,27,3,2020,6153,660,Italy,IT,ITA,60431283,80539,8165,35,32,,
2020-03-28,28,3,2020,5959,971,Italy,IT,ITA,60431283,86498,9136,36,33,,
2020-03-29,29,3,2020,5974,887,Italy,IT,ITA,60431283,92472,10023,37,34,,
2020-03-30,30,3,2020,5217,758,Italy,IT,ITA,60431283,97689,10781,38,35,,
2020-03-31,31,3,2020,4050,810,Italy,IT,ITA,60431283,101739,11591,39,36,,
2020-04-01,1,4,2020,4053,839,Italy,IT,ITA,60431283,105792,12430,40,37,,
2020-04-02,2,4,2020,4782,727,Italy,IT,ITA,60431283,110574,13157,41,38,,
2020-04-03,3,4,2020,4668,760,Italy,IT,ITA,60431283,115242,13917,42,39,,
2020-04-04,4,4,2020,4585,764,Italy,IT,ITA,60431283,119827,14681,43,40,,
2020-04-05,5,4,2020,4805,681,Italy,IT,ITA,60431283,124632,15362,44,41,,
2020-04-06,6,4,2020,4316,527,Italy,IT,ITA,60431283,128948,15889,45,42,,
2019-12-31,31,12,2019,0,0,Netherlands,NL,NLD,17231017,0,0,0,0,,
2020-01-01,1,1,2020,0,0,Netherlands,NL,NLD,17231017,0,0,0,0,,
2020-01-02,2,1,2020,0,0,Netherlands,NL,NLD,17231017,0,0,0,0,,
2020-01-03,3,1,2020,0,0,Netherlands,NL,NLD,17231017,0,0,0,0,,
2020-01-04,4,1,2020,0,0,Netherlands,NL,NLD,17231017,0,0,0,0,,
2020-01-05,5,1,2020,0,0,Netherlands,NL,NLD,17231017,0,0,0,0,,
2020-01-06,6,1,2020,0,0,Netherlands,NL,NLD,17231017,0,0,0,0,,
2020-01-07,7,1,2020,0,0,Netherlands,NL,NLD,17231017,0,0,0,0,,
2020-01-08,8,1,2020,0,0,Netherlands,NL,NLD,17231017,0,0,0,0,,
2020-01-09,9,1,2020,0,0,Netherlands,NL,NLD,17231017,0,0,0,0,,
2020-01-10,10,1,2020,0,0,Netherlands,NL,NLD,17231017,0,0,0,0,,
2020-01-11,11,1,2020,0,0,Netherlands,NL,NLD,17231017,0,0,0,0,,
2020-01-12,12,1,2020,0,0,Netherlands,NL,NLD,17231017,0,0,0,0,,
2020-01-13,13,1,2020,0,0,Netherlands,NL,NLD,17231017,0,0,0,0,,
2020-01-14,14,1,2020,0,0,Netherlands,NL,NLD,17231017,0,0,0,0,,
2020-01-15,15,1,2020,0,0,Netherlands,NL,NLD,17231017,0,0,0,0,,
2020-01-16,16,1,2020,0,0,Netherlands,NL,NLD,17231017,0,0,0,0,,
2020-01-17,17,1,2020,0,0,Netherlands,NL,NLD,17231017,0,0,0,0,,
2020-01-18,18,1,2020,0,0,Netherlands,NL,NLD,17231017,0,0,0,0,,
2020-01-19,19,1,2020,0,0,Netherlands,NL,NLD,17231017,0,0,0,0,,
2020-01-20,20,1,2020,0,0,Netherlands,NL,NLD,17231017,0,0,0,0,,
2020-01-21,21,1,2020,0,0,Netherlands,NL,NLD,17231017,0,0,0,0,,
2020-01-22,22,1,2020,0,0,Netherlands,NL,NLD,17231017,0,0,0,0,,
2020-01-23,23,1,2020,0,0,Netherlands,NL,NLD,17231017,0,0,0,0,,
2020-01-24,24,1,2020,0,0,Netherlands,NL,NLD,17231017,0,0,0,0,,
2020-01-25,25,1,2020,0,0,Netherlands,NL,NLD,17231017,0,0,0,0,,
2020-01-26,26,1,2020,0,0,Netherlands,NL,NLD,17231017,0,0,0,0,,
2020-01-27,27,1,2020,0,0,Netherlands,NL,NLD,17231017,0,0,0,0,,
2020-01-28,28,1,2020,0,0,Netherlands,NL,NLD,17231017,0,0,0,0,,
2020-01-29,29,1,2020,0,0,Netherlands,NL,NLD,17231017,0,0,0,0,,
2020-01-30,30,1,2020,0,0,Netherlands,NL,NLD,17231017,0,0,0,0,,
2020-01-31,31,1,2020,0,0,Netherlands,NL,NLD,17231017,0,0,0,0,,
2020-02-01,1,2,2020,0,0,Netherlands,NL,NLD,17231017,0,0,0,0,,
2020-02-02,2,2,2020,0,0,Netherlands,NL,NLD,17231017,0,0,0,0,,
2020-02-03,3,2,2020,0,0,Netherlands,NL,NLD,17231017,0,0,0,0,,
2020-02-04,4,2,2020,0,0,Netherlands,NL,NLD,17231017,0,0,0,0,,
2020-02-05,5,2,2020,0,0,Netherlands,NL,NLD,17231017,0,0,0,0,,
2020-02-06,6,2,2020,0,0,Netherlands,NL,NLD,17231017,0,0,0,0,,
2020-02-07,7,2,2020,0,0,Netherlands,NL,NLD,17231017,0,0,0,0,,
2020-02-08,8,2,2020,0,0,Netherlands,NL,NLD,17231017,0,0,0,0,,
2020-02-09,9,2,2020,0,0,Netherlands,NL,NLD,17231017,0,0,0,0,,
2020-02-10,10,2,2020,0,0,Netherlands,NL,NLD,17231017,0,0,0,0,,
2020-02-11,11,2,2020,0,0,Netherlands,NL,NLD,17231017,0,0,0,0,,
2020-02-12,12,2,2020,0,0,Netherlands,NL,NLD,17231017,0,0,0,0,,
2020-02-13,13,2,2020,0,0,Netherlands,NL,NLD,17231017,0,0,0,0,,
2020-02-14,14,2,2020,0,0,Netherlands,NL,NLD,17231017,0,0,0,0,,
2020-02-15,15,2,2020,0,0,Netherlands,NL,NLD,17231017,0,0,0,0,,
2020-02-16,16,2,2020,0,0,Netherlands,NL,NLD,17231017,0,0,0,0,,
2020-02-17,17,2,2020,0,0,Netherlands,NL,NLD,17231017,0,0,0,0,,
2020-02-18,18,2,2020,0,0,Netherlands,NL,NLD,17231017,0,0,0,0,,
2020-02-19,19,2,2020,0,0,Netherlands,NL,NLD,17231017,0,0,0,0,,
2020-02-20,20,2,2020,0,0,Netherlands,NL,NLD,17231017,0,0,0,0,,
2020-02-21,21,2,2020,0,0,Netherlands,NL,NLD,17231017,0,0,0,0,,
2020-02-22,22,2,2020,0,0,Netherlands,NL,NLD,17231017,0,0,0,0,,
2020-02-23,23,2,2020,0,0,Netherlands,NL,NLD,17231017,0,0,0,0,,
2020-02-24,24,2,2020,0,0,Netherlands,NL,NLD,17231017,0,0,0,0,,
2020-02-25,25,2,2020,0,0,Netherlands,NL,NLD,17231017,0,0,0,0,,
2020-02-26,26,2,2020,0,0,Netherlands,NL,NLD,17231017,0,0,0,0,,
2020-02-27,27,2,2020,0,0,Netherlands,NL,NLD,17231017,0,0,0,0,,
2020-02-28,28,2,2020,1,0,Netherlands,NL,NLD,17231017,1,0,0,0,,
2020-02-29,29,2,2020,1,0,Netherlands,NL,NLD,17231017,2,0,0,0,,
2020-03-01,1,3,2020,5,0,Netherlands,NL,NLD,17231017,7,0,0,0,,
2020-03-02,2,3,2020,6,0,Netherlands,NL,NLD,17231017,13,0,1,0,,
2020-03-03,3,3,2020,5,0,Netherlands,NL,NLD,17231017,18,0,2,0,,
2020-03-04,4,3,2020,10,0,Netherlands,NL,NLD,17231017,28,0,3,0,,
2020-03-05,5,3,2020,10,0,Netherlands,NL,NLD,17231017,38,0,4,0,,
2020-03-06,6,3,2020,44,0,Netherlands,NL,NLD,17231017,82,0,5,0,,
2020-03-07,7,3,2020,46,1,Netherlands,NL,NLD,17231017,128,1,6,0,,
2020-03-08,8,3,2020,60,0,Netherlands,NL,NLD,17231017,188,1,7,0,,
2020-03-09,9,3,2020,77,2,Netherlands,NL,NLD,17231017,265,3,8,0,,
2020-03-10,10,3,2020,56,0,Netherlands,NL,NLD,17231017,321,3,9,0,,
2020-03-11,11,3,2020,61,1,Netherlands,NL,NLD,17231017,382,4,10,0,,
2020-03-12,12,3,2020,121,1,Netherlands,NL,NLD,17231017,503,5,11,1,,
2020-03-13,13,3,2020,111,0,Netherlands,NL,NLD,17231017,614,5,12,2,,
2020-03-14,14,3,2020,190,0,Netherlands,NL,NLD,17231017,804,5,13,3,,
2020-03-15,15,3,2020,155,7,Netherlands,NL,NLD,17231017,959,12,14,4,,
2020-03-16,16,3,2020,176,8,Netherlands,NL,NLD,17231017,1135,20,15,5,,
2020-03-17,17,3,2020,278,4,Netherlands,NL,NLD,17231017,1413,24,16,6,,
2020-03-18,18,3,2020,292,19,Netherlands,NL,NLD,17231017,1705,43,17,7,,
2020-03-19,19,3,2020,346,15,Netherlands,NL,NLD,17231017,2051,58,18,8,,
2020-03-20,20,3,2020,409,18,Netherlands,NL,NLD,17231017,2460,76,19,9,,
2020-03-21,21,3,2020,534,30,Netherlands,NL,NLD,17231017,2994,106,20,10,,
2020-03-22,22,3,2020,637,30,Netherlands,NL,NLD,17231017,3631,136,21,11,,
2020-03-23,23,3,2020,573,43,Netherlands,NL,NLD,17231017,4204,179,22,12,,
2020-03-24,24,3,2020,545,34,Netherlands,NL,NLD,17231017,4749,213,23,13,,
2020-03-25,25,3,2020,811,63,Netherlands,NL,NLD,17231017,5560,276,24,14,,
2020-03-26,26,3,2020,852,80,Netherlands,NL,NLD,17231017,6412,356,25,15,,
2020-03-27,27,3,2020,1019,78,Netherlands,NL,NLD,17231017,7431,434,26,16,,
2020-03-28,28,3,2020,1172,112,Netherlands,NL,NLD,17231017,8603,546,27,17,,
2020-03-29,29,3,2020,1159,93,Netherlands,NL,NLD,17231017,9762,639,28,18,,
2020-03-30,30,3,2020,1104,132,Netherlands,NL,NLD,17231017,10866,771,29,19,,
2020-03-31,31,3,2020,884,93,Netherlands,NL,NLD,17231017,11750,864,30,20,,
2020-04-01,1,4,2020,845,175,Netherlands,NL,NLD,17231017,12595,1039,31,21,,
2020-04-02,2,4,2020,1019,134,Netherlands,NL,NLD,17231017,13614,1173,32,22,,
2020-04-03,3,4,2020,1083,166,Netherlands,NL,NLD,17231017,14697,1339,33,23,,
2020-04-04,4,4,2020,1026,148,Netherlands,NL,NLD,17231017,15723,1487,34,24,,
2020-04-05,5,4,2020,904,164,Netherlands,NL,NLD,17231017,16627,1651,35,25,,
2019-12-31,31,12,2019,0,0,Sweden,SE,SWE,10183175,0,0,0,0,,
2020-01-01,1,1,2020,0,0,Sweden,SE,SWE,10183175,0,0,0,0,,
2020-01-02,2,1,2020,0,0,Sweden,SE,SWE,10183175,0,0,0,0,,
2020-01-03,3,1,2020,0,0,Sweden,SE,SWE,10183175,0,0,0,0,,
2020-01-04,4,1,2020,0,0,Sweden,SE,SWE,10183175,0,0,0,0,,
2020-01-05,5,1,2020,0,0,Sweden,SE,SWE,10183175,0,0,0,0,,
2020-01-06,6,1,2020,0,0,Sweden,SE,SWE,10183175,0,0,0,0,,
2020-01-07,7,1,2020,0,0,Sweden,SE,SWE,10183175,0,0,0,0,,
2020-01-08,8,1,2020,0,0,Sweden,SE,SWE,10183175,0,0,0,0,,
2020-01-09,9,1,2020,0,0,Sweden,SE,SWE,10183175,0,0,0,0,,
2020-01-10,10,1,2020,0,0,Sweden,SE,SWE,10183175,0,0,0,0,,
2020-01-11,11,1,2020,0,0,Sweden,SE,SWE,10183175,0,0,0,0,,
2020-01-12,12,1,2020,0,0,Sweden,SE,SWE,10183175,0,0,0,0,,
2020-01-13,13,1,2020,0,0,Sweden,SE,SWE,10183175,0,0,0,0,,
2020-01-14,14,1,2020,0,0,Sweden,SE,SWE,10183175,0,0,0,0,,
2020-01-15,15,1,2020,0,0,Sweden,SE,SWE,10183175,0,0,0,0,,
2020-01-16,16,1,2020,0,0,Sweden,SE,SWE,10183175,0,0,0,0,,
2020-01-17,17,1,2020,0,0,Sweden,SE,SWE,10183175,0,0,0,0,,
2020-01-18,18,1,2020,0,0,Sweden,SE,SWE,10183175,0,0,0,0,,
2020-01-19,19,1,2020,0,0,Sweden,SE,SWE,10183175,0,0,0,0,,
2020-01-20,20,1,2020,0,0,Sweden,SE,SWE,10183175,0,0,0,0,,
2020-01-21,21,1,2020,0,0,Sweden,SE,SWE,10183175,0,0,0,0,,
2020-01-22,22,1,2020,0,0,Sweden,SE,SWE,10183175,0,0,0,0,,
2020-01-23,23,1,2020,0,0,Sweden,SE,SWE,10183175,0,0,0,0,,
2020-01-24,24,1,2020,0,0,Sweden,SE,SWE,10183175,0,0,0,0,,
2020-01-25,25,1,2020,0,0,Sweden,SE,SWE,10183175,0,0,0,0,,
2020-01-26,26,1,2020,0,0,Sweden,SE,SWE,10183175,0,0,0,0,,
2020-01-27,27,1,2020,0,0,Sweden,SE,SWE,10183175,0,0,0,0,,
2020-01-28,28,1,2020,0,0,Sweden,SE,SWE,10183175,0,0,0,0,,
2020-01-29,29,1,2020,0,0,Sweden,SE,SWE,10183175,0,0,0,0,,
2020-01-30,30,1,2020,0,0,Sweden,SE,SWE,10183175,0,0,0,0,,
2020-01-31,31,1,2020,0,0,Sweden,SE,SWE,10183175,0,0,0,0,,
2020-02-01,1,2,2020,1,0,Sweden,SE,SWE,10183175,1,0,0,0,,
2020-02-02,2,2,2020,0,0,Sweden,SE,SWE,10183175,1,0,0,0,,
2020-02-03,3,2,2020,0,0,Sweden,SE,SWE,10183175,1,0,0,0,,
2020-02-04,4,2,2020,0,0,Sweden,SE,SWE,10183175,1,0,0,0,,
2020-02-05,5,2,2020,0,0,Sweden,SE,SWE,10183175,1,0,0,0,,
2020-02-06,6,2,2020,0,0,Sweden,SE,SWE,10183175,1,0,0,0,,
2020-02-07,7,2,2020,0,0,Sweden,SE,SWE,10183175,1,0,0,0,,
2020-02-08,8,2,2020,0,0,Sweden,SE,SWE,10183175,1,0,0,0,,
2020-02-09,9,2,2020,0,0,Sweden,SE,SWE,10183175,1,0,0,0,,
2020-02-10,10,2,2020,0,0,Sweden,SE,SWE,10183175,1,0,0,0,,
2020-02-11,11,2,2020,0,0,Sweden,SE,SWE,10183175,1,0,0,0,,
2020-02-12,12,2,2020,0,0,Sweden,SE,SWE,10183175,1,0,0,0,,
2020-02-13,13,2,2020,0,0,Sweden,SE,SWE,10183175,1,0,0,0,,
2020-02-14,14,2,2020,0,0,Sweden,SE,SWE,10183175,1,0,0,0,,
2020-02-15,15,2,2020,0,0,Sweden,SE,SWE,10183175,1,0,0,0,,
2020-02-16,16,2,2020,0,0,Sweden,SE,SWE,10183175,1,0,0,0,,
2020-02-17,17,2,2020,0,0,Sweden,SE,SWE,10183175,1,0,0,0,,
2020-02-18,18,2,2020,0,0,Sweden,SE,SWE,10183175,1,0,0,0,,
2020-02-19,19,2,2020,0,0,Sweden,SE,SWE,10183175,1,0,0,0,,
2020-02-20,20,2,2020,0,0,Sweden,SE,SWE,10183175,1,0,0,0,,
2020-02-21,21,2,2020,0,0,Sweden,SE,SWE,10183175,1,0,0,0,,
2020-02-22,22,2,2020,0,0,Sweden,SE,SWE,10183175,1,0,0,0,,
2020-02-23,23,2,2020,0,0,Sweden,SE,SWE,10183175,1,0,0,0,,
2020-02-24,24,2,2020,0,0,Sweden,SE,SWE,10183175,1,0,0,0,,
2020-02-25,25,2,2020,0,0,Sweden,SE,SWE,10183175,1,0,0,0,,
2020-02-26,26,2,2020,0,0,Sweden,SE,SWE,10183175,1,0,0,0,,
2020-02-27,27,2,2020,1,0,Sweden,SE,SWE,10183175,2,0,0,0,,
2020-02-28,28,2,2020,5,0,Sweden,SE,SWE,10183175,7,0,0,0,,
2020-02-29,29,2,2020,5,0,Sweden,SE,SWE,10183175,12,0,1,0,,
2020-03-01,1,3,2020,1,0,Sweden,SE,SWE,10183175,13,0,2,0,,
2020-03-02,2,3,2020,1,0,Sweden,SE,SWE,10183175,14,0,3,0,,
2020-03-03,3,3,2020,1,0,Sweden,SE,SWE,10183175,15,0,4,0,,
2020-03-04,4,3,2020,9,0,Sweden,SE,SWE,10183175,24,0,5,0,,
2020-03-05,5,3,2020,11,0,Sweden,SE,SWE,10183175,35,0,6,0,,
2020-03-06,6,3,2020,26,0,Sweden,SE,SWE,10183175,61,0,7,0,,
2020-03-07,7,3,2020,76,0,Sweden,SE,SWE,10183175,137,0,8,0,,
2020-03-08,8,3,2020,24,0,Sweden,SE,SWE,10183175,161,0,9,0,,
2020-03-09,9,3,2020,42,0,Sweden,SE,SWE,10183175,203,0,10,0,,
2020-03-10,10,3,2020,45,0,Sweden,SE,SWE,10183175,248,0,11,0,,
2020-03-11,11,3,2020,78,0,Sweden,SE,SWE,10183175,326,0,12,0,,
2020-03-12,12,3,2020,136,1,Sweden,SE,SWE,10183175,462,1,13,0,,
2020-03-13,13,3,2020,158,0,Sweden,SE,SWE,10183175,620,1,14,0,,
2020-03-14,14,3,2020,155,0,Sweden,SE,SWE,10183175,775,1,15,0,,
2020-03-15,15,3,2020,149,0,Sweden,SE,SWE,10183175,924,1,16,0,,
2020-03-16,16,3,2020,108,2,Sweden,SE,SWE,10183175,1032,3,17,0,,
2020-03-17,17,3,2020,89,4,Sweden,SE,SWE,10183175,1121,7,18,1,,
2020-03-18,18,3,2020,46,1,Sweden,SE,SWE,10183175,1167,8,19,2,,
2020-03-19,19,3,2020,134,2,Sweden,SE,SWE,10183175,1301,10,20,3,,
2020-03-20,20,3,2020,122,0,Sweden,SE,SWE,10183175,1423,10,21,4,,
2020-03-21,21,3,2020,200,6,Sweden,SE,SWE,10183175,1623,16,22,5,,
2020-03-22,22,3,2020,123,4,Sweden,SE,SWE,10183175,1746,20,23,6,,
2020-03-23,23,3,2020,160,1,Sweden,SE,SWE,10183175,1906,21,24,7,,
2020-03-24,24,3,2020,110,4,Sweden,SE,SWE,10183175,2016,25,25,8,,
2020-03-25,25,3,2020,256,11,Sweden,SE,SWE,10183175,2272,36,26,9,,
2020-03-26,26,3,2020,238,6,Sweden,SE,SWE,10183175,2510,42,27,10,,
2020-03-27,27,3,2020,296,24,Sweden,SE,SWE,10183175,2806,66,28,11,,
2020-03-28,28,3,2020,240,26,Sweden,SE,SWE,10183175,3046,92,29,12,,
2020-03-29,29,3,2020,401,10,Sweden,SE,SWE,10183175,3447,102,30,13,,
2020-03-30,30,3,2020,253,8,Sweden,SE,SWE,10183175,3700,110,31,14,,
2020-03-31,31,3,2020,328,36,Sweden,SE,SWE,10183175,4028,146,32,15,,
2020-04-01,1,4,2020,407,34,Sweden,SE,SWE,10183175,4435,180,33,16,,
2020-04-02,2,4,2020,512,59,Sweden,SE,SWE,10183175,4947,239,34,17,,
2020-04-03,3,4,2020,519,43,Sweden,SE,SWE,10183175,5466,282,35,18,,
2020-04-04,4,4,2020,612,51,Sweden,SE,SWE,10183175,6078,333,36,19,,
2020-04-05,5,4,2020,365,40,Sweden,SE,SWE,10183175,6443,373,37,20,,
2020-04-06,6,4,2020,387,28,Sweden,SE,SWE,10183175,6830,401,38,21,,
2019-12-31,31,12,2019,0,0,United_States_of_America,US,USA,327167434,0,0,0,0,,
2020-01-01,1,1,2020,0,0,United_States_of_America,US,USA,327167434,0,0,0,0,,
2020-01-02,2,1,2020,0,0,United_States_of_America,US,USA,327167434,0,0,0,0,,
2020-01-03,3,1,2020,0,0,United_States_of_America,US,USA,327167434,0,0,0,0,,
2020-01-04,4,1,2020,0,0,United_States_of_America,US,USA,327167434,0,0,0,0,,
2020-01-05,5,1,2020,0,0,United_States_of_America,US,USA,327167434,0,0,0,0,,
2020-01-06,6,1,2020,0,0,United_States_of_America,US,USA,327167434,0,0,0,0,,
2020-01-07,7,1,2020,0,0,United_States_of_America,US,USA,327167434,0,0,0,0,,
2020-01-08,8,1,2020,0,0,United_States_of_America,US,USA,327167434,0,0,0,0,,
2020-01-09,9,1,2020,0,0,United_States_of_America,US,USA,327167434,0,0,0,0,,
2020-01-10,10,1,2020,0,0,United_States_of_America,US,USA,327167434,0,0,0,0,,
2020-01-11,11,1,2020,0,0,United_States_of_America,US,USA,327167434,0,0,0,0,,
2020-01-12,12,1,2020,0,0,United_States_of_America,US,USA,327167434,0,0,0,0,,
2020-01-13,13,1,2020,0,0,United_States_of_America,US,USA,327167434,0,0,0,0,,
2020-01-14,14,1,2020,0,0,United_States_of_America,US,USA,327167434,0,0,0,0,,
2020-01-15,15,1,2020,0,0,United_States_of_America,US,USA,327167434,0,0,0,0,,
2020-01-16,16,1,2020,0,0,United_States_of_America,US,USA,327167434,0,0,0,0,,
2020-01-17,17,1,2020,0,0,United_States_of_America,US,USA,327167434,0,0,0,0,,
2020-01-18,18,1,2020,0,0,United_States_of_America,US,USA,327167434,0,0,0,0,,
2020-01-19,19,1,2020,0,0,United_States_of_America,US,USA,327167434,0,0,0,0,,
2020-01-20,20,1,2020,0,0,United_States_of_America,US,USA,327167434,0,0,0,0,,
2020-01-21,21,1,2020,1,0,United_States_of_America,US,USA,327167434,1,0,0,0,,
2020-01-22,22,1,2020,0,0,United_States_of_America,US,USA,327167434,1,0,0,0,,
2020-01-23,23,1,2020,0,0,United_States_of_America,US,USA,327167434,1,0,0,0,,
2020-01-24,24,1,2020,0,0,United_States_of_America,US,USA,327167434,1,0,0,0,,
2020-01-25,25,1,2020,1,0,United_States_of_America,US,USA,327167434,2,0,0,0,,
2020-01-26,26,1,2020,0,0,United_States_of_America,US,USA,327167434,2,0,0,0,,
2020-01-27,27,1,2020,3,0,United_States_of_America,US,USA,327167434,5,0,0,0,,
2020-01-28,28,1,2020,0,0,United_States_of_America,US,USA,327167434,5,0,0,0,,
2020-01-29,29,1,2020,0,0,United_States_of_America,US,USA,327167434,5,0,0,0,,
2020-01-30,30,1,2020,0,0,United_States_of_America,US,USA,327167434,5,0,0,0,,
2020-01-31,31,1,2020,1,0,United_States_of_America,US,USA,327167434,6,0,0,0,,
2020-02-01,1,2,2020,1,0,United_States_of_America,US,USA,327167434,7,0,0,0,,
2020-02-02,2,2,2020,1,0,United_States_of_America,US,USA,327167434,8,0,0,0,,
2020-02-03,3,2,2020,3,0,United_States_of_America,US,USA,327167434,11,0,1,0,,
2020-02-04,4,2,2020,0,0,United_States_of_America,US,USA,327167434,11,0,2,0,,
2020-02-05,5,2,2020,0,0,United_States_of_America,US,USA,327167434,11,0,3,0,,
2020-02-06,6,2,2020,1,0,United_States_of_America,US,USA,327167434,12,0,4,0,,
2020-02-07,7,2,2020,0,0,United_States_of_America,US,USA,327167434,12,0,5,0,,
2020-02-08,8,2,2020,0,0,United_States_of_America,US,USA,327167434,12,0,6,0,,
2020-02-09,9,2,2020,0,0,United_States_of_America,US,USA,327167434,12,0,7,0,,
2020-02-10,10,2,2020,0,0,United_States_of_America,US,USA,327167434,12,0,8,0,,
2020-02-11,11,2,2020,1,0,United_States_of_America,US,USA,327167434,13,0,9,0,,
2020-02-12,12,2,2020,0,0,United_States_of_America,US,USA,327167434,13,0,10,0,,
2020-02-13,13,2,2020,1,0,United_States_of_America,US,USA,327167434,14,0,11,0,,
2020-02-14,14,2,2020,1,0,United_States_of_America,US,USA,327167434,15,0,12,0,,
2020-02-15,15,2,2020,0,0,United_States_of_America,US,USA,327167434,15,0,13,0,,
2020-02-16,16,2,2020,0,0,United_States_of_America,US,USA,327167434,15,0,14,0,,
2020-02-17,17,2,2020,0,0,United_States_of_America,US,USA,327167434,15,0,15,0,,
2020-02-18,18,2,2020,0,0,United_States_of_America,US,USA,327167434,15,0,16,0,,
2020-02-19,19,2,2020,0,0,United_States_of_America,US,USA,327167434,15,0,17,0,,
2020-02-20,20,2,2020,0,0,United_States_of_America,US,USA,327167434,15,0,18,0,,
2020-02-21,21,2,2020,1,0,United_States_of_America,US,USA,327167434,16,0,19,0,,
2020-02-22,22,2,2020,19,0,United_States_of_America,US,USA,327167434,35,0,20,0,,
2020-02-23,23,2,2020,0,0,United_States_of_America,US,USA,327167434,35,0,21,0,,
2020-02-24,24,2,2020,0,0,United_States_of_America,US,USA,327167434,35,0,22,0,,
2020-02-25,25,2,2020,18,0,United_States_of_America,US,USA,327167434,53,0,23,0,,
2020-02-26,26,2,2020,0,0,United_States_of_America,US,USA,327167434,53,0,24,0,,
2020-02-27,27,2,2020,6,0,United_States_of_America,US,USA,327167434,59,0,25,0,,
2020-02-28,28,2,2020,1,0,United_States_of_America,US,USA,327167434,60,0,26,0,,
2020-02-29,29,2,2020,6,0,United_States_of_America,US,USA,327167434,66,0,27,0,,
2020-03-01,1,3,2020,3,1,United_States_of_America,US,USA,327167434,69,1,28,0,,
2020-03-02,2,3,2020,20,1,United_States_of_America,US,USA,327167434,89,2,29,0,,
2020-03-03,3,3,2020,14,4,United_States_of_America,US,USA,327167434,103,6,30,1,,
2020-03-04,4,3,2020,22,3,United_States_of_America,US,USA,327167434,125,9,31,2,,
2020-03-05,5,3,2020,34,2,United_States_of_America,US,USA,327167434,159,11,32,3,,
2020-03-06,6,3,2020,74,1,United_States_of_America,US,USA,327167434,233,12,33,4,,
2020-03-07,7,3,2020,105,2,United_States_of_America,US,USA,327167434,338,14,34,5,,
2020-03-08,8,3,2020,95,3,United_States_of_America,US,USA,327167434,433,17,35,6,,
2020-03-09,9,3,2020,121,4,United_States_of_America,US,USA,327167434,554,21,36,7,,
2020-03-10,10,3,2020,200,5,United_States_of_America,US,USA,327167434,754,26,37,8,,
2020-03-11,11,3,2020,271,2,United_States_of_America,US,USA,327167434,1025,28,38,9,,
2020-03-12,12,3,2020,287,2,United_States_of_America,US,USA,327167434,1312,30,39,10,,
2020-03-13,13,3,2020,351,10,United_States_of_America,US,USA,327167434,1663,40,40,11,,
2020-03-14,14,3,2020,511,7,United_States_of_America,US,USA,327167434,2174,47,41,12,,
2020-03-15,15,3,2020,777,10,United_States_of_America,US,USA,327167434,2951,57,42,13,,
2020-03-16,16,3,2020,823,12,United_States_of_America,US,USA,327167434,3774,69,43,14,,
2020-03-17,17,3,2020,887,16,United_States_of_America,US,USA,327167434,4661,85,44,15,,
2020-03-18,18,3,2020,1766,23,United_States_of_America,US,USA,327167434,6427,108,45,16,,
2020-03-19,19,3,2020,2988,42,United_States_of_America,US,USA,327167434,9415,150,46,17,,
2020-03-20,20,3,2020,4835,0,United_States_of_America,US,USA,327167434,14250,150,47,18,,
2020-03-21,21,3,2020,5374,110,United_States_of_America,US,USA,327167434,19624,260,48,19,,
2020-03-22,22,3,2020,7123,80,United_States_of_America,US,USA,327167434,26747,340,49,20,,
2020-03-23,23,3,2020,8459,131,United_States_of_America,US,USA,327167434,35206,471,50,21,,
2020-03-24,24,3,2020,11236,119,United_States_of_America,US,USA,327167434,46442,590,51,22,,
2020-03-25,25,3,2020,8789,211,United_States_of_America,US,USA,327167434,55231,801,52,23,,
2020-03-26,26,3,2020,13963,249,United_States_of_America,US,USA,327167434,69194,1050,53,24,,
2020-03-27,27,3,2020,16797,246,United_States_of_America,US,USA,327167434,85991,1296,54,25,,
2020-03-28,28,3,2020,18695,411,United_States_of_America,US,USA,327167434,104686,1707,55,26,,
2020-03-29,29,3,2020,19979,484,United_States_of_America,US,USA,327167434,124665,2191,56,27,,
2020-03-30,30,3,2020,18360,318,United_States_of_America,US,USA,327167434,143025,2509,57,28,,
2020-03-31,31,3,2020,21595,661,United_States_of_America,US,USA,327167434,164620,3170,58,29,,
2020-04-01,1,4,2020,24998,909,United_States_of_America,US,USA,327167434,189618,4079,59,30,,
2020-04-02,2,4,2020,27103,1059,United_States_of_America,US,USA,327167434,216721,5138,60,31,,
2020-04-03,3,4,2020,28819,915,United_States_of_America,US,USA,327167434,245540,6053,61,32,,
2020-04-04,4,4,2020,32425,1104,United_States_of_America,US,USA,327167434,277965,7157,62,33,,
2020-04-05,5,4,2020,34272,1344,United_States_of_America,US,USA,327167434,312237,8501,63,34,,
2020-04-06,6,4,2020,25398,1146,United_States_of_America,US,USA,327167434,337635,9647,64,35,,
,,,,,,,,,,,,,,,